hour,day,weather,event,crowd_risk
22,Monday,Clear,Festival,66
14,Friday,Cloudy,Sports,68
7,Thursday,Rain,NoEvent,43
11,Monday,Rain,Festival,46
5,Tuesday,Rain,Festival,43
12,Saturday,Rain,Concert,72
12,Friday,Cloudy,Sports,52
2,Saturday,Rain,Concert,70
17,Friday,Clear,Festival,87
19,Friday,Rain,Sports,76
19,Thursday,Clear,Concert,82
14,Friday,Cloudy,NoEvent,58
17,Saturday,Clear,Sports,100
16,Friday,Clear,Concert,66
2,Wednesday,Clear,Sports,56
14,Friday,Clear,NoEvent,61
22,Sunday,Rain,Festival,61
1,Tuesday,Rain,NoEvent,48
14,Tuesday,Rain,Festival,56
2,Friday,Rain,Concert,44
7,Tuesday,Clear,Festival,54
17,Wednesday,Clear,NoEvent,90
0,Tuesday,Clear,Festival,65
8,Wednesday,Clear,Sports,70
14,Thursday,Rain,Sports,40
5,Thursday,Cloudy,Festival,62
6,Saturday,Rain,Sports,66
21,Saturday,Clear,Sports,97
22,Tuesday,Cloudy,Sports,61
17,Monday,Clear,Festival,73
11,Wednesday,Clear,Festival,58
20,Saturday,Rain,Festival,81
21,Wednesday,Cloudy,Sports,81
16,Sunday,Clear,Festival,70
14,Sunday,Clear,NoEvent,88
11,Sunday,Cloudy,NoEvent,82
18,Wednesday,Rain,Festival,76
3,Wednesday,Rain,Festival,40
20,Tuesday,Rain,Concert,69
12,Saturday,Clear,Concert,88
0,Thursday,Cloudy,NoEvent,50
20,Tuesday,Clear,NoEvent,78
7,Sunday,Cloudy,NoEvent,77
5,Wednesday,Clear,NoEvent,62
14,Sunday,Clear,Concert,74
2,Friday,Cloudy,Festival,62
11,Friday,Rain,NoEvent,44
4,Friday,Cloudy,NoEvent,55
17,Sunday,Rain,NoEvent,84
13,Tuesday,Cloudy,Concert,60
6,Wednesday,Clear,Concert,70
22,Thursday,Rain,NoEvent,47
0,Thursday,Clear,Sports,58
19,Sunday,Clear,Sports,100
8,Wednesday,Clear,Sports,67
9,Thursday,Rain,Sports,42
18,Sunday,Rain,Festival,99
1,Sunday,Rain,Sports,78
21,Thursday,Rain,NoEvent,62
14,Wednesday,Cloudy,NoEvent,68
14,Tuesday,Cloudy,NoEvent,52
4,Friday,Rain,Sports,58
20,Sunday,Cloudy,NoEvent,99
19,Monday,Cloudy,NoEvent,86
1,Thursday,Rain,Sports,58
1,Monday,Cloudy,Sports,58
21,Monday,Clear,Festival,71
0,Monday,Rain,NoEvent,53
16,Sunday,Cloudy,Concert,81
15,Saturday,Clear,NoEvent,79
8,Wednesday,Clear,NoEvent,57
16,Friday,Clear,Concert,58
15,Saturday,Rain,NoEvent,78
17,Saturday,Cloudy,NoEvent,100
1,Sunday,Cloudy,Sports,86
11,Wednesday,Rain,Concert,43
21,Friday,Rain,Festival,79
12,Wednesday,Rain,Festival,52
15,Thursday,Cloudy,NoEvent,56
19,Friday,Rain,Sports,77
19,Saturday,Rain,Festival,90
6,Thursday,Clear,NoEvent,59
21,Friday,Rain,Festival,75
18,Wednesday,Rain,Sports,67
21,Wednesday,Clear,NoEvent,90
15,Sunday,Clear,Festival,82
8,Sunday,Clear,Sports,79
2,Friday,Clear,Festival,64
14,Friday,Cloudy,Festival,64
8,Wednesday,Rain,Sports,56
17,Monday,Rain,NoEvent,65
16,Wednesday,Rain,Festival,56
21,Tuesday,Cloudy,Concert,70
21,Monday,Clear,Sports,80
0,Wednesday,Rain,Sports,54
5,Saturday,Rain,Festival,75
3,Friday,Cloudy,Sports,66
11,Wednesday,Clear,Concert,62
2,Saturday,Clear,Concert,87
14,Tuesday,Clear,Concert,70
18,Thursday,Rain,NoEvent,76
15,Saturday,Rain,Festival,69
9,Wednesday,Clear,Festival,68
1,Thursday,Cloudy,NoEvent,55
22,Thursday,Clear,NoEvent,56
23,Monday,Cloudy,NoEvent,57
15,Tuesday,Clear,Concert,55
15,Saturday,Cloudy,NoEvent,76
9,Saturday,Rain,Sports,60
2,Tuesday,Clear,NoEvent,67
1,Tuesday,Cloudy,NoEvent,54
0,Tuesday,Cloudy,Concert,70
23,Sunday,Rain,NoEvent,62
15,Wednesday,Clear,Concert,55
20,Wednesday,Rain,Concert,73
6,Wednesday,Cloudy,Concert,58
14,Friday,Clear,Festival,62
15,Saturday,Cloudy,Festival,81
11,Friday,Cloudy,NoEvent,63
8,Wednesday,Rain,NoEvent,52
7,Friday,Rain,NoEvent,52
13,Tuesday,Clear,Festival,52
9,Friday,Cloudy,Festival,59
19,Sunday,Clear,Sports,100
15,Wednesday,Rain,Concert,52
5,Friday,Clear,Festival,67
16,Thursday,Clear,NoEvent,51
0,Monday,Rain,Concert,44
8,Thursday,Cloudy,Festival,51
3,Wednesday,Cloudy,Concert,50
23,Wednesday,Clear,NoEvent,68
20,Thursday,Cloudy,Concert,78
6,Saturday,Rain,NoEvent,63
12,Thursday,Cloudy,Sports,61
17,Monday,Clear,Festival,83
0,Monday,Cloudy,Sports,60
14,Monday,Cloudy,Concert,67
13,Tuesday,Rain,NoEvent,54
8,Tuesday,Cloudy,Festival,54
17,Sunday,Cloudy,Concert,97
10,Wednesday,Clear,Concert,66
4,Monday,Rain,NoEvent,52
10,Sunday,Clear,Festival,88
0,Tuesday,Rain,NoEvent,40
20,Friday,Clear,Festival,78
21,Friday,Clear,Sports,74
15,Sunday,Rain,Festival,79
14,Monday,Rain,Festival,46
12,Thursday,Rain,Concert,50
1,Thursday,Cloudy,Sports,67
13,Thursday,Rain,NoEvent,59
16,Saturday,Clear,Festival,78
15,Sunday,Clear,Sports,90
20,Friday,Cloudy,Festival,78
5,Friday,Rain,Sports,40
23,Thursday,Cloudy,Festival,55
19,Saturday,Clear,Festival,97
23,Friday,Cloudy,Concert,67
19,Friday,Cloudy,Concert,79
10,Monday,Rain,Concert,60
0,Sunday,Cloudy,NoEvent,89
10,Sunday,Rain,NoEvent,75
9,Friday,Clear,Sports,68
14,Thursday,Rain,Concert,42
17,Thursday,Rain,Concert,74
19,Sunday,Clear,Concert,100
19,Monday,Rain,Concert,73
20,Friday,Rain,NoEvent,72
8,Friday,Cloudy,Sports,70
7,Wednesday,Rain,Sports,44
11,Saturday,Clear,NoEvent,79
13,Monday,Cloudy,NoEvent,64
1,Friday,Clear,Sports,68
1,Tuesday,Cloudy,Sports,57
2,Wednesday,Cloudy,Sports,67
18,Tuesday,Clear,NoEvent,78
1,Saturday,Clear,Festival,75
14,Sunday,Clear,Concert,85
3,Tuesday,Clear,Festival,50
17,Monday,Cloudy,Sports,74
16,Sunday,Rain,NoEvent,65
5,Friday,Clear,NoEvent,64
11,Thursday,Clear,Concert,69
16,Sunday,Cloudy,NoEvent,81
9,Tuesday,Cloudy,Sports,53
16,Monday,Cloudy,Sports,66
1,Sunday,Cloudy,Sports,86
16,Monday,Clear,Sports,66
11,Tuesday,Rain,NoEvent,57
10,Friday,Cloudy,Concert,54
8,Tuesday,Clear,Festival,65
4,Thursday,Cloudy,Sports,51
22,Thursday,Cloudy,Sports,63
7,Monday,Cloudy,Concert,51
12,Saturday,Clear,NoEvent,87
7,Sunday,Rain,Sports,64
4,Sunday,Cloudy,Concert,81
20,Monday,Clear,NoEvent,71
17,Tuesday,Cloudy,Concert,72
6,Sunday,Cloudy,Sports,89
2,Sunday,Cloudy,Sports,71
0,Wednesday,Clear,NoEvent,60
22,Tuesday,Rain,Sports,52
16,Tuesday,Cloudy,Sports,56
17,Tuesday,Clear,Festival,82
18,Friday,Clear,NoEvent,70
23,Saturday,Cloudy,Sports,74
2,Sunday,Cloudy,Festival,75
0,Thursday,Clear,Concert,62
4,Tuesday,Cloudy,Festival,68
11,Wednesday,Clear,Concert,64
13,Monday,Clear,NoEvent,64
22,Wednesday,Clear,Festival,56
21,Thursday,Cloudy,Sports,82
7,Monday,Rain,Sports,40
1,Thursday,Rain,Festival,45
16,Sunday,Rain,NoEvent,74
2,Tuesday,Cloudy,Festival,51
1,Friday,Rain,Concert,40
5,Tuesday,Cloudy,Festival,60
11,Sunday,Rain,Sports,77
12,Saturday,Cloudy,Festival,82
5,Thursday,Cloudy,Concert,65
14,Sunday,Clear,Sports,74
4,Thursday,Rain,Sports,44
0,Wednesday,Clear,Festival,66
10,Friday,Cloudy,Concert,61
16,Monday,Clear,Concert,51
19,Wednesday,Rain,Festival,60
7,Friday,Clear,Concert,68
1,Saturday,Clear,NoEvent,80
11,Sunday,Clear,NoEvent,77
3,Thursday,Rain,Sports,55
2,Monday,Clear,Concert,68
2,Thursday,Clear,Festival,58
19,Wednesday,Clear,Festival,81
4,Monday,Cloudy,Sports,60
8,Friday,Rain,NoEvent,58
17,Wednesday,Clear,NoEvent,76
13,Friday,Clear,Sports,67
4,Wednesday,Rain,Festival,46
12,Saturday,Rain,Sports,75
14,Saturday,Clear,NoEvent,73
11,Tuesday,Rain,Festival,51
5,Saturday,Rain,Concert,60
7,Thursday,Clear,Concert,59
18,Thursday,Clear,Festival,85
17,Sunday,Rain,NoEvent,95
7,Wednesday,Rain,Concert,49
20,Saturday,Cloudy,Concert,93
17,Saturday,Clear,Festival,98
0,Tuesday,Clear,Concert,56
21,Wednesday,Rain,Sports,74
8,Thursday,Clear,NoEvent,64
8,Monday,Rain,Concert,44
15,Thursday,Cloudy,Concert,56
2,Friday,Rain,NoEvent,42
23,Thursday,Rain,Concert,46
2,Tuesday,Cloudy,Concert,54
7,Sunday,Rain,NoEvent,72
2,Tuesday,Clear,NoEvent,53
4,Saturday,Cloudy,Concert,87
14,Thursday,Cloudy,Festival,67
21,Tuesday,Rain,Festival,67
13,Thursday,Rain,Festival,40
8,Friday,Rain,Festival,52
14,Wednesday,Cloudy,Concert,51
17,Tuesday,Cloudy,Sports,77
3,Friday,Rain,Concert,41
19,Thursday,Cloudy,Concert,83
10,Thursday,Rain,Festival,54
16,Monday,Cloudy,NoEvent,64
14,Sunday,Cloudy,Sports,80
20,Saturday,Clear,Festival,100
1,Sunday,Cloudy,Concert,75
21,Friday,Cloudy,Concert,77
11,Tuesday,Clear,Concert,67
18,Tuesday,Rain,Festival,73
16,Thursday,Cloudy,Concert,70
0,Saturday,Rain,Sports,73
23,Saturday,Cloudy,Concert,79
15,Sunday,Clear,Festival,75
20,Saturday,Clear,Sports,91
6,Monday,Clear,Festival,53
7,Saturday,Clear,Festival,71
14,Monday,Cloudy,Concert,59
9,Wednesday,Clear,Festival,70
10,Tuesday,Cloudy,NoEvent,52
23,Friday,Clear,Concert,70
0,Tuesday,Clear,Festival,70
17,Monday,Rain,Festival,68
10,Wednesday,Cloudy,NoEvent,70
11,Saturday,Clear,Festival,80
12,Monday,Clear,Festival,50
18,Sunday,Cloudy,Sports,93
19,Friday,Clear,Concert,71
20,Sunday,Rain,Sports,99
18,Sunday,Cloudy,Festival,92
18,Wednesday,Cloudy,Festival,81
10,Tuesday,Cloudy,Sports,68
2,Tuesday,Rain,NoEvent,41
11,Friday,Cloudy,Sports,59
6,Thursday,Cloudy,Concert,52
0,Tuesday,Rain,Festival,43
22,Tuesday,Rain,Sports,43
20,Sunday,Cloudy,Sports,100
16,Tuesday,Cloudy,Sports,52
6,Monday,Rain,NoEvent,56
13,Thursday,Clear,Sports,55
21,Friday,Rain,Sports,63
19,Saturday,Rain,Festival,94
23,Monday,Cloudy,Festival,68
7,Thursday,Clear,Concert,54
16,Wednesday,Clear,Concert,70
16,Thursday,Rain,Festival,44
10,Sunday,Rain,Concert,67
6,Wednesday,Clear,NoEvent,70
4,Sunday,Rain,Sports,71
19,Tuesday,Rain,Concert,73
21,Thursday,Clear,Festival,76
21,Monday,Cloudy,Festival,81
4,Sunday,Cloudy,Festival,75
2,Sunday,Rain,NoEvent,72
16,Saturday,Cloudy,Concert,74
11,Saturday,Rain,Concert,74
21,Tuesday,Rain,Sports,72
5,Monday,Clear,Festival,57
1,Saturday,Cloudy,Sports,87
13,Thursday,Rain,Sports,45
6,Wednesday,Clear,Sports,69
11,Thursday,Clear,Festival,55
2,Thursday,Cloudy,Sports,58
14,Friday,Clear,Festival,56
7,Friday,Rain,Festival,41
17,Sunday,Clear,Concert,100
13,Saturday,Clear,NoEvent,85
6,Monday,Rain,NoEvent,45
14,Thursday,Clear,Concert,52
22,Sunday,Cloudy,Festival,84
6,Sunday,Cloudy,Sports,87
10,Saturday,Clear,Sports,75
1,Saturday,Rain,NoEvent,78
20,Saturday,Clear,Sports,90
22,Thursday,Clear,Festival,65
5,Saturday,Cloudy,NoEvent,70
6,Wednesday,Rain,Concert,59
10,Friday,Cloudy,Festival,60
13,Monday,Clear,Sports,63
1,Sunday,Rain,NoEvent,68
9,Friday,Rain,Festival,47
12,Thursday,Clear,Concert,67
19,Saturday,Clear,Concert,95
12,Sunday,Rain,NoEvent,65
6,Thursday,Clear,NoEvent,51
9,Monday,Cloudy,Festival,62
19,Tuesday,Rain,Festival,67
3,Sunday,Rain,NoEvent,61
14,Sunday,Rain,Festival,78
13,Saturday,Rain,Sports,77
6,Friday,Rain,NoEvent,40
15,Wednesday,Cloudy,Festival,54
15,Saturday,Rain,Sports,66
14,Tuesday,Cloudy,NoEvent,51
13,Tuesday,Clear,Sports,70
6,Friday,Clear,Concert,64
23,Wednesday,Rain,NoEvent,53
15,Thursday,Clear,NoEvent,52
16,Tuesday,Rain,Sports,44
9,Thursday,Cloudy,Festival,57
14,Wednesday,Clear,Sports,70
7,Saturday,Cloudy,Festival,87
22,Thursday,Clear,Festival,66
12,Friday,Clear,Festival,51
13,Saturday,Rain,Concert,71
23,Thursday,Cloudy,Sports,70
16,Tuesday,Rain,Festival,40
12,Tuesday,Rain,Concert,42
21,Wednesday,Rain,Sports,77
3,Saturday,Clear,Sports,85
18,Saturday,Rain,NoEvent,92
12,Tuesday,Rain,NoEvent,50
8,Monday,Clear,Festival,50
18,Tuesday,Rain,NoEvent,62
8,Wednesday,Clear,Festival,62
11,Sunday,Clear,Sports,72
19,Tuesday,Clear,Festival,73
23,Thursday,Cloudy,NoEvent,56
6,Monday,Rain,NoEvent,56
5,Saturday,Cloudy,Sports,85
16,Tuesday,Cloudy,Concert,51
1,Wednesday,Rain,Concert,40
23,Sunday,Rain,Concert,79
5,Wednesday,Clear,Sports,70
16,Wednesday,Clear,NoEvent,68
19,Saturday,Rain,Sports,95
7,Wednesday,Clear,Festival,59
14,Saturday,Rain,NoEvent,63
18,Friday,Rain,NoEvent,80
18,Wednesday,Rain,Concert,74
14,Tuesday,Rain,Sports,53
16,Tuesday,Clear,NoEvent,68
10,Tuesday,Cloudy,Festival,60
2,Tuesday,Rain,NoEvent,51
5,Thursday,Rain,NoEvent,49
7,Friday,Rain,Sports,40
23,Friday,Clear,Concert,68
11,Saturday,Rain,NoEvent,61
6,Thursday,Cloudy,Festival,50
6,Tuesday,Clear,NoEvent,54
22,Wednesday,Rain,NoEvent,58
10,Wednesday,Clear,Sports,68
10,Monday,Cloudy,Concert,65
18,Sunday,Clear,NoEvent,97
14,Saturday,Clear,Festival,80
18,Friday,Clear,NoEvent,82
2,Tuesday,Clear,Festival,58
7,Friday,Rain,Festival,56
1,Monday,Clear,NoEvent,59
14,Friday,Clear,NoEvent,56
12,Thursday,Cloudy,NoEvent,64
15,Monday,Rain,Sports,56
4,Friday,Cloudy,Sports,57
23,Saturday,Rain,Sports,63
19,Sunday,Clear,NoEvent,100
10,Friday,Rain,Sports,43
6,Thursday,Clear,Concert,65
8,Sunday,Rain,Festival,77
7,Monday,Clear,NoEvent,60
23,Wednesday,Clear,Sports,70
16,Sunday,Clear,Sports,85
13,Sunday,Cloudy,Concert,80
4,Tuesday,Clear,NoEvent,65
20,Wednesday,Cloudy,Festival,71
7,Saturday,Cloudy,NoEvent,84
12,Sunday,Cloudy,NoEvent,74
20,Thursday,Rain,Concert,66
20,Saturday,Cloudy,Sports,100
7,Wednesday,Cloudy,Sports,56
15,Sunday,Cloudy,Sports,86
1,Saturday,Rain,Concert,61
4,Tuesday,Cloudy,Sports,65
7,Wednesday,Cloudy,Festival,53
16,Monday,Cloudy,Festival,62
18,Monday,Clear,NoEvent,78
18,Sunday,Clear,Concert,100
14,Tuesday,Clear,Festival,53
6,Friday,Rain,Sports,50
7,Monday,Rain,Concert,58
17,Monday,Rain,Festival,74
9,Thursday,Rain,Sports,44
19,Wednesday,Rain,NoEvent,73
13,Saturday,Cloudy,Festival,88
10,Tuesday,Rain,NoEvent,52
10,Tuesday,Cloudy,Sports,58
0,Saturday,Clear,Concert,80
19,Sunday,Clear,Concert,100
22,Saturday,Rain,Sports,77
1,Saturday,Cloudy,Sports,78
4,Thursday,Clear,Concert,58
18,Friday,Cloudy,Festival,79
1,Saturday,Rain,Festival,78
0,Monday,Cloudy,Sports,61
20,Saturday,Clear,Festival,100
19,Friday,Clear,Festival,76
4,Wednesday,Clear,Sports,53
15,Friday,Clear,NoEvent,67
18,Saturday,Rain,Sports,98
19,Monday,Clear,Festival,75
19,Sunday,Clear,Sports,100
4,Wednesday,Clear,NoEvent,53
11,Sunday,Clear,NoEvent,74
2,Tuesday,Rain,Sports,48
9,Tuesday,Rain,Festival,52
15,Saturday,Cloudy,Concert,81
5,Friday,Rain,Concert,51
16,Saturday,Clear,Sports,84
18,Tuesday,Clear,NoEvent,70
21,Monday,Rain,Sports,67
15,Tuesday,Rain,Concert,52
5,Tuesday,Clear,Concert,67
1,Sunday,Cloudy,Festival,79
8,Friday,Rain,Concert,53
22,Friday,Cloudy,Festival,59
15,Tuesday,Clear,NoEvent,61
22,Tuesday,Clear,NoEvent,53
7,Friday,Cloudy,Concert,59
9,Wednesday,Rain,Festival,46
3,Friday,Rain,Festival,47
20,Saturday,Cloudy,NoEvent,100
21,Monday,Rain,Sports,75
15,Tuesday,Cloudy,Sports,50
9,Friday,Rain,Festival,59
2,Friday,Rain,Concert,44
7,Friday,Rain,Festival,54
1,Tuesday,Cloudy,NoEvent,57
6,Thursday,Cloudy,Sports,50
20,Friday,Cloudy,Concert,74
2,Saturday,Clear,Sports,76
21,Thursday,Clear,Sports,84
9,Monday,Rain,Sports,45
3,Sunday,Clear,Sports,74
11,Wednesday,Rain,Concert,41
17,Saturday,Rain,Sports,95
21,Tuesday,Rain,Concert,76
1,Saturday,Rain,Sports,65
2,Thursday,Cloudy,Sports,57
18,Saturday,Rain,Concert,95
6,Saturday,Rain,Sports,69
9,Tuesday,Rain,Concert,58
17,Sunday,Rain,Concert,93
15,Thursday,Rain,Concert,44
3,Sunday,Rain,Sports,80
8,Tuesday,Clear,Sports,68
11,Saturday,Rain,Concert,68
15,Thursday,Cloudy,Sports,67
4,Saturday,Rain,Festival,80
1,Saturday,Cloudy,NoEvent,75
4,Wednesday,Cloudy,Concert,68
13,Thursday,Cloudy,NoEvent,70
14,Thursday,Rain,Concert,50
16,Wednesday,Cloudy,Festival,57
23,Wednesday,Clear,Sports,55
12,Saturday,Clear,Festival,79
3,Saturday,Clear,NoEvent,89
22,Tuesday,Cloudy,NoEvent,61
23,Friday,Cloudy,Festival,69
14,Friday,Clear,Sports,51
6,Sunday,Rain,Concert,64
22,Thursday,Clear,NoEvent,67
2,Wednesday,Clear,Sports,50
16,Thursday,Rain,Concert,49
9,Friday,Cloudy,Festival,52
15,Saturday,Rain,Sports,69
6,Monday,Clear,NoEvent,64
22,Thursday,Rain,Festival,45
2,Monday,Rain,Festival,48
1,Monday,Cloudy,Festival,51
10,Tuesday,Cloudy,NoEvent,59
16,Thursday,Clear,NoEvent,64
14,Tuesday,Clear,Sports,52
15,Tuesday,Rain,NoEvent,58
9,Saturday,Rain,Festival,70
7,Sunday,Rain,NoEvent,76
19,Saturday,Cloudy,Sports,100
9,Wednesday,Rain,NoEvent,41
12,Thursday,Clear,Festival,67
1,Friday,Clear,NoEvent,70
22,Monday,Rain,NoEvent,44
10,Wednesday,Rain,NoEvent,52
14,Monday,Clear,Sports,61
20,Sunday,Clear,Sports,100
7,Sunday,Cloudy,NoEvent,78
23,Wednesday,Clear,Festival,69
4,Thursday,Rain,Sports,43
20,Tuesday,Rain,Sports,70
10,Monday,Cloudy,Festival,65
3,Friday,Clear,Festival,59
15,Monday,Rain,Sports,59
19,Saturday,Rain,Festival,96
13,Friday,Rain,NoEvent,57
15,Monday,Cloudy,NoEvent,56
8,Wednesday,Cloudy,Sports,57
15,Sunday,Rain,NoEvent,62
20,Sunday,Rain,Festival,85
20,Monday,Rain,NoEvent,62
18,Sunday,Rain,NoEvent,99
19,Tuesday,Cloudy,NoEvent,82
6,Friday,Rain,Sports,40
0,Tuesday,Rain,Concert,51
21,Monday,Clear,NoEvent,76
7,Sunday,Rain,Sports,67
0,Friday,Clear,Festival,52
14,Friday,Cloudy,Sports,59
20,Saturday,Cloudy,Festival,99
18,Tuesday,Rain,Concert,68
21,Friday,Clear,Concert,72
14,Sunday,Cloudy,Sports,70
16,Saturday,Rain,Festival,80
9,Wednesday,Clear,NoEvent,69
11,Sunday,Clear,Sports,90
2,Saturday,Rain,NoEvent,63
12,Sunday,Cloudy,Concert,70
3,Wednesday,Cloudy,Concert,62
22,Friday,Cloudy,Festival,51
11,Tuesday,Rain,NoEvent,54
8,Friday,Rain,Festival,44
22,Sunday,Cloudy,Sports,88
18,Tuesday,Clear,Concert,89
2,Sunday,Clear,Festival,87
19,Sunday,Cloudy,Festival,100
10,Tuesday,Clear,Festival,61
22,Monday,Cloudy,NoEvent,56
18,Thursday,Rain,NoEvent,76
10,Sunday,Clear,Festival,89
0,Thursday,Clear,NoEvent,55
6,Thursday,Clear,Concert,59
1,Tuesday,Cloudy,Sports,64
1,Tuesday,Rain,Concert,58
0,Tuesday,Cloudy,Sports,52
7,Thursday,Cloudy,Concert,63
12,Monday,Clear,Festival,59
6,Thursday,Cloudy,Concert,59
18,Wednesday,Cloudy,Festival,87
5,Sunday,Clear,Concert,79
8,Saturday,Rain,Concert,68
14,Tuesday,Clear,Festival,55
19,Monday,Rain,Festival,64
3,Sunday,Rain,Festival,74
2,Thursday,Cloudy,NoEvent,54
11,Thursday,Rain,NoEvent,60
0,Thursday,Rain,NoEvent,54
4,Saturday,Clear,NoEvent,86
0,Wednesday,Cloudy,Sports,70
19,Monday,Clear,Concert,73
14,Thursday,Clear,Festival,68
9,Saturday,Clear,Festival,85
13,Monday,Clear,Sports,66
1,Wednesday,Cloudy,Concert,56
23,Saturday,Cloudy,Concert,71
16,Saturday,Clear,Festival,71
10,Wednesday,Clear,Concert,70
17,Tuesday,Clear,NoEvent,70
14,Saturday,Cloudy,Festival,76
21,Friday,Cloudy,Concert,71
21,Wednesday,Rain,Festival,75
17,Friday,Cloudy,Sports,76
9,Thursday,Rain,Concert,44
10,Sunday,Cloudy,Festival,71
11,Saturday,Rain,NoEvent,65
8,Tuesday,Clear,Sports,53
10,Sunday,Clear,Concert,74
16,Sunday,Cloudy,NoEvent,74
10,Thursday,Rain,Sports,43
23,Sunday,Clear,Festival,90
4,Saturday,Cloudy,Sports,71
11,Monday,Cloudy,Sports,58
13,Monday,Clear,Concert,51
4,Friday,Clear,Festival,60
15,Tuesday,Cloudy,Sports,69
15,Wednesday,Cloudy,Sports,63
10,Friday,Cloudy,NoEvent,67
22,Friday,Cloudy,Festival,62
7,Saturday,Clear,Concert,82
0,Monday,Cloudy,Festival,65
14,Wednesday,Rain,Festival,53
9,Monday,Clear,Festival,60
4,Monday,Rain,NoEvent,59
19,Tuesday,Rain,Sports,71
1,Saturday,Clear,Sports,87
16,Thursday,Rain,Sports,59
15,Thursday,Rain,Festival,58
13,Friday,Clear,Sports,67
22,Tuesday,Rain,NoEvent,45
17,Wednesday,Rain,Sports,75
0,Friday,Rain,NoEvent,49
19,Monday,Rain,Concert,75
1,Wednesday,Rain,Sports,48
21,Saturday,Rain,Sports,93
9,Wednesday,Clear,Sports,62
17,Monday,Clear,Sports,84
15,Saturday,Clear,Festival,90
19,Sunday,Rain,Sports,94
1,Thursday,Clear,NoEvent,52
18,Monday,Cloudy,Sports,72
10,Friday,Clear,Sports,66
3,Thursday,Cloudy,NoEvent,52
18,Friday,Rain,Festival,61
10,Saturday,Clear,NoEvent,74
1,Saturday,Cloudy,Sports,81
0,Sunday,Cloudy,Festival,76
7,Thursday,Clear,NoEvent,60
18,Tuesday,Cloudy,NoEvent,90
12,Saturday,Cloudy,NoEvent,73
23,Wednesday,Rain,Sports,58
17,Monday,Rain,Concert,77
16,Friday,Clear,NoEvent,53
21,Monday,Cloudy,Festival,84
2,Sunday,Rain,Sports,69
14,Monday,Clear,Concert,57
19,Thursday,Cloudy,Festival,89
23,Tuesday,Clear,Concert,58
14,Sunday,Cloudy,Festival,80
17,Friday,Cloudy,NoEvent,77
1,Monday,Rain,Festival,47
15,Friday,Clear,Sports,56
11,Sunday,Cloudy,Concert,73
0,Friday,Cloudy,Festival,62
3,Thursday,Cloudy,Concert,64
0,Thursday,Cloudy,NoEvent,65
11,Wednesday,Rain,Sports,43
16,Thursday,Rain,Sports,42
2,Wednesday,Rain,Sports,52
5,Wednesday,Clear,NoEvent,68
9,Saturday,Cloudy,Sports,80
5,Saturday,Rain,Sports,63
10,Monday,Clear,NoEvent,66
0,Saturday,Cloudy,Concert,82
14,Friday,Cloudy,Festival,53
13,Wednesday,Rain,Festival,42
6,Tuesday,Clear,NoEvent,58
15,Saturday,Cloudy,Concert,83
7,Thursday,Rain,Festival,60
16,Sunday,Cloudy,Concert,73
8,Saturday,Rain,Concert,65
17,Monday,Clear,Festival,82
3,Friday,Cloudy,Festival,70
21,Monday,Clear,NoEvent,90
6,Saturday,Rain,Concert,72
2,Saturday,Rain,Concert,68
1,Sunday,Cloudy,Festival,84
2,Wednesday,Cloudy,Festival,59
0,Sunday,Rain,NoEvent,75
9,Monday,Clear,Concert,62
18,Friday,Cloudy,Concert,79
17,Tuesday,Cloudy,Festival,85
0,Thursday,Rain,Sports,51
6,Thursday,Rain,Sports,56
18,Saturday,Clear,Festival,100
22,Saturday,Rain,NoEvent,64
7,Sunday,Rain,NoEvent,61
8,Thursday,Rain,Sports,48
13,Wednesday,Cloudy,NoEvent,56
17,Monday,Cloudy,Festival,83
4,Tuesday,Clear,NoEvent,50
14,Thursday,Clear,Concert,56
15,Sunday,Rain,Concert,67
18,Friday,Clear,Concert,77
18,Sunday,Rain,Sports,88
5,Friday,Cloudy,Concert,54
10,Monday,Cloudy,Concert,63
15,Thursday,Clear,NoEvent,55
0,Saturday,Rain,Festival,72
11,Wednesday,Rain,Concert,41
10,Wednesday,Clear,Concert,55
1,Tuesday,Rain,Sports,49
15,Monday,Clear,Sports,56
22,Friday,Rain,Concert,50
8,Monday,Cloudy,Sports,51
13,Friday,Clear,NoEvent,68
18,Monday,Clear,Festival,87
15,Thursday,Cloudy,Festival,68
4,Saturday,Cloudy,Festival,90
20,Thursday,Rain,Festival,80
16,Thursday,Rain,Festival,60
16,Friday,Rain,Concert,57
17,Monday,Clear,NoEvent,90
21,Saturday,Clear,Sports,94
21,Tuesday,Clear,Concert,73
2,Thursday,Clear,NoEvent,57
3,Tuesday,Cloudy,Festival,54
20,Saturday,Rain,Festival,100
14,Thursday,Cloudy,NoEvent,69
4,Tuesday,Rain,NoEvent,46
6,Saturday,Rain,Festival,67
15,Friday,Cloudy,Concert,59
19,Thursday,Rain,Concert,73
2,Sunday,Rain,Festival,66
22,Sunday,Rain,Sports,68
1,Monday,Cloudy,Festival,55
7,Tuesday,Rain,Festival,45
16,Friday,Clear,Concert,53
0,Tuesday,Cloudy,Festival,54
14,Thursday,Rain,Concert,46
7,Thursday,Cloudy,Concert,67
14,Saturday,Rain,Concert,68
3,Saturday,Clear,Sports,78
10,Sunday,Clear,NoEvent,75
9,Thursday,Clear,Sports,51
18,Saturday,Rain,Sports,89
17,Monday,Rain,Festival,73
23,Saturday,Cloudy,Sports,81
4,Friday,Cloudy,Concert,66
12,Friday,Cloudy,NoEvent,69
4,Saturday,Rain,NoEvent,65
5,Saturday,Clear,Sports,85
10,Friday,Cloudy,Festival,68
8,Tuesday,Rain,NoEvent,44
19,Friday,Cloudy,Sports,82
22,Thursday,Rain,Concert,48
7,Tuesday,Cloudy,Concert,68
9,Sunday,Rain,NoEvent,80
5,Tuesday,Rain,Concert,59
8,Monday,Cloudy,Festival,54
23,Tuesday,Cloudy,Festival,58
1,Saturday,Clear,Sports,88
12,Sunday,Cloudy,Concert,79
12,Saturday,Cloudy,Sports,78
20,Sunday,Clear,NoEvent,100
14,Sunday,Cloudy,NoEvent,90
14,Thursday,Rain,NoEvent,42
3,Friday,Clear,Sports,62
16,Saturday,Cloudy,NoEvent,85
1,Monday,Rain,Sports,56
21,Thursday,Rain,Sports,77
22,Friday,Clear,NoEvent,59
16,Friday,Rain,Festival,56
6,Tuesday,Clear,NoEvent,51
2,Thursday,Cloudy,Festival,64
23,Wednesday,Cloudy,NoEvent,64
13,Saturday,Rain,NoEvent,80
21,Tuesday,Rain,NoEvent,76
0,Saturday,Rain,Sports,60
20,Tuesday,Clear,Festival,81
1,Monday,Cloudy,NoEvent,53
19,Monday,Clear,Sports,76
21,Tuesday,Clear,Festival,90
0,Tuesday,Clear,Concert,64
10,Saturday,Clear,Concert,88
23,Thursday,Rain,NoEvent,44
16,Sunday,Clear,Concert,87
1,Sunday,Cloudy,Sports,81
3,Wednesday,Clear,Festival,57
6,Tuesday,Cloudy,Concert,56
20,Wednesday,Clear,Festival,80
6,Saturday,Rain,Festival,75
15,Tuesday,Cloudy,Festival,64
11,Friday,Rain,Concert,43
4,Tuesday,Clear,NoEvent,55
21,Thursday,Rain,Festival,74
20,Tuesday,Rain,Festival,72
14,Tuesday,Rain,Sports,54
17,Friday,Clear,Festival,77
5,Friday,Cloudy,Sports,65
19,Saturday,Rain,Concert,82
6,Tuesday,Cloudy,Sports,53
16,Sunday,Clear,Concert,76
12,Monday,Clear,NoEvent,64
13,Saturday,Rain,NoEvent,65
14,Tuesday,Clear,NoEvent,68
7,Wednesday,Rain,Festival,51
22,Sunday,Rain,Sports,70
5,Sunday,Clear,Festival,90
21,Thursday,Clear,Concert,80
17,Monday,Cloudy,Sports,71
15,Sunday,Clear,NoEvent,72
16,Saturday,Cloudy,Concert,75
0,Tuesday,Cloudy,Sports,50
21,Saturday,Rain,Sports,81
9,Wednesday,Cloudy,Concert,56
0,Tuesday,Cloudy,Sports,57
13,Wednesday,Cloudy,Festival,58
21,Thursday,Clear,Sports,79
17,Tuesday,Rain,Concert,64
12,Monday,Cloudy,Festival,66
16,Sunday,Cloudy,Sports,83
3,Sunday,Clear,NoEvent,90
15,Friday,Clear,Concert,61
15,Tuesday,Cloudy,Sports,59
17,Sunday,Rain,NoEvent,100
1,Tuesday,Cloudy,Concert,50
2,Wednesday,Rain,Festival,40
12,Tuesday,Clear,Concert,57
8,Thursday,Rain,Concert,44
4,Tuesday,Rain,Sports,58
14,Friday,Cloudy,Concert,58
12,Thursday,Rain,NoEvent,60
11,Friday,Clear,Sports,68
21,Tuesday,Clear,Sports,75
5,Saturday,Rain,Concert,63
12,Thursday,Cloudy,Concert,67
1,Wednesday,Clear,Concert,51
19,Thursday,Rain,Festival,63
6,Saturday,Cloudy,Sports,86
19,Monday,Rain,Festival,62
21,Wednesday,Cloudy,Festival,87
0,Monday,Clear,Concert,53
21,Thursday,Cloudy,Concert,81
11,Sunday,Clear,Concert,72
19,Monday,Cloudy,Sports,88
0,Saturday,Cloudy,Concert,87
13,Friday,Clear,Sports,55
20,Thursday,Cloudy,NoEvent,89
0,Sunday,Cloudy,Concert,70
4,Thursday,Cloudy,Concert,68
22,Tuesday,Rain,Festival,41
3,Tuesday,Rain,Concert,55
20,Saturday,Rain,Sports,82
23,Sunday,Clear,NoEvent,84
13,Monday,Clear,Festival,61
22,Sunday,Clear,Sports,70
11,Monday,Clear,Sports,55
14,Wednesday,Rain,Sports,49
8,Sunday,Cloudy,Concert,90
19,Thursday,Cloudy,NoEvent,74
2,Sunday,Cloudy,Festival,75
12,Tuesday,Cloudy,Concert,64
6,Monday,Clear,Festival,69
4,Tuesday,Cloudy,Concert,51
17,Friday,Clear,NoEvent,70
16,Monday,Cloudy,Festival,70
13,Thursday,Cloudy,Festival,55
0,Saturday,Rain,Sports,60
4,Tuesday,Rain,Sports,49
5,Saturday,Clear,Festival,79
1,Saturday,Clear,NoEvent,84
0,Friday,Cloudy,Sports,56
15,Saturday,Clear,Concert,81
22,Sunday,Clear,Concert,77
20,Tuesday,Cloudy,Concert,85
4,Friday,Clear,NoEvent,66
9,Friday,Clear,Festival,69
22,Tuesday,Cloudy,Festival,66
13,Sunday,Rain,Concert,65
14,Tuesday,Rain,Sports,46
13,Wednesday,Clear,NoEvent,50
5,Thursday,Cloudy,Festival,50
0,Saturday,Clear,Festival,81
0,Friday,Rain,Concert,40
1,Saturday,Clear,Festival,81
17,Monday,Rain,Sports,79
6,Friday,Cloudy,Festival,56
22,Wednesday,Cloudy,Concert,53
1,Wednesday,Cloudy,Sports,63
2,Friday,Clear,NoEvent,62
3,Monday,Cloudy,NoEvent,55
4,Wednesday,Rain,Concert,40
22,Saturday,Cloudy,Festival,74
12,Monday,Rain,NoEvent,47
15,Monday,Rain,Concert,57
23,Friday,Cloudy,Concert,70
0,Saturday,Cloudy,Concert,75
8,Saturday,Cloudy,Concert,81
9,Saturday,Clear,Sports,85
15,Thursday,Rain,Concert,44
6,Sunday,Rain,NoEvent,71
2,Monday,Rain,Sports,57
22,Monday,Cloudy,Sports,62
16,Friday,Clear,Concert,50
1,Sunday,Cloudy,Concert,81
13,Monday,Clear,Sports,56
3,Friday,Clear,Sports,66
18,Thursday,Cloudy,Sports,76
22,Wednesday,Clear,Sports,52
17,Thursday,Clear,Concert,82
17,Wednesday,Cloudy,Sports,70
9,Thursday,Cloudy,Festival,50
7,Monday,Rain,Festival,42
1,Tuesday,Rain,Festival,40
1,Saturday,Clear,Concert,70
3,Wednesday,Clear,Festival,57
3,Wednesday,Cloudy,Concert,70
14,Friday,Cloudy,Festival,60
4,Tuesday,Rain,Festival,55
2,Tuesday,Cloudy,NoEvent,55
18,Tuesday,Rain,Concert,64
5,Wednesday,Clear,Concert,51
5,Tuesday,Rain,Sports,56
10,Saturday,Cloudy,Sports,71
5,Saturday,Rain,Sports,74
12,Thursday,Cloudy,NoEvent,63
1,Wednesday,Clear,NoEvent,62
1,Saturday,Cloudy,NoEvent,88
13,Sunday,Rain,Sports,60
1,Saturday,Cloudy,Sports,71
16,Sunday,Rain,Sports,73
2,Thursday,Cloudy,Festival,54
21,Wednesday,Cloudy,NoEvent,83
15,Saturday,Clear,NoEvent,81
18,Sunday,Rain,Concert,81
0,Tuesday,Clear,Festival,58
18,Monday,Clear,Concert,77
16,Friday,Rain,Festival,43
16,Tuesday,Clear,Festival,53
5,Sunday,Clear,Sports,84
6,Wednesday,Rain,Sports,59
11,Saturday,Rain,NoEvent,74
14,Wednesday,Clear,NoEvent,68
20,Tuesday,Rain,Concert,80
14,Monday,Clear,Festival,55
1,Friday,Clear,Sports,63
23,Saturday,Cloudy,Sports,70
22,Thursday,Rain,NoEvent,45
15,Friday,Rain,Concert,50
1,Sunday,Clear,NoEvent,83
19,Tuesday,Cloudy,Concert,88
9,Monday,Rain,Festival,47
17,Thursday,Rain,Festival,76
9,Sunday,Rain,Concert,67
20,Saturday,Cloudy,Festival,100
4,Sunday,Rain,NoEvent,78
19,Sunday,Clear,NoEvent,100
2,Sunday,Cloudy,Concert,81
5,Thursday,Clear,Concert,55
12,Thursday,Cloudy,Festival,57
0,Sunday,Cloudy,Sports,84
0,Thursday,Rain,Concert,40
2,Friday,Rain,NoEvent,40
11,Wednesday,Clear,Sports,61
4,Friday,Rain,Concert,51
16,Saturday,Cloudy,Concert,88
7,Friday,Clear,Concert,52
5,Sunday,Clear,Concert,84
7,Monday,Rain,NoEvent,59
20,Saturday,Clear,Sports,100
4,Monday,Cloudy,Concert,53
23,Thursday,Rain,NoEvent,52
10,Tuesday,Rain,Festival,49
7,Wednesday,Rain,Festival,43
3,Monday,Rain,Sports,42
11,Friday,Rain,NoEvent,55
19,Monday,Rain,NoEvent,76
15,Friday,Rain,Concert,43
10,Monday,Clear,NoEvent,51
6,Saturday,Clear,NoEvent,73
9,Wednesday,Clear,Festival,53
20,Thursday,Clear,NoEvent,73
19,Thursday,Cloudy,Festival,84
9,Wednesday,Rain,NoEvent,49
15,Thursday,Clear,Festival,60
17,Tuesday,Cloudy,Concert,82
2,Saturday,Cloudy,Sports,82
11,Saturday,Rain,Concert,62
7,Friday,Rain,Sports,50
13,Monday,Cloudy,Concert,69
5,Saturday,Clear,Festival,73
10,Friday,Cloudy,NoEvent,62
1,Friday,Clear,NoEvent,55
13,Monday,Rain,Sports,45
10,Tuesday,Rain,Concert,43
14,Tuesday,Rain,Concert,50
19,Saturday,Rain,NoEvent,82
20,Friday,Rain,NoEvent,75
23,Thursday,Rain,Festival,43
14,Tuesday,Clear,Concert,61
6,Wednesday,Clear,Concert,69
23,Thursday,Cloudy,NoEvent,54
14,Sunday,Clear,NoEvent,73
13,Saturday,Cloudy,Sports,79
5,Wednesday,Rain,Sports,45
12,Monday,Cloudy,Concert,66
18,Saturday,Cloudy,NoEvent,90
19,Monday,Rain,Festival,77
0,Tuesday,Rain,Concert,50
10,Thursday,Rain,NoEvent,49
5,Friday,Clear,Sports,68
17,Monday,Rain,NoEvent,64
14,Monday,Clear,NoEvent,56
21,Thursday,Rain,NoEvent,78
14,Saturday,Rain,Concert,70
18,Saturday,Rain,Concert,97
9,Sunday,Rain,Festival,75
5,Thursday,Rain,NoEvent,41
18,Thursday,Rain,Sports,69
13,Thursday,Rain,Sports,43
6,Wednesday,Clear,NoEvent,57
5,Sunday,Clear,Festival,74
19,Tuesday,Clear,NoEvent,84
15,Saturday,Clear,Festival,71
4,Friday,Clear,Sports,64
18,Thursday,Cloudy,Sports,70
18,Friday,Rain,Sports,69
12,Wednesday,Cloudy,Sports,57
10,Monday,Cloudy,Concert,55
22,Tuesday,Cloudy,Festival,67
15,Monday,Clear,Sports,55
9,Saturday,Rain,Sports,70
2,Thursday,Rain,Festival,59
0,Friday,Cloudy,Sports,64
10,Thursday,Clear,Concert,68
8,Monday,Cloudy,Festival,69
4,Thursday,Cloudy,NoEvent,64
12,Monday,Clear,Concert,58
19,Sunday,Cloudy,Concert,100
22,Sunday,Cloudy,Festival,84
13,Saturday,Clear,NoEvent,85
20,Wednesday,Cloudy,Festival,79
23,Saturday,Cloudy,NoEvent,80
17,Tuesday,Clear,NoEvent,80
8,Sunday,Clear,Concert,80
18,Tuesday,Clear,NoEvent,82
14,Saturday,Clear,Sports,82
16,Wednesday,Clear,Concert,56
1,Tuesday,Clear,Festival,59
5,Wednesday,Rain,Concert,56
0,Sunday,Rain,Sports,71
4,Tuesday,Rain,NoEvent,40
10,Tuesday,Clear,NoEvent,52
5,Tuesday,Clear,Festival,67
11,Wednesday,Clear,Sports,57
14,Monday,Clear,Sports,67
10,Thursday,Clear,Festival,70
1,Friday,Cloudy,NoEvent,69
6,Friday,Clear,Sports,58
1,Tuesday,Rain,Concert,50
6,Friday,Clear,Festival,56
6,Monday,Cloudy,Sports,63
16,Friday,Clear,Sports,64
20,Saturday,Cloudy,Festival,100
16,Monday,Rain,Sports,58
11,Friday,Cloudy,Concert,57
3,Friday,Clear,Festival,58
16,Tuesday,Cloudy,Concert,69
1,Tuesday,Rain,Sports,56
13,Monday,Cloudy,Concert,55
13,Wednesday,Clear,NoEvent,59
0,Monday,Rain,Sports,50
15,Wednesday,Rain,Concert,50
14,Sunday,Cloudy,Concert,85
11,Tuesday,Rain,Concert,58
1,Friday,Cloudy,Concert,67
16,Friday,Clear,NoEvent,56
11,Wednesday,Rain,Festival,58
20,Wednesday,Cloudy,Festival,73
1,Monday,Rain,Concert,43
15,Monday,Clear,NoEvent,67
4,Friday,Rain,Festival,60
7,Sunday,Cloudy,Sports,70
12,Thursday,Clear,Festival,57
16,Friday,Cloudy,Festival,51
8,Thursday,Cloudy,Festival,59
15,Saturday,Clear,Concert,84
17,Monday,Cloudy,NoEvent,75
13,Wednesday,Rain,NoEvent,52
8,Saturday,Rain,Concert,63
22,Friday,Rain,Concert,41
1,Wednesday,Rain,Festival,53
13,Monday,Rain,Sports,60
15,Saturday,Rain,NoEvent,67
6,Friday,Rain,Concert,47
1,Sunday,Cloudy,Concert,70
8,Friday,Cloudy,NoEvent,55
16,Monday,Clear,Festival,57
20,Saturday,Cloudy,Festival,100
13,Wednesday,Rain,NoEvent,60
1,Friday,Clear,Sports,57
2,Monday,Rain,Festival,55
1,Thursday,Rain,Sports,53
18,Friday,Cloudy,Festival,88
0,Tuesday,Cloudy,Concert,62
0,Saturday,Rain,Concert,74
19,Tuesday,Cloudy,Sports,71
15,Tuesday,Rain,Sports,58
4,Friday,Clear,Festival,55
2,Monday,Clear,Concert,63
13,Thursday,Clear,Sports,50
8,Sunday,Cloudy,NoEvent,89
13,Wednesday,Cloudy,Concert,60
7,Sunday,Clear,NoEvent,71
13,Sunday,Rain,NoEvent,66
9,Thursday,Clear,Concert,56
11,Tuesday,Clear,Sports,60
17,Wednesday,Rain,Sports,61
5,Monday,Clear,NoEvent,57
18,Sunday,Clear,Concert,98
8,Tuesday,Clear,Concert,55
20,Tuesday,Cloudy,Sports,79
17,Wednesday,Rain,Sports,78
4,Wednesday,Cloudy,Festival,57
4,Sunday,Clear,Concert,71
19,Tuesday,Rain,Festival,69
17,Friday,Rain,NoEvent,60
16,Saturday,Clear,Festival,89
18,Thursday,Cloudy,NoEvent,79
23,Tuesday,Clear,Sports,55
8,Friday,Cloudy,Festival,53
20,Saturday,Rain,Festival,86
20,Wednesday,Clear,NoEvent,87
0,Saturday,Clear,Concert,88
18,Wednesday,Cloudy,NoEvent,76
15,Monday,Clear,Sports,55
16,Wednesday,Clear,Concert,57
4,Tuesday,Clear,Festival,53
0,Friday,Rain,NoEvent,41
14,Saturday,Clear,Festival,77
21,Tuesday,Rain,NoEvent,78
10,Monday,Cloudy,Concert,62
21,Wednesday,Rain,Concert,63
1,Sunday,Cloudy,NoEvent,78
21,Wednesday,Clear,Sports,81
8,Saturday,Clear,Festival,86
17,Friday,Rain,NoEvent,69
5,Sunday,Cloudy,Festival,78
14,Sunday,Cloudy,Festival,80
1,Tuesday,Cloudy,Sports,51
7,Tuesday,Clear,NoEvent,57
14,Monday,Cloudy,NoEvent,64
23,Saturday,Clear,Concert,71
1,Monday,Cloudy,Concert,65
4,Tuesday,Rain,NoEvent,44
3,Wednesday,Cloudy,Sports,54
20,Monday,Cloudy,NoEvent,90
7,Sunday,Clear,Festival,82
19,Tuesday,Cloudy,Festival,71
9,Thursday,Cloudy,Sports,64
19,Saturday,Rain,Festival,82
20,Sunday,Rain,NoEvent,91
18,Saturday,Cloudy,Festival,92
7,Sunday,Cloudy,Festival,74
1,Monday,Cloudy,Sports,64
18,Thursday,Rain,NoEvent,76
5,Saturday,Rain,Sports,71
0,Sunday,Cloudy,Festival,87
5,Tuesday,Cloudy,Sports,53
9,Wednesday,Rain,Festival,44
23,Saturday,Rain,Concert,75
23,Monday,Cloudy,Sports,64
12,Thursday,Cloudy,Sports,62
4,Friday,Cloudy,Festival,53
9,Tuesday,Rain,NoEvent,47
20,Tuesday,Cloudy,Sports,70
16,Friday,Cloudy,Festival,69
20,Monday,Clear,NoEvent,82
15,Monday,Rain,Concert,45
15,Saturday,Rain,Concert,73
1,Tuesday,Cloudy,NoEvent,61
11,Friday,Clear,NoEvent,60
1,Wednesday,Clear,Concert,50
20,Sunday,Cloudy,Sports,100
0,Friday,Rain,NoEvent,44
16,Saturday,Cloudy,Festival,87
4,Saturday,Rain,Sports,65
13,Saturday,Clear,Concert,72
11,Wednesday,Clear,NoEvent,59
10,Thursday,Rain,NoEvent,48
20,Friday,Cloudy,Festival,85
14,Monday,Clear,Festival,50
17,Monday,Clear,NoEvent,73
10,Friday,Rain,Festival,59
12,Friday,Cloudy,Sports,65
9,Friday,Rain,Concert,40
21,Wednesday,Cloudy,Festival,88
11,Wednesday,Cloudy,Festival,58
4,Monday,Clear,Concert,54
0,Sunday,Cloudy,NoEvent,89
20,Tuesday,Cloudy,NoEvent,90
4,Wednesday,Cloudy,Festival,69
16,Wednesday,Rain,NoEvent,42
9,Sunday,Rain,NoEvent,62
10,Tuesday,Clear,NoEvent,65
4,Monday,Rain,Festival,48
3,Monday,Cloudy,Festival,66
14,Friday,Rain,Festival,51
5,Wednesday,Cloudy,Festival,51
20,Sunday,Cloudy,Festival,98
17,Saturday,Clear,Festival,100
0,Wednesday,Cloudy,Sports,57
12,Wednesday,Rain,NoEvent,44
23,Monday,Rain,Sports,44
23,Saturday,Rain,Festival,77
8,Monday,Cloudy,Festival,59
15,Monday,Rain,Concert,42
22,Saturday,Cloudy,Concert,82
9,Saturday,Rain,Sports,66
17,Sunday,Rain,Festival,95
0,Tuesday,Rain,Festival,59
1,Monday,Clear,Festival,70
12,Wednesday,Clear,Concert,67
19,Monday,Rain,Sports,67
3,Wednesday,Rain,NoEvent,40
22,Saturday,Clear,Festival,72
17,Tuesday,Clear,Sports,83
7,Sunday,Clear,Festival,87
16,Friday,Clear,NoEvent,51
18,Saturday,Rain,NoEvent,97
3,Saturday,Rain,Concert,80
16,Saturday,Cloudy,Concert,79
0,Saturday,Rain,Festival,78
14,Thursday,Clear,Concert,65
15,Saturday,Rain,Festival,68
19,Tuesday,Cloudy,Sports,71
3,Thursday,Rain,NoEvent,60
7,Monday,Cloudy,Sports,64
15,Thursday,Cloudy,Festival,61
4,Saturday,Rain,Festival,65
16,Thursday,Clear,Sports,61
10,Thursday,Cloudy,NoEvent,64
20,Sunday,Rain,Concert,90
17,Monday,Cloudy,Sports,71
4,Thursday,Clear,NoEvent,65
18,Sunday,Clear,NoEvent,100
7,Thursday,Rain,Sports,60
4,Tuesday,Clear,Sports,52
19,Sunday,Rain,Concert,94
17,Thursday,Cloudy,Concert,89
21,Monday,Rain,Sports,68
19,Wednesday,Rain,Sports,69
6,Thursday,Clear,Sports,66
3,Thursday,Cloudy,Concert,65
13,Saturday,Cloudy,Sports,71
4,Saturday,Rain,Festival,80
9,Monday,Cloudy,NoEvent,65
3,Saturday,Rain,Festival,80
23,Friday,Clear,NoEvent,60
7,Sunday,Clear,NoEvent,87
22,Tuesday,Cloudy,Sports,62
12,Thursday,Cloudy,Sports,57
15,Tuesday,Rain,Festival,47
6,Thursday,Rain,NoEvent,44
8,Saturday,Clear,NoEvent,78
5,Saturday,Clear,Concert,73
11,Saturday,Rain,Concert,71
2,Friday,Clear,Festival,68
10,Monday,Rain,Sports,53
6,Tuesday,Cloudy,NoEvent,59
14,Monday,Cloudy,Concert,63
16,Saturday,Clear,NoEvent,70
8,Wednesday,Rain,Sports,48
6,Friday,Clear,Concert,68
9,Friday,Clear,Concert,57
20,Thursday,Cloudy,Sports,78
19,Friday,Cloudy,NoEvent,90
11,Tuesday,Clear,NoEvent,70
7,Friday,Clear,Concert,62
1,Saturday,Clear,NoEvent,84
2,Saturday,Cloudy,Concert,80
9,Wednesday,Cloudy,NoEvent,52
14,Sunday,Clear,Sports,70
2,Tuesday,Clear,Festival,59
21,Thursday,Clear,Sports,85
1,Thursday,Rain,Concert,58
10,Monday,Cloudy,NoEvent,52
6,Wednesday,Clear,Concert,54
21,Wednesday,Clear,Concert,88
1,Thursday,Clear,NoEvent,50
14,Thursday,Cloudy,Sports,57
4,Friday,Clear,Concert,61
2,Monday,Rain,Festival,59
14,Thursday,Clear,Festival,65
21,Monday,Cloudy,Concert,70
7,Wednesday,Rain,Concert,59
18,Tuesday,Clear,Festival,74
23,Thursday,Clear,Concert,66
21,Sunday,Rain,NoEvent,100
23,Tuesday,Clear,NoEvent,64
11,Monday,Rain,Sports,57
10,Monday,Cloudy,Sports,50
8,Friday,Cloudy,Sports,53
5,Wednesday,Clear,Sports,55
20,Thursday,Rain,Festival,72
19,Sunday,Clear,Concert,98
0,Friday,Clear,Sports,53
22,Friday,Clear,NoEvent,61
8,Monday,Rain,NoEvent,42
4,Sunday,Clear,Sports,75
2,Monday,Clear,NoEvent,61
6,Monday,Clear,Festival,50
9,Saturday,Rain,NoEvent,61
12,Friday,Rain,NoEvent,58
4,Tuesday,Cloudy,Sports,61
2,Wednesday,Clear,Festival,52
3,Thursday,Cloudy,Festival,59
5,Friday,Cloudy,Sports,60
14,Tuesday,Clear,Concert,58
2,Thursday,Rain,Festival,54
17,Sunday,Cloudy,Concert,100
12,Thursday,Cloudy,Concert,60
8,Monday,Rain,Sports,48
12,Sunday,Rain,Concert,77
8,Monday,Rain,Concert,45
1,Monday,Clear,Sports,52
8,Sunday,Cloudy,Sports,79
4,Thursday,Cloudy,NoEvent,55
3,Tuesday,Cloudy,Festival,66
2,Thursday,Clear,Sports,59
16,Tuesday,Clear,Concert,59
22,Saturday,Rain,Festival,64
5,Friday,Rain,Sports,59
19,Wednesday,Clear,NoEvent,90
12,Wednesday,Rain,NoEvent,43
12,Wednesday,Rain,Sports,54
20,Monday,Rain,Concert,75
21,Wednesday,Rain,Festival,76
23,Wednesday,Rain,Concert,57
21,Wednesday,Rain,NoEvent,80
11,Tuesday,Cloudy,NoEvent,59
4,Monday,Cloudy,NoEvent,67
8,Tuesday,Clear,Concert,55
1,Monday,Cloudy,Festival,52
10,Sunday,Rain,Sports,79
8,Tuesday,Cloudy,Sports,55
21,Friday,Cloudy,Sports,86
23,Wednesday,Rain,Concert,48
19,Wednesday,Cloudy,Concert,75
3,Sunday,Clear,Festival,77
13,Monday,Rain,Concert,54
9,Monday,Cloudy,Concert,65
20,Friday,Cloudy,Concert,77
5,Wednesday,Clear,Concert,67
6,Saturday,Clear,Sports,90
13,Tuesday,Cloudy,NoEvent,68
18,Thursday,Clear,Festival,82
6,Saturday,Clear,Concert,78
14,Wednesday,Clear,Sports,68
20,Monday,Clear,Festival,80
22,Friday,Rain,Festival,60
0,Friday,Rain,NoEvent,45
16,Wednesday,Cloudy,Concert,60
5,Monday,Clear,NoEvent,52
17,Thursday,Rain,Festival,72
15,Saturday,Clear,NoEvent,81
23,Saturday,Rain,Sports,78
13,Wednesday,Rain,Sports,58
10,Friday,Rain,Festival,44
5,Wednesday,Cloudy,Festival,62
21,Sunday,Rain,Concert,94
2,Tuesday,Rain,Festival,47
17,Saturday,Rain,NoEvent,90
9,Friday,Clear,Festival,70
16,Thursday,Clear,NoEvent,53
4,Saturday,Clear,Concert,90
20,Sunday,Rain,Sports,89
4,Tuesday,Clear,Festival,57
2,Friday,Clear,Concert,59
17,Saturday,Clear,Festival,92
3,Monday,Cloudy,Sports,62
11,Saturday,Cloudy,NoEvent,88
19,Wednesday,Cloudy,Festival,70
5,Friday,Rain,Concert,44
15,Monday,Clear,Concert,69
14,Tuesday,Rain,Sports,60
2,Monday,Cloudy,Concert,66
13,Saturday,Clear,Festival,77
12,Thursday,Rain,Sports,58
5,Monday,Cloudy,Festival,54
18,Thursday,Rain,Festival,72
4,Tuesday,Cloudy,Sports,55
6,Wednesday,Rain,Sports,43
21,Wednesday,Clear,Concert,82
3,Saturday,Rain,NoEvent,72
18,Sunday,Cloudy,Festival,100
13,Friday,Rain,NoEvent,40
12,Friday,Rain,Festival,54
23,Tuesday,Clear,Festival,50
8,Sunday,Clear,Festival,89
3,Saturday,Cloudy,NoEvent,81
2,Friday,Clear,Festival,50
23,Thursday,Cloudy,Concert,60
21,Monday,Clear,Festival,82
23,Thursday,Cloudy,NoEvent,61
23,Saturday,Rain,Concert,67
2,Saturday,Cloudy,Festival,83
19,Tuesday,Cloudy,Festival,80
18,Tuesday,Rain,Festival,65
13,Sunday,Clear,Festival,79
11,Thursday,Cloudy,Festival,56
22,Saturday,Rain,Concert,80
23,Saturday,Cloudy,Concert,73
17,Friday,Rain,Sports,61
12,Saturday,Clear,Festival,86
17,Tuesday,Rain,Sports,77
8,Saturday,Rain,Sports,60
16,Thursday,Clear,Festival,59
0,Wednesday,Cloudy,NoEvent,57
12,Monday,Clear,Festival,52
1,Wednesday,Clear,Festival,60
2,Thursday,Cloudy,Festival,65
15,Tuesday,Cloudy,NoEvent,69
17,Friday,Rain,Festival,64
16,Monday,Cloudy,Festival,59
0,Sunday,Rain,Festival,75
22,Monday,Cloudy,Concert,58
13,Saturday,Clear,Sports,75
1,Thursday,Rain,Festival,59
23,Sunday,Rain,Concert,80
15,Tuesday,Clear,Concert,70
9,Thursday,Clear,NoEvent,60
14,Saturday,Cloudy,Sports,88
10,Tuesday,Clear,NoEvent,54
13,Thursday,Cloudy,NoEvent,69
0,Saturday,Cloudy,Festival,82
19,Sunday,Rain,Concert,89
14,Saturday,Cloudy,NoEvent,76
18,Wednesday,Cloudy,Festival,74
1,Wednesday,Rain,Festival,57
17,Wednesday,Cloudy,Festival,75
2,Monday,Clear,Sports,61
9,Monday,Clear,Festival,66
5,Tuesday,Clear,Concert,57
17,Thursday,Clear,Sports,72
14,Friday,Cloudy,NoEvent,68
4,Monday,Cloudy,Concert,55
7,Monday,Cloudy,Concert,51
3,Wednesday,Cloudy,Sports,58
16,Wednesday,Clear,Concert,58
21,Friday,Clear,NoEvent,74
14,Saturday,Clear,Festival,89
2,Sunday,Cloudy,Festival,76
21,Wednesday,Rain,Sports,78
17,Thursday,Rain,Concert,74
23,Sunday,Rain,Sports,77
5,Friday,Clear,Sports,60
16,Thursday,Clear,Festival,61
4,Thursday,Cloudy,NoEvent,62
11,Tuesday,Clear,Sports,58
18,Sunday,Rain,NoEvent,95
1,Wednesday,Rain,NoEvent,42
8,Monday,Cloudy,Concert,50
16,Saturday,Cloudy,Sports,88
19,Wednesday,Clear,Sports,75
20,Monday,Rain,Concert,69
4,Saturday,Clear,Sports,71
12,Sunday,Rain,Concert,75
15,Tuesday,Rain,Festival,50
19,Friday,Clear,Concert,79
4,Tuesday,Rain,Sports,55
14,Tuesday,Rain,Sports,46
13,Monday,Cloudy,Concert,64
18,Monday,Clear,Sports,76
10,Monday,Clear,Festival,56
21,Sunday,Clear,Sports,92
3,Thursday,Cloudy,Concert,64
14,Monday,Rain,Sports,42
9,Sunday,Rain,Concert,62
2,Monday,Cloudy,NoEvent,64
21,Tuesday,Cloudy,NoEvent,84
14,Wednesday,Rain,Sports,46
2,Monday,Rain,Festival,48
16,Sunday,Clear,Sports,75
9,Friday,Clear,NoEvent,60
8,Saturday,Clear,Festival,76
7,Tuesday,Cloudy,NoEvent,67
7,Saturday,Rain,NoEvent,78
18,Monday,Rain,Sports,61
5,Friday,Cloudy,NoEvent,58
5,Tuesday,Clear,Sports,56
16,Sunday,Clear,NoEvent,70
23,Wednesday,Clear,Festival,66
6,Friday,Clear,Sports,61
9,Friday,Rain,Sports,49
1,Friday,Cloudy,Concert,53
20,Thursday,Cloudy,NoEvent,88
18,Friday,Cloudy,Concert,84
23,Saturday,Rain,NoEvent,63
17,Tuesday,Rain,Festival,77
19,Friday,Cloudy,Concert,76
21,Saturday,Clear,Festival,100
13,Wednesday,Cloudy,Sports,56
13,Friday,Clear,Concert,70
1,Thursday,Clear,Concert,52
22,Thursday,Clear,Festival,52
5,Sunday,Rain,NoEvent,75
9,Sunday,Clear,NoEvent,78
3,Monday,Rain,Sports,47
8,Tuesday,Cloudy,Festival,63
18,Sunday,Rain,Festival,85
3,Friday,Cloudy,Sports,66
4,Monday,Cloudy,NoEvent,69
17,Sunday,Clear,Festival,100
7,Tuesday,Clear,NoEvent,65
9,Sunday,Rain,Sports,71
14,Thursday,Rain,Sports,48
4,Tuesday,Clear,Concert,57
20,Friday,Rain,Festival,73
5,Wednesday,Clear,Sports,68
23,Sunday,Rain,NoEvent,78
15,Tuesday,Clear,NoEvent,53
21,Saturday,Rain,Festival,95
16,Sunday,Cloudy,Sports,88
0,Sunday,Rain,Festival,64
3,Wednesday,Clear,NoEvent,70
16,Saturday,Cloudy,Sports,82
8,Monday,Rain,Sports,47
10,Thursday,Cloudy,NoEvent,67
12,Saturday,Cloudy,Sports,85
17,Saturday,Rain,NoEvent,90
23,Friday,Rain,Sports,57
9,Tuesday,Clear,NoEvent,56
3,Wednesday,Cloudy,Festival,61
8,Friday,Cloudy,Sports,50
10,Sunday,Cloudy,Festival,81
16,Sunday,Cloudy,NoEvent,84
12,Monday,Rain,Sports,58
13,Thursday,Rain,NoEvent,52
20,Saturday,Clear,NoEvent,95
15,Wednesday,Rain,Concert,54
19,Sunday,Clear,Sports,100
3,Friday,Cloudy,NoEvent,66
13,Saturday,Rain,Festival,77
10,Friday,Clear,Sports,63
23,Tuesday,Clear,Festival,60
23,Wednesday,Cloudy,Concert,55
19,Saturday,Rain,Concert,99
13,Monday,Rain,Sports,47
20,Monday,Rain,NoEvent,75
6,Wednesday,Rain,Festival,51
5,Monday,Rain,Sports,41
18,Saturday,Clear,Sports,100
5,Thursday,Clear,NoEvent,56
9,Thursday,Clear,Festival,62
2,Saturday,Rain,Concert,75
8,Friday,Rain,Festival,60
4,Wednesday,Rain,Festival,55
10,Saturday,Cloudy,Concert,75
16,Friday,Rain,Sports,55
15,Monday,Rain,NoEvent,44
15,Sunday,Cloudy,Concert,83
3,Thursday,Clear,Sports,63
6,Wednesday,Rain,NoEvent,41
23,Sunday,Rain,Concert,76
2,Friday,Cloudy,Sports,54
11,Friday,Cloudy,NoEvent,56
14,Thursday,Rain,Concert,48
19,Saturday,Cloudy,Concert,92
11,Friday,Clear,Sports,67
23,Sunday,Clear,Sports,77
4,Monday,Rain,Festival,46
2,Thursday,Cloudy,Sports,62
19,Monday,Clear,NoEvent,84
0,Tuesday,Cloudy,Festival,70
3,Saturday,Rain,Concert,74
2,Tuesday,Clear,Concert,68
7,Tuesday,Clear,Festival,52
17,Tuesday,Clear,Festival,73
22,Friday,Cloudy,Concert,58
15,Thursday,Rain,Festival,56
11,Sunday,Cloudy,Festival,89
12,Tuesday,Cloudy,Concert,53
5,Monday,Clear,Sports,65
18,Monday,Rain,NoEvent,68
8,Thursday,Clear,NoEvent,54
8,Friday,Rain,Festival,45
5,Monday,Rain,NoEvent,43
18,Wednesday,Cloudy,NoEvent,84
20,Sunday,Cloudy,Concert,100
22,Friday,Rain,Festival,40
16,Wednesday,Clear,Concert,50
22,Friday,Clear,Sports,59
0,Monday,Clear,Festival,67
23,Tuesday,Rain,Concert,58
1,Wednesday,Cloudy,Festival,68
12,Thursday,Cloudy,Festival,52
9,Saturday,Cloudy,Sports,77
21,Monday,Cloudy,Festival,86
16,Saturday,Cloudy,Sports,86
0,Wednesday,Clear,Festival,55
1,Tuesday,Cloudy,Sports,52
13,Thursday,Rain,NoEvent,44
19,Tuesday,Cloudy,Sports,72
3,Thursday,Clear,Concert,55
21,Tuesday,Rain,Concert,70
3,Wednesday,Cloudy,Sports,54
7,Wednesday,Clear,Sports,51
3,Tuesday,Rain,Sports,48
10,Monday,Cloudy,Concert,61
13,Saturday,Cloudy,NoEvent,71
17,Monday,Cloudy,Concert,74
5,Saturday,Rain,Sports,69
23,Friday,Cloudy,Concert,66
20,Monday,Cloudy,Concert,85
7,Thursday,Cloudy,NoEvent,70
0,Sunday,Rain,NoEvent,74
4,Monday,Clear,Festival,53
19,Thursday,Cloudy,Sports,90
0,Monday,Rain,Festival,41
16,Monday,Clear,Concert,68
18,Monday,Cloudy,Festival,84
4,Sunday,Rain,Sports,63
13,Thursday,Rain,Festival,54
1,Friday,Clear,Sports,60
3,Sunday,Clear,NoEvent,89
15,Wednesday,Rain,Concert,43
3,Saturday,Cloudy,Concert,81
11,Sunday,Rain,Festival,60
18,Tuesday,Cloudy,Sports,89
3,Friday,Clear,Festival,62
16,Monday,Clear,NoEvent,60
2,Sunday,Rain,NoEvent,71
10,Sunday,Clear,NoEvent,80
14,Saturday,Rain,Concert,74
8,Monday,Clear,NoEvent,59
7,Sunday,Clear,Concert,88
11,Thursday,Rain,NoEvent,54
23,Wednesday,Cloudy,Festival,64
22,Monday,Clear,Festival,66
7,Tuesday,Clear,Festival,60
3,Friday,Cloudy,Sports,63
9,Friday,Cloudy,Festival,70
20,Tuesday,Cloudy,Sports,85
21,Sunday,Rain,Sports,81
1,Thursday,Clear,Concert,53
11,Wednesday,Cloudy,Sports,67
7,Thursday,Rain,Sports,43
8,Tuesday,Cloudy,NoEvent,70
15,Sunday,Clear,Concert,77
5,Monday,Cloudy,Concert,58
2,Tuesday,Cloudy,Sports,65
13,Saturday,Cloudy,Sports,83
20,Thursday,Clear,Sports,81
23,Friday,Clear,Festival,55
3,Sunday,Rain,Sports,76
19,Saturday,Cloudy,Festival,100
22,Monday,Cloudy,NoEvent,67
15,Saturday,Clear,Concert,78
4,Friday,Cloudy,Concert,55
15,Friday,Cloudy,Concert,55
5,Wednesday,Clear,NoEvent,50
17,Tuesday,Cloudy,Sports,83
15,Wednesday,Cloudy,NoEvent,63
5,Friday,Rain,NoEvent,59
11,Saturday,Rain,Concert,63
9,Wednesday,Cloudy,Sports,59
23,Tuesday,Cloudy,Concert,60
20,Thursday,Cloudy,Sports,76
10,Wednesday,Clear,Concert,65
3,Sunday,Rain,Concert,69
10,Tuesday,Cloudy,Festival,59
15,Friday,Rain,Festival,60
21,Wednesday,Clear,Festival,81
8,Tuesday,Clear,Festival,57
7,Saturday,Cloudy,NoEvent,78
16,Sunday,Cloudy,Festival,76
9,Tuesday,Cloudy,NoEvent,55
17,Saturday,Clear,Concert,100
14,Thursday,Clear,Festival,59
11,Thursday,Cloudy,NoEvent,52
4,Thursday,Rain,Sports,40
12,Sunday,Rain,Sports,80
23,Friday,Rain,Festival,52
20,Wednesday,Clear,NoEvent,80
1,Sunday,Rain,Sports,64
7,Sunday,Rain,NoEvent,60
9,Friday,Rain,NoEvent,50
3,Wednesday,Cloudy,Festival,62
16,Friday,Clear,Concert,55
14,Saturday,Clear,NoEvent,90
20,Tuesday,Cloudy,Concert,74
20,Saturday,Rain,NoEvent,85
13,Friday,Rain,Festival,45
21,Friday,Rain,Festival,68
13,Friday,Cloudy,Concert,62
5,Sunday,Clear,Sports,74
22,Tuesday,Cloudy,NoEvent,57
3,Monday,Cloudy,NoEvent,52
11,Sunday,Clear,Festival,72
9,Sunday,Cloudy,Sports,76
1,Monday,Clear,Festival,63
14,Monday,Cloudy,NoEvent,68
2,Tuesday,Clear,Sports,56
23,Wednesday,Rain,Festival,60
20,Wednesday,Clear,Concert,81
16,Monday,Cloudy,Sports,59
18,Saturday,Rain,Concert,100
18,Saturday,Rain,NoEvent,89
15,Friday,Cloudy,NoEvent,63
19,Wednesday,Clear,Sports,85
20,Wednesday,Rain,Festival,71
16,Wednesday,Clear,Sports,57
3,Friday,Clear,NoEvent,65
23,Sunday,Clear,Festival,80
4,Saturday,Clear,Sports,83
14,Saturday,Clear,Sports,88
19,Sunday,Rain,Concert,99
3,Thursday,Cloudy,Festival,54
20,Friday,Clear,NoEvent,87
9,Saturday,Rain,Festival,64
23,Friday,Clear,Sports,69
5,Friday,Rain,NoEvent,42
6,Friday,Rain,NoEvent,51
3,Tuesday,Clear,NoEvent,66
2,Thursday,Cloudy,Festival,52
10,Monday,Cloudy,Sports,50
23,Thursday,Cloudy,Sports,69
0,Sunday,Rain,Sports,68
15,Saturday,Rain,Sports,60
18,Friday,Cloudy,NoEvent,86
4,Sunday,Clear,NoEvent,80
14,Tuesday,Rain,NoEvent,56
15,Monday,Cloudy,Festival,62
2,Monday,Cloudy,Festival,60
6,Monday,Cloudy,Festival,65
10,Wednesday,Rain,NoEvent,59
10,Tuesday,Cloudy,Festival,57
15,Saturday,Cloudy,NoEvent,87
13,Saturday,Clear,Sports,84
22,Wednesday,Rain,Sports,58
6,Tuesday,Clear,Festival,68
14,Sunday,Clear,NoEvent,77
6,Monday,Cloudy,NoEvent,59
15,Sunday,Cloudy,NoEvent,84
1,Tuesday,Rain,Concert,49
13,Saturday,Clear,NoEvent,76
13,Friday,Rain,Concert,47
23,Thursday,Rain,Concert,40
14,Saturday,Rain,Concert,63
23,Monday,Cloudy,Sports,61
6,Saturday,Cloudy,NoEvent,73
13,Sunday,Cloudy,Concert,86
18,Monday,Cloudy,Concert,85
21,Wednesday,Clear,NoEvent,70
22,Thursday,Rain,Concert,49
1,Wednesday,Rain,NoEvent,41
21,Tuesday,Rain,Sports,70
11,Friday,Cloudy,Festival,56
22,Sunday,Clear,Concert,77
14,Thursday,Rain,Concert,50
5,Tuesday,Rain,Sports,48
13,Saturday,Clear,NoEvent,89
18,Friday,Rain,Sports,74
9,Tuesday,Rain,NoEvent,59
20,Wednesday,Clear,Concert,70
20,Thursday,Clear,Festival,78
13,Friday,Clear,Festival,53
16,Sunday,Cloudy,NoEvent,90
23,Tuesday,Rain,Sports,53
20,Thursday,Clear,Sports,75
12,Sunday,Rain,Concert,71
18,Thursday,Clear,Concert,74
17,Monday,Rain,Concert,62
21,Sunday,Cloudy,NoEvent,100
9,Saturday,Cloudy,Sports,75
6,Sunday,Clear,Festival,90
9,Thursday,Clear,Concert,65
0,Tuesday,Rain,Festival,57
14,Thursday,Cloudy,Concert,52
9,Thursday,Rain,NoEvent,40
21,Monday,Cloudy,Festival,85
13,Friday,Rain,Festival,53
11,Monday,Clear,Concert,62
4,Saturday,Cloudy,Sports,76
3,Monday,Clear,Sports,59
5,Tuesday,Clear,Sports,67
18,Saturday,Clear,Festival,100
16,Friday,Clear,NoEvent,69
9,Monday,Clear,Festival,60
5,Tuesday,Clear,Concert,57
3,Wednesday,Rain,Festival,47
7,Saturday,Cloudy,Concert,82
7,Sunday,Rain,Concert,75
1,Sunday,Rain,NoEvent,67
20,Friday,Cloudy,Concert,90
21,Thursday,Rain,Festival,64
2,Thursday,Clear,Festival,56
19,Sunday,Clear,Concert,96
12,Saturday,Rain,Sports,62
19,Tuesday,Rain,Festival,71
19,Tuesday,Clear,Sports,82
12,Thursday,Cloudy,Concert,54
4,Thursday,Clear,Concert,63
1,Saturday,Cloudy,NoEvent,90
12,Wednesday,Cloudy,NoEvent,52
13,Thursday,Clear,Sports,58
15,Tuesday,Rain,Sports,57
11,Sunday,Clear,Concert,88
5,Sunday,Rain,Sports,77
23,Friday,Rain,Sports,40
22,Thursday,Cloudy,Sports,61
18,Friday,Cloudy,Festival,82
0,Thursday,Rain,Sports,55
20,Sunday,Rain,Concert,94
20,Friday,Clear,Festival,71
7,Friday,Cloudy,NoEvent,63
11,Monday,Clear,Concert,59
17,Saturday,Clear,NoEvent,100
12,Friday,Cloudy,Sports,53
17,Sunday,Clear,Concert,100
22,Tuesday,Clear,Concert,63
7,Tuesday,Cloudy,Concert,69
19,Thursday,Clear,Concert,78
0,Monday,Clear,Sports,54
10,Thursday,Clear,NoEvent,54
8,Wednesday,Clear,Sports,62
9,Saturday,Clear,Festival,73
13,Friday,Cloudy,Concert,55
11,Tuesday,Clear,NoEvent,51
5,Tuesday,Cloudy,Concert,70
3,Monday,Clear,Festival,68
2,Tuesday,Rain,NoEvent,46
3,Monday,Cloudy,Sports,57
12,Tuesday,Cloudy,Concert,64
0,Saturday,Rain,Sports,76
23,Wednesday,Rain,Festival,58
20,Thursday,Rain,Festival,75
19,Friday,Cloudy,Festival,84
6,Tuesday,Clear,Festival,50
10,Friday,Rain,NoEvent,57
15,Tuesday,Rain,NoEvent,55
16,Friday,Cloudy,Concert,62
15,Sunday,Cloudy,Sports,76
10,Tuesday,Rain,Concert,50
0,Tuesday,Clear,Festival,70
10,Saturday,Clear,Concert,87
16,Sunday,Cloudy,Concert,81
4,Sunday,Clear,Sports,89
13,Wednesday,Rain,Festival,43
15,Friday,Cloudy,Sports,59
20,Thursday,Clear,Festival,72
18,Monday,Clear,Sports,79
15,Wednesday,Rain,Sports,55
4,Monday,Rain,Festival,54
19,Tuesday,Clear,Concert,90
16,Thursday,Rain,NoEvent,44
1,Monday,Rain,Concert,60
5,Wednesday,Clear,NoEvent,66
3,Monday,Clear,Festival,55
9,Tuesday,Rain,Festival,45
19,Saturday,Rain,Sports,97
5,Thursday,Clear,Sports,50
10,Monday,Cloudy,Festival,70
3,Monday,Rain,Concert,43
1,Thursday,Cloudy,NoEvent,61
18,Thursday,Cloudy,Sports,82
14,Wednesday,Cloudy,NoEvent,62
16,Monday,Clear,Concert,59
11,Friday,Clear,Festival,62
19,Tuesday,Rain,Concert,70
10,Saturday,Rain,Concert,73
12,Wednesday,Clear,Sports,60
11,Tuesday,Clear,Sports,68
10,Friday,Clear,Concert,52
13,Tuesday,Cloudy,Festival,64
18,Saturday,Cloudy,Concert,93
13,Tuesday,Clear,Concert,66
15,Tuesday,Cloudy,Concert,63
11,Tuesday,Clear,Festival,62
14,Sunday,Rain,NoEvent,75
14,Friday,Cloudy,Festival,69
6,Wednesday,Cloudy,NoEvent,62
9,Thursday,Cloudy,Concert,65
19,Thursday,Clear,Festival,78
15,Sunday,Cloudy,Festival,90
0,Monday,Clear,Concert,57
14,Thursday,Cloudy,Festival,63
12,Thursday,Clear,Concert,55
12,Friday,Cloudy,Sports,55
19,Tuesday,Clear,Sports,86
20,Thursday,Cloudy,Sports,80
3,Sunday,Clear,Festival,73
5,Sunday,Rain,Festival,77
6,Friday,Rain,Sports,58
12,Wednesday,Rain,Sports,42
1,Saturday,Cloudy,Sports,78
2,Saturday,Rain,Sports,68
12,Wednesday,Rain,Sports,50
21,Wednesday,Rain,Sports,63
16,Tuesday,Cloudy,Concert,69
18,Saturday,Cloudy,Festival,100
3,Sunday,Cloudy,NoEvent,78
6,Friday,Cloudy,NoEvent,62
5,Wednesday,Clear,Concert,65
18,Saturday,Clear,Concert,100
16,Tuesday,Rain,Concert,41
21,Monday,Clear,Festival,80
20,Thursday,Clear,NoEvent,80
2,Thursday,Rain,Sports,54
19,Wednesday,Cloudy,Sports,81
19,Sunday,Rain,Festival,99
16,Wednesday,Cloudy,Concert,62
9,Wednesday,Cloudy,NoEvent,55
17,Tuesday,Clear,Festival,71
16,Friday,Clear,Festival,51
23,Sunday,Rain,NoEvent,68
2,Sunday,Rain,NoEvent,69
16,Wednesday,Cloudy,NoEvent,52
21,Wednesday,Cloudy,Festival,75
22,Friday,Rain,NoEvent,48
3,Friday,Cloudy,Festival,62
4,Wednesday,Rain,NoEvent,59
19,Saturday,Cloudy,Concert,100
0,Tuesday,Cloudy,Concert,52
2,Tuesday,Rain,NoEvent,44
11,Saturday,Clear,NoEvent,74
1,Tuesday,Clear,Concert,52
9,Thursday,Rain,NoEvent,50
17,Thursday,Rain,Festival,60
21,Friday,Cloudy,Concert,84
3,Friday,Cloudy,Concert,54
2,Friday,Rain,Concert,46
19,Monday,Rain,Concert,72
20,Thursday,Rain,Festival,63
20,Saturday,Cloudy,Festival,97
2,Tuesday,Clear,NoEvent,56
6,Monday,Cloudy,Sports,56
0,Wednesday,Clear,Festival,68
23,Thursday,Cloudy,Festival,70
23,Tuesday,Rain,Sports,60
0,Thursday,Rain,Sports,56
4,Saturday,Rain,Sports,63
5,Tuesday,Cloudy,Sports,50
0,Tuesday,Clear,NoEvent,70
21,Tuesday,Cloudy,Festival,72
0,Saturday,Rain,Concert,62
15,Friday,Cloudy,Festival,52
8,Sunday,Cloudy,NoEvent,75
23,Friday,Clear,Concert,60
22,Wednesday,Cloudy,NoEvent,57
0,Friday,Cloudy,Concert,58
5,Friday,Cloudy,Sports,50
10,Monday,Cloudy,NoEvent,64
8,Tuesday,Clear,Festival,50
6,Monday,Cloudy,Sports,50
21,Tuesday,Cloudy,NoEvent,85
1,Friday,Clear,Festival,56
12,Friday,Clear,Festival,60
10,Sunday,Cloudy,Concert,81
12,Thursday,Cloudy,NoEvent,59
23,Sunday,Clear,NoEvent,76
11,Sunday,Cloudy,Concert,74
2,Tuesday,Rain,Festival,60
9,Saturday,Rain,NoEvent,77
1,Wednesday,Rain,Festival,43
0,Saturday,Clear,NoEvent,80
18,Monday,Clear,Concert,70
14,Wednesday,Rain,Sports,60
16,Thursday,Clear,Festival,57
20,Thursday,Cloudy,Festival,70
13,Sunday,Rain,Sports,72
20,Sunday,Rain,NoEvent,93
12,Sunday,Cloudy,Festival,90
12,Friday,Clear,Concert,54
20,Friday,Clear,NoEvent,90
18,Saturday,Rain,NoEvent,90
6,Thursday,Rain,Sports,41
11,Wednesday,Clear,Festival,56
9,Monday,Cloudy,NoEvent,65
15,Wednesday,Cloudy,Concert,52
21,Wednesday,Cloudy,Sports,79
21,Friday,Cloudy,Festival,70
4,Wednesday,Rain,Festival,56
6,Thursday,Cloudy,Concert,63
13,Wednesday,Cloudy,Sports,52
0,Thursday,Cloudy,Festival,50
19,Wednesday,Cloudy,Festival,88
17,Wednesday,Cloudy,Concert,71
4,Tuesday,Cloudy,Festival,53
4,Monday,Cloudy,Sports,62
8,Friday,Cloudy,NoEvent,55
18,Friday,Rain,Festival,72
19,Saturday,Rain,Festival,100
22,Friday,Clear,Festival,61
4,Tuesday,Cloudy,Concert,65
9,Tuesday,Rain,NoEvent,55
22,Sunday,Clear,Festival,81
9,Tuesday,Rain,Concert,49
14,Sunday,Cloudy,Sports,85
16,Thursday,Rain,Concert,51
20,Wednesday,Rain,Concert,61
18,Tuesday,Rain,Concert,65
22,Tuesday,Cloudy,Sports,56
0,Monday,Rain,Festival,56
0,Saturday,Clear,Concert,82
5,Monday,Rain,Concert,48
19,Thursday,Rain,Concert,61
14,Thursday,Cloudy,Concert,59
23,Thursday,Clear,Sports,62
4,Thursday,Cloudy,NoEvent,66
6,Friday,Cloudy,NoEvent,60
22,Saturday,Rain,NoEvent,78
9,Monday,Clear,Festival,57
4,Sunday,Clear,Concert,75
15,Tuesday,Cloudy,Sports,55
3,Friday,Rain,NoEvent,42
7,Tuesday,Clear,Festival,66
10,Monday,Clear,Festival,54
21,Friday,Clear,Festival,80
22,Thursday,Cloudy,Concert,64
21,Tuesday,Clear,NoEvent,75
8,Thursday,Rain,Concert,55
19,Thursday,Clear,NoEvent,76
15,Thursday,Rain,Festival,47
23,Wednesday,Cloudy,Sports,57
22,Thursday,Rain,Sports,46
7,Monday,Clear,Concert,58
3,Thursday,Cloudy,NoEvent,60
5,Tuesday,Clear,Concert,55
22,Wednesday,Clear,Festival,68
1,Thursday,Clear,Sports,50
19,Tuesday,Clear,Sports,73
19,Tuesday,Cloudy,Sports,72
1,Tuesday,Cloudy,Sports,54
3,Saturday,Clear,Sports,75
8,Friday,Clear,Festival,61
18,Tuesday,Clear,Sports,71
15,Thursday,Clear,NoEvent,53
16,Saturday,Cloudy,Sports,76
2,Tuesday,Rain,Festival,41
18,Wednesday,Rain,Concert,66
13,Wednesday,Rain,Festival,40
8,Thursday,Cloudy,Sports,52
10,Thursday,Clear,Sports,60
11,Saturday,Clear,NoEvent,89
9,Sunday,Rain,NoEvent,76
1,Wednesday,Rain,Sports,58
4,Friday,Clear,Festival,65
10,Wednesday,Cloudy,NoEvent,61
7,Thursday,Rain,Festival,44
18,Saturday,Cloudy,Concert,100
13,Saturday,Cloudy,NoEvent,85
3,Monday,Cloudy,Concert,60
13,Sunday,Cloudy,Festival,77
15,Sunday,Clear,NoEvent,89
12,Saturday,Cloudy,Concert,71
2,Saturday,Clear,Concert,75
3,Friday,Cloudy,Concert,67
11,Tuesday,Cloudy,Festival,63
10,Saturday,Rain,Festival,76
16,Sunday,Cloudy,NoEvent,74
11,Monday,Clear,NoEvent,53
8,Tuesday,Rain,Sports,56
22,Sunday,Rain,Festival,65
12,Monday,Cloudy,Concert,65
21,Thursday,Cloudy,Concert,75
9,Sunday,Clear,NoEvent,86
4,Saturday,Clear,Festival,76
7,Monday,Rain,NoEvent,59
18,Wednesday,Rain,NoEvent,63
11,Wednesday,Rain,Festival,42
5,Wednesday,Clear,Festival,61
4,Wednesday,Rain,Sports,41
2,Wednesday,Clear,Concert,68
17,Monday,Cloudy,Concert,80
3,Monday,Cloudy,Sports,55
22,Wednesday,Rain,Concert,58
15,Friday,Clear,Sports,62
7,Sunday,Cloudy,Festival,80
9,Tuesday,Clear,Festival,69
11,Tuesday,Cloudy,Festival,57
22,Wednesday,Cloudy,Concert,59
6,Thursday,Rain,Concert,56
11,Saturday,Rain,Concert,68
22,Wednesday,Cloudy,Sports,65
6,Friday,Clear,Festival,56
7,Tuesday,Cloudy,Concert,54
13,Thursday,Clear,Sports,50
16,Tuesday,Rain,Concert,60
17,Friday,Cloudy,Sports,76
14,Friday,Cloudy,Sports,52
15,Wednesday,Clear,Sports,65
3,Wednesday,Clear,Concert,65
21,Saturday,Clear,Festival,93
12,Wednesday,Cloudy,Sports,69
5,Saturday,Cloudy,Festival,71
18,Saturday,Cloudy,NoEvent,92
0,Wednesday,Cloudy,NoEvent,69
1,Saturday,Clear,Sports,77
23,Saturday,Rain,Concert,71
4,Sunday,Clear,Sports,85
4,Thursday,Clear,Festival,63
0,Friday,Rain,Concert,51
12,Thursday,Clear,Festival,50
2,Thursday,Rain,NoEvent,50
18,Wednesday,Clear,Sports,90
2,Wednesday,Rain,Concert,40
16,Friday,Cloudy,Concert,70
21,Monday,Cloudy,Concert,84
8,Sunday,Rain,NoEvent,79
13,Monday,Cloudy,Sports,50
2,Sunday,Cloudy,Concert,82
11,Tuesday,Rain,Festival,47
22,Tuesday,Clear,Festival,54
23,Thursday,Rain,NoEvent,54
15,Saturday,Cloudy,NoEvent,74
8,Friday,Clear,Festival,53
14,Wednesday,Clear,Festival,63
8,Wednesday,Cloudy,NoEvent,59
7,Thursday,Cloudy,Concert,55
8,Friday,Rain,Concert,59
20,Sunday,Cloudy,Concert,100
6,Monday,Clear,Sports,63
4,Thursday,Cloudy,Concert,56
11,Wednesday,Rain,Festival,48
10,Thursday,Clear,Sports,51
17,Monday,Rain,Festival,74
9,Thursday,Cloudy,Festival,50
10,Thursday,Clear,Sports,69
5,Sunday,Clear,Sports,75
17,Monday,Rain,Sports,80
20,Wednesday,Rain,Sports,69
23,Tuesday,Clear,Sports,53
11,Tuesday,Clear,Concert,52
18,Wednesday,Rain,Festival,63
5,Friday,Clear,Concert,67
13,Thursday,Clear,Festival,61
14,Monday,Rain,Concert,47
15,Sunday,Rain,Concert,65
17,Monday,Cloudy,NoEvent,73
19,Tuesday,Cloudy,Sports,70
17,Sunday,Clear,Festival,100
7,Monday,Rain,NoEvent,43
20,Saturday,Rain,Sports,90
16,Monday,Rain,Concert,43
1,Sunday,Rain,Concert,64
4,Sunday,Rain,NoEvent,74
18,Wednesday,Rain,NoEvent,66
15,Monday,Cloudy,Concert,63
9,Sunday,Rain,Concert,77
3,Saturday,Clear,NoEvent,79
23,Friday,Cloudy,Festival,65
0,Monday,Cloudy,NoEvent,68
14,Friday,Clear,Sports,53
6,Sunday,Clear,NoEvent,84
8,Thursday,Rain,Sports,40
16,Thursday,Cloudy,Sports,59
14,Monday,Rain,Sports,44
9,Thursday,Clear,Festival,52
22,Sunday,Cloudy,Festival,73
9,Friday,Clear,Concert,57
0,Saturday,Clear,Sports,70
14,Wednesday,Clear,NoEvent,61
6,Saturday,Rain,Sports,64
12,Monday,Cloudy,Festival,62
13,Tuesday,Rain,Sports,45
15,Thursday,Clear,NoEvent,54
9,Sunday,Cloudy,Concert,72
2,Monday,Rain,Concert,53
14,Saturday,Rain,Sports,68
4,Sunday,Rain,Concert,69
8,Wednesday,Cloudy,Festival,61
17,Thursday,Rain,NoEvent,71
15,Friday,Cloudy,Sports,53
5,Saturday,Cloudy,Concert,86
15,Saturday,Clear,Festival,74
2,Monday,Clear,Sports,69
20,Sunday,Cloudy,NoEvent,100
11,Monday,Cloudy,NoEvent,53
15,Thursday,Cloudy,Festival,51
12,Friday,Rain,Sports,55
17,Wednesday,Clear,NoEvent,79
3,Thursday,Cloudy,Festival,69
19,Tuesday,Clear,Sports,71
23,Saturday,Clear,NoEvent,78
2,Sunday,Cloudy,Sports,78
22,Saturday,Cloudy,Concert,82
6,Monday,Rain,NoEvent,51
13,Saturday,Cloudy,Concert,71
7,Monday,Clear,Sports,54
13,Thursday,Cloudy,Concert,53
11,Tuesday,Clear,NoEvent,51
7,Wednesday,Clear,Festival,50
16,Friday,Clear,Concert,51
13,Tuesday,Clear,Sports,67
1,Tuesday,Clear,Festival,67
9,Saturday,Rain,Festival,63
8,Thursday,Cloudy,Sports,56
8,Friday,Rain,Concert,57
0,Tuesday,Rain,Festival,44
7,Friday,Cloudy,Sports,53
21,Tuesday,Cloudy,Concert,81
15,Saturday,Rain,Sports,76
15,Thursday,Cloudy,Concert,53
22,Monday,Cloudy,Concert,61
9,Tuesday,Cloudy,Festival,52
3,Wednesday,Clear,Festival,70
4,Thursday,Rain,Sports,50
19,Saturday,Cloudy,NoEvent,100
16,Wednesday,Clear,Festival,50
16,Tuesday,Cloudy,Festival,69
18,Sunday,Clear,Sports,100
18,Thursday,Cloudy,NoEvent,87
21,Wednesday,Clear,Festival,85
2,Monday,Clear,Concert,53
8,Friday,Cloudy,Sports,64
14,Thursday,Rain,Festival,50
20,Sunday,Clear,Festival,92
18,Thursday,Clear,Festival,88
13,Thursday,Cloudy,NoEvent,57
3,Saturday,Cloudy,NoEvent,84
22,Sunday,Cloudy,Festival,72
19,Wednesday,Rain,Festival,65
16,Tuesday,Cloudy,Concert,62
21,Friday,Rain,Sports,67
11,Friday,Rain,Concert,43
15,Monday,Clear,Festival,62
2,Tuesday,Rain,Sports,50
6,Saturday,Rain,Festival,72
18,Tuesday,Cloudy,Concert,74
6,Thursday,Rain,Concert,49
5,Wednesday,Cloudy,Concert,50
8,Tuesday,Cloudy,NoEvent,54
16,Tuesday,Clear,Festival,60
21,Friday,Cloudy,NoEvent,81
5,Wednesday,Cloudy,Festival,55
1,Wednesday,Cloudy,NoEvent,65
18,Monday,Cloudy,Sports,72
22,Thursday,Rain,Festival,57
1,Friday,Rain,NoEvent,55
11,Tuesday,Cloudy,Concert,58
10,Sunday,Cloudy,Sports,75
18,Friday,Rain,Concert,61
4,Friday,Cloudy,NoEvent,53
7,Friday,Clear,Concert,56
18,Monday,Rain,Concert,65
23,Friday,Clear,NoEvent,51
2,Tuesday,Rain,Concert,50
14,Wednesday,Clear,Concert,62
4,Friday,Clear,Concert,59
21,Sunday,Clear,Concert,97
21,Monday,Rain,Sports,77
7,Thursday,Cloudy,Festival,51
15,Saturday,Cloudy,Sports,72
6,Tuesday,Rain,Concert,59
6,Friday,Rain,Festival,52
23,Friday,Clear,NoEvent,61
3,Friday,Clear,Sports,50
15,Tuesday,Cloudy,Concert,65
19,Tuesday,Clear,Festival,79
4,Wednesday,Cloudy,NoEvent,57
7,Saturday,Clear,Festival,72
20,Sunday,Clear,Festival,100
11,Wednesday,Clear,Festival,56
12,Tuesday,Cloudy,Concert,65
17,Monday,Rain,Concert,79
10,Tuesday,Cloudy,Concert,54
7,Tuesday,Clear,Sports,69
13,Monday,Clear,Concert,68
15,Friday,Cloudy,Concert,58
12,Monday,Cloudy,NoEvent,60
16,Sunday,Cloudy,Sports,70
11,Tuesday,Rain,Festival,55
13,Wednesday,Cloudy,Sports,62
23,Thursday,Cloudy,Concert,65
17,Wednesday,Rain,Festival,71
2,Thursday,Clear,Festival,63
6,Saturday,Cloudy,Concert,74
16,Saturday,Rain,Concert,61
4,Sunday,Cloudy,Festival,84
12,Monday,Clear,NoEvent,70
5,Wednesday,Cloudy,NoEvent,69
9,Monday,Rain,NoEvent,53
6,Monday,Clear,Festival,61
7,Sunday,Rain,NoEvent,73
0,Friday,Rain,Sports,45
21,Monday,Cloudy,Festival,71
15,Wednesday,Rain,Festival,45
3,Thursday,Rain,Festival,54
5,Sunday,Rain,Festival,74
7,Wednesday,Clear,Sports,57
12,Tuesday,Clear,Festival,61
16,Friday,Clear,Concert,63
4,Monday,Rain,Concert,53
21,Thursday,Cloudy,NoEvent,82
13,Friday,Cloudy,NoEvent,58
10,Thursday,Clear,Festival,69
17,Tuesday,Clear,Sports,85
10,Wednesday,Rain,Sports,56
16,Friday,Clear,NoEvent,55
23,Saturday,Clear,Festival,76
12,Sunday,Rain,Sports,73
15,Sunday,Cloudy,Sports,76
13,Saturday,Clear,Festival,74
12,Tuesday,Rain,NoEvent,42
17,Tuesday,Rain,Sports,80
12,Sunday,Rain,NoEvent,71
19,Tuesday,Cloudy,NoEvent,75
14,Wednesday,Rain,NoEvent,41
23,Saturday,Rain,Festival,74
3,Wednesday,Clear,NoEvent,68
3,Saturday,Clear,Festival,90
9,Thursday,Clear,Concert,60
22,Wednesday,Clear,Concert,55
5,Wednesday,Rain,Festival,44
20,Monday,Cloudy,Festival,83
3,Sunday,Cloudy,NoEvent,81
14,Monday,Cloudy,Concert,69
18,Monday,Clear,Sports,86
7,Saturday,Clear,NoEvent,84
8,Wednesday,Clear,NoEvent,69
12,Wednesday,Cloudy,Sports,50
12,Monday,Rain,NoEvent,40
6,Thursday,Rain,NoEvent,58
7,Saturday,Clear,Sports,87
14,Thursday,Cloudy,Festival,56
16,Thursday,Rain,NoEvent,43
4,Wednesday,Cloudy,NoEvent,70
10,Thursday,Clear,Festival,55
5,Monday,Cloudy,Concert,65
0,Thursday,Rain,Concert,43
10,Saturday,Rain,Concert,74
2,Friday,Cloudy,Festival,59
18,Monday,Cloudy,NoEvent,84
8,Saturday,Clear,Sports,77
4,Monday,Clear,Festival,53
16,Saturday,Cloudy,Concert,75
4,Saturday,Clear,Concert,90
2,Sunday,Rain,Concert,78
20,Sunday,Rain,Sports,86
13,Sunday,Cloudy,NoEvent,89
23,Wednesday,Clear,Sports,68
9,Wednesday,Cloudy,Concert,56
12,Sunday,Cloudy,Sports,76
4,Saturday,Rain,Festival,66
0,Wednesday,Clear,Sports,50
5,Monday,Rain,NoEvent,50
0,Tuesday,Clear,NoEvent,69
0,Saturday,Cloudy,Sports,82
6,Wednesday,Rain,Sports,53
23,Wednesday,Cloudy,Sports,64
13,Monday,Cloudy,Sports,56
15,Saturday,Clear,Sports,85
13,Sunday,Rain,Concert,75
1,Tuesday,Clear,Festival,54
8,Friday,Rain,Concert,60
4,Wednesday,Rain,Concert,52
17,Friday,Cloudy,Concert,79
10,Thursday,Clear,Concert,52
11,Monday,Clear,Sports,64
14,Thursday,Clear,Sports,55
19,Wednesday,Rain,Festival,61
23,Thursday,Rain,NoEvent,55
15,Sunday,Cloudy,NoEvent,90
20,Saturday,Cloudy,Sports,100
2,Sunday,Rain,Festival,73
17,Friday,Clear,Sports,85
5,Monday,Cloudy,Festival,62
16,Tuesday,Rain,NoEvent,43
7,Sunday,Rain,Sports,74
14,Sunday,Clear,Festival,77
1,Sunday,Clear,NoEvent,74
6,Sunday,Rain,NoEvent,66
11,Wednesday,Cloudy,Concert,51
4,Friday,Cloudy,NoEvent,59
5,Wednesday,Cloudy,Sports,60
1,Thursday,Cloudy,Sports,66
21,Monday,Clear,Concert,81
21,Friday,Rain,Sports,66
0,Monday,Rain,Festival,44
3,Saturday,Clear,Concert,85
17,Tuesday,Rain,NoEvent,72
6,Sunday,Cloudy,Concert,87
3,Saturday,Rain,Sports,70
0,Sunday,Cloudy,NoEvent,72
6,Thursday,Rain,Concert,40
19,Monday,Clear,Sports,84
13,Monday,Clear,Concert,59
0,Saturday,Rain,Sports,67
7,Friday,Cloudy,NoEvent,50
1,Monday,Rain,Festival,54
15,Sunday,Rain,Sports,60
3,Friday,Rain,Concert,53
3,Monday,Cloudy,Festival,61
4,Wednesday,Rain,NoEvent,50
8,Wednesday,Clear,Concert,66
2,Tuesday,Rain,Sports,46
15,Tuesday,Rain,Sports,58
8,Saturday,Cloudy,NoEvent,80
2,Saturday,Cloudy,Festival,80
15,Saturday,Clear,Sports,80
13,Tuesday,Rain,Festival,44
4,Monday,Cloudy,Concert,69
15,Sunday,Rain,Sports,66
7,Sunday,Rain,NoEvent,65
5,Friday,Cloudy,Festival,51
6,Tuesday,Cloudy,Festival,56
22,Thursday,Cloudy,Concert,54
19,Thursday,Cloudy,NoEvent,88
23,Monday,Rain,NoEvent,52
12,Wednesday,Rain,Festival,43
12,Saturday,Clear,NoEvent,84
7,Wednesday,Clear,Concert,65
9,Friday,Cloudy,NoEvent,59
17,Friday,Rain,Sports,74
13,Tuesday,Rain,NoEvent,51
13,Tuesday,Rain,Festival,47
17,Sunday,Cloudy,Concert,93
23,Monday,Rain,Sports,60
4,Wednesday,Cloudy,Sports,66
18,Friday,Clear,Festival,86
5,Thursday,Rain,Sports,47
4,Sunday,Cloudy,Festival,83
17,Thursday,Rain,Sports,70
0,Monday,Clear,Sports,62
14,Sunday,Cloudy,Sports,75
11,Monday,Rain,NoEvent,51
12,Tuesday,Clear,Sports,60
21,Wednesday,Cloudy,NoEvent,87
7,Friday,Rain,Festival,52
1,Monday,Rain,Festival,56
4,Wednesday,Cloudy,NoEvent,54
16,Monday,Clear,Concert,55
15,Friday,Rain,Concert,58
6,Friday,Clear,NoEvent,63
17,Monday,Cloudy,Sports,90
7,Sunday,Cloudy,Festival,77
4,Tuesday,Cloudy,Festival,67
1,Sunday,Clear,Festival,75
7,Friday,Rain,NoEvent,56
21,Sunday,Cloudy,Sports,100
9,Friday,Cloudy,Concert,51
14,Saturday,Clear,Festival,75
10,Sunday,Cloudy,Concert,78
13,Thursday,Cloudy,NoEvent,50
22,Sunday,Clear,Sports,71
18,Tuesday,Rain,Concert,76
8,Thursday,Rain,Sports,50
1,Saturday,Clear,Concert,85
17,Saturday,Cloudy,Festival,95
9,Saturday,Rain,Concert,80
2,Wednesday,Clear,Sports,53
15,Monday,Rain,NoEvent,51
23,Sunday,Clear,Concert,81
14,Monday,Clear,NoEvent,52
23,Friday,Clear,Sports,61
12,Wednesday,Cloudy,Concert,58
5,Monday,Rain,Sports,51
5,Tuesday,Rain,Sports,53
16,Saturday,Cloudy,NoEvent,79
13,Wednesday,Clear,Festival,55
23,Sunday,Cloudy,Concert,80
7,Tuesday,Clear,Festival,51
14,Tuesday,Clear,Concert,60
3,Thursday,Rain,NoEvent,43
23,Wednesday,Clear,Festival,66
22,Monday,Clear,Festival,70
22,Thursday,Cloudy,NoEvent,51
3,Tuesday,Rain,NoEvent,54
12,Sunday,Rain,Festival,73
17,Friday,Rain,Festival,71
2,Friday,Clear,Festival,50
21,Wednesday,Rain,Sports,79
2,Thursday,Rain,Sports,54
12,Saturday,Clear,Festival,77
14,Wednesday,Cloudy,NoEvent,66
19,Friday,Clear,Sports,70
17,Tuesday,Rain,NoEvent,72
3,Monday,Clear,Festival,52
17,Sunday,Clear,Festival,100
0,Thursday,Cloudy,NoEvent,64
16,Wednesday,Cloudy,NoEvent,53
23,Monday,Clear,Sports,50
21,Monday,Rain,Concert,66
17,Tuesday,Rain,Concert,71
3,Wednesday,Rain,Sports,50
19,Friday,Rain,NoEvent,77
2,Wednesday,Clear,Concert,54
6,Tuesday,Rain,Sports,53
22,Tuesday,Rain,Sports,50
8,Wednesday,Clear,NoEvent,55
13,Tuesday,Rain,Festival,53
5,Tuesday,Cloudy,Sports,51
17,Sunday,Rain,Festival,91
19,Tuesday,Rain,NoEvent,67
4,Sunday,Clear,Festival,84
1,Thursday,Rain,Concert,57
17,Monday,Rain,Sports,60
16,Saturday,Clear,Festival,87
1,Monday,Rain,Sports,60
13,Friday,Cloudy,NoEvent,53
17,Saturday,Clear,Sports,93
15,Sunday,Cloudy,Festival,72
8,Tuesday,Cloudy,Concert,51
14,Friday,Clear,Festival,64
21,Sunday,Clear,Concert,91
11,Monday,Rain,Concert,43
8,Friday,Clear,Sports,55
9,Monday,Clear,Concert,66
12,Tuesday,Clear,Sports,60
6,Thursday,Clear,Festival,51
17,Tuesday,Clear,NoEvent,83
23,Wednesday,Clear,Concert,59
3,Friday,Clear,Concert,69
7,Sunday,Clear,NoEvent,82
4,Friday,Cloudy,Concert,64
20,Sunday,Clear,NoEvent,100
8,Sunday,Cloudy,Sports,79
22,Saturday,Cloudy,Sports,82
18,Monday,Clear,Concert,78
4,Monday,Clear,NoEvent,60
21,Friday,Clear,Sports,80
7,Friday,Clear,Concert,51
4,Saturday,Cloudy,Concert,77
1,Saturday,Rain,Sports,60
19,Monday,Cloudy,Sports,84
3,Friday,Clear,Sports,66
16,Saturday,Rain,NoEvent,73
9,Saturday,Cloudy,NoEvent,79
4,Wednesday,Cloudy,Concert,66
16,Friday,Rain,NoEvent,47
13,Thursday,Cloudy,Sports,58
8,Saturday,Rain,Sports,63
4,Saturday,Clear,Sports,80
10,Tuesday,Rain,Concert,53
8,Monday,Cloudy,NoEvent,66
20,Sunday,Clear,Sports,100
19,Monday,Cloudy,NoEvent,89
1,Saturday,Cloudy,Concert,82
21,Wednesday,Rain,NoEvent,74
2,Thursday,Clear,NoEvent,55
18,Tuesday,Clear,Concert,76
19,Friday,Rain,Festival,60
5,Monday,Cloudy,Sports,62
13,Monday,Clear,Sports,55
2,Saturday,Cloudy,NoEvent,82
8,Tuesday,Clear,Concert,54
3,Tuesday,Clear,NoEvent,67
22,Sunday,Rain,Festival,71
0,Saturday,Clear,Sports,84
20,Tuesday,Clear,Concert,79
8,Saturday,Rain,Sports,60
22,Friday,Rain,Festival,53
9,Saturday,Rain,NoEvent,64
18,Friday,Clear,Concert,84
13,Wednesday,Clear,Concert,65
11,Saturday,Cloudy,NoEvent,84
20,Tuesday,Rain,NoEvent,60
17,Tuesday,Rain,NoEvent,79
10,Sunday,Clear,Concert,73
17,Tuesday,Rain,Festival,75
11,Wednesday,Clear,NoEvent,56
7,Wednesday,Cloudy,Sports,64
7,Thursday,Rain,Concert,53
10,Sunday,Rain,Festival,68
23,Monday,Rain,Concert,41
15,Tuesday,Rain,Sports,59
15,Saturday,Cloudy,NoEvent,84
19,Tuesday,Clear,Concert,77
11,Tuesday,Cloudy,Festival,51
4,Monday,Clear,NoEvent,65
18,Monday,Rain,Sports,68
16,Friday,Clear,Concert,61
0,Wednesday,Clear,NoEvent,64
2,Wednesday,Clear,Concert,61
2,Thursday,Cloudy,Festival,66
13,Saturday,Rain,Concert,65
16,Sunday,Cloudy,Sports,83
7,Thursday,Clear,Concert,65
19,Tuesday,Rain,Concert,73
12,Saturday,Cloudy,Festival,74
12,Saturday,Rain,Festival,64
0,Saturday,Rain,NoEvent,66
16,Friday,Cloudy,Festival,50
3,Saturday,Clear,Concert,75
1,Saturday,Rain,Festival,64
17,Sunday,Rain,Sports,92
21,Saturday,Clear,Concert,100
11,Sunday,Clear,Sports,76
2,Thursday,Rain,Sports,47
1,Wednesday,Cloudy,Festival,60
9,Friday,Rain,NoEvent,47
15,Tuesday,Clear,Festival,52
4,Tuesday,Cloudy,Concert,59
7,Sunday,Rain,NoEvent,79
21,Tuesday,Cloudy,NoEvent,74
7,Monday,Clear,Concert,69
21,Sunday,Cloudy,Concert,100
9,Monday,Cloudy,NoEvent,63
17,Saturday,Cloudy,Concert,90
13,Monday,Rain,NoEvent,52
10,Monday,Clear,Concert,56
4,Sunday,Cloudy,Sports,86
9,Wednesday,Rain,Sports,44
20,Tuesday,Cloudy,Sports,74
16,Monday,Rain,Festival,40
6,Monday,Cloudy,Sports,57
14,Thursday,Rain,Festival,59
1,Monday,Clear,Sports,63
9,Wednesday,Cloudy,Concert,64
0,Friday,Rain,Concert,45
9,Monday,Rain,Sports,52
3,Tuesday,Rain,Sports,48
1,Wednesday,Clear,Festival,50
8,Wednesday,Clear,NoEvent,62
1,Tuesday,Cloudy,Concert,56
15,Saturday,Rain,Sports,75
4,Thursday,Cloudy,Concert,58
19,Wednesday,Rain,Sports,72
9,Monday,Cloudy,NoEvent,70
21,Thursday,Cloudy,Concert,87
17,Monday,Rain,Sports,63
21,Monday,Cloudy,Concert,77
16,Sunday,Rain,Festival,72
16,Wednesday,Clear,Festival,51
18,Saturday,Rain,Concert,84
19,Saturday,Cloudy,Festival,100
18,Tuesday,Clear,Sports,82
10,Monday,Rain,NoEvent,57
19,Thursday,Cloudy,Sports,79
10,Sunday,Cloudy,NoEvent,84
6,Tuesday,Clear,Concert,60
6,Friday,Clear,NoEvent,67
21,Sunday,Rain,Sports,84
12,Tuesday,Clear,NoEvent,64
6,Saturday,Cloudy,Festival,87
3,Thursday,Cloudy,Concert,68
6,Sunday,Clear,Sports,86
21,Monday,Rain,NoEvent,61
9,Sunday,Rain,Festival,63
8,Sunday,Cloudy,Concert,81
16,Saturday,Rain,Concert,72
8,Monday,Clear,Concert,70
9,Monday,Rain,Concert,56
1,Sunday,Cloudy,Concert,85
10,Monday,Clear,Concert,53
4,Tuesday,Clear,Sports,62
4,Thursday,Cloudy,NoEvent,50
3,Sunday,Clear,Sports,72
6,Saturday,Rain,Festival,80
15,Friday,Cloudy,Sports,66
12,Tuesday,Rain,Sports,57
13,Wednesday,Rain,Sports,60
5,Wednesday,Clear,Sports,52
18,Saturday,Rain,Sports,88
18,Saturday,Clear,Concert,100
7,Saturday,Clear,NoEvent,84
12,Tuesday,Cloudy,Concert,51
11,Wednesday,Clear,Sports,60
15,Sunday,Clear,Sports,76
2,Saturday,Clear,Festival,87
13,Friday,Clear,Concert,60
17,Saturday,Cloudy,NoEvent,93
6,Thursday,Clear,Concert,53
12,Saturday,Cloudy,NoEvent,83
13,Wednesday,Rain,Concert,40
9,Monday,Clear,Sports,57
19,Monday,Rain,Sports,77
18,Saturday,Rain,Sports,87
2,Friday,Clear,Concert,55
17,Sunday,Clear,Sports,100
2,Friday,Rain,NoEvent,44
12,Friday,Clear,Festival,60
18,Monday,Rain,NoEvent,71
17,Monday,Clear,Sports,88
20,Sunday,Clear,Concert,100
12,Saturday,Cloudy,Sports,86
5,Tuesday,Cloudy,Sports,50
14,Monday,Cloudy,NoEvent,63
9,Tuesday,Rain,Festival,47
1,Saturday,Rain,Concert,60
20,Wednesday,Cloudy,NoEvent,70
7,Tuesday,Cloudy,NoEvent,50
14,Tuesday,Clear,Festival,57
0,Wednesday,Clear,Festival,61
20,Tuesday,Clear,NoEvent,70
14,Wednesday,Cloudy,Concert,57
10,Saturday,Rain,Concert,79
4,Tuesday,Clear,Concert,50
14,Saturday,Rain,Concert,67
14,Monday,Cloudy,Festival,53
6,Friday,Clear,NoEvent,62
15,Monday,Clear,NoEvent,59
6,Wednesday,Cloudy,Sports,63
16,Tuesday,Cloudy,Sports,68
22,Tuesday,Rain,Concert,59
17,Tuesday,Rain,Sports,79
12,Tuesday,Clear,Sports,52
6,Monday,Cloudy,Festival,62
16,Monday,Cloudy,NoEvent,63
13,Friday,Rain,Festival,50
21,Sunday,Clear,Concert,92
18,Wednesday,Rain,Sports,63
16,Friday,Clear,Sports,55
20,Wednesday,Clear,Festival,83
4,Saturday,Rain,Concert,68
15,Wednesday,Cloudy,Concert,55
13,Tuesday,Cloudy,Festival,70
10,Tuesday,Clear,Concert,66
20,Thursday,Cloudy,Concert,70
15,Sunday,Cloudy,Festival,75
20,Friday,Rain,Sports,73
13,Friday,Rain,NoEvent,49
0,Monday,Cloudy,Festival,64
23,Wednesday,Cloudy,NoEvent,63
19,Sunday,Rain,NoEvent,97
4,Thursday,Cloudy,Sports,54
16,Friday,Cloudy,NoEvent,51
15,Tuesday,Cloudy,Concert,60
22,Friday,Rain,Sports,60
3,Saturday,Clear,NoEvent,79
15,Wednesday,Clear,Sports,66
21,Wednesday,Cloudy,Festival,86
9,Wednesday,Cloudy,Concert,52
8,Monday,Rain,Concert,50
12,Monday,Cloudy,NoEvent,57
2,Monday,Cloudy,Festival,62
22,Sunday,Rain,Sports,70
15,Saturday,Rain,NoEvent,66
5,Friday,Rain,NoEvent,55
10,Tuesday,Cloudy,Concert,56
22,Wednesday,Cloudy,Sports,66
19,Saturday,Cloudy,NoEvent,92
17,Sunday,Cloudy,Concert,100
5,Wednesday,Rain,NoEvent,60
15,Tuesday,Cloudy,Sports,52
1,Monday,Rain,Festival,59
5,Tuesday,Clear,Sports,62
10,Friday,Clear,Festival,55
21,Wednesday,Rain,Concert,77
2,Friday,Clear,Concert,66
14,Tuesday,Rain,NoEvent,45
3,Friday,Cloudy,Festival,52
9,Saturday,Rain,Sports,67
9,Monday,Cloudy,NoEvent,67
18,Thursday,Clear,Concert,79
16,Sunday,Clear,Festival,71
17,Tuesday,Cloudy,Sports,74
10,Tuesday,Clear,NoEvent,59
0,Friday,Clear,Festival,58
13,Tuesday,Rain,Sports,44
2,Tuesday,Cloudy,Concert,60
13,Wednesday,Clear,Concert,68
4,Monday,Cloudy,Festival,66
17,Friday,Rain,Concert,74
0,Monday,Rain,Concert,40
21,Wednesday,Cloudy,Festival,78
17,Friday,Clear,Concert,73
10,Friday,Rain,Sports,54
20,Saturday,Clear,Festival,100
17,Friday,Cloudy,Festival,77
21,Tuesday,Cloudy,NoEvent,82
0,Friday,Clear,Festival,68
9,Monday,Clear,NoEvent,70
19,Thursday,Clear,NoEvent,82
7,Wednesday,Rain,Concert,53
3,Sunday,Cloudy,Concert,84
11,Tuesday,Clear,Sports,66
7,Friday,Clear,Sports,70
15,Thursday,Clear,Sports,58
13,Tuesday,Clear,Festival,51
20,Monday,Rain,Sports,70
1,Thursday,Clear,Sports,52
21,Thursday,Rain,Concert,76
5,Tuesday,Clear,Concert,65
6,Saturday,Clear,NoEvent,78
0,Thursday,Clear,Concert,66
13,Monday,Clear,Sports,63
1,Wednesday,Clear,NoEvent,58
13,Wednesday,Cloudy,Concert,60
23,Monday,Cloudy,Concert,60
2,Sunday,Cloudy,Festival,72
12,Thursday,Cloudy,Sports,54
7,Monday,Cloudy,NoEvent,69
4,Saturday,Cloudy,NoEvent,73
4,Sunday,Rain,NoEvent,80
20,Sunday,Rain,NoEvent,89
17,Tuesday,Cloudy,NoEvent,76
3,Wednesday,Rain,NoEvent,40
12,Saturday,Rain,Festival,80
16,Wednesday,Rain,Festival,56
10,Monday,Clear,NoEvent,53
10,Saturday,Rain,Concert,65
6,Thursday,Rain,Sports,41
18,Sunday,Rain,NoEvent,96
1,Thursday,Cloudy,NoEvent,65
6,Sunday,Clear,Festival,73
8,Wednesday,Clear,Sports,58
2,Wednesday,Rain,Festival,42
8,Thursday,Clear,Sports,63
5,Monday,Clear,Concert,50
7,Friday,Clear,Concert,60
7,Friday,Rain,NoEvent,54
17,Sunday,Cloudy,Festival,100
6,Friday,Clear,NoEvent,69
0,Wednesday,Rain,Concert,58
22,Wednesday,Cloudy,Sports,59
17,Tuesday,Clear,Concert,72
0,Wednesday,Cloudy,NoEvent,64
20,Tuesday,Cloudy,Sports,73
22,Sunday,Clear,Concert,82
2,Monday,Rain,Sports,47
5,Saturday,Clear,Concert,86
18,Wednesday,Clear,Festival,71
2,Wednesday,Rain,Sports,42
4,Tuesday,Clear,Festival,55
14,Tuesday,Cloudy,Concert,64
11,Monday,Cloudy,Festival,66
8,Thursday,Cloudy,Concert,53
9,Friday,Clear,NoEvent,52
16,Wednesday,Rain,NoEvent,46
8,Thursday,Rain,Festival,53
15,Saturday,Cloudy,Festival,84
5,Monday,Rain,NoEvent,48
8,Saturday,Rain,Concert,69
7,Monday,Clear,Sports,55
16,Friday,Clear,Sports,69
5,Friday,Rain,Concert,49
13,Friday,Clear,Concert,56
11,Monday,Cloudy,NoEvent,67
15,Monday,Rain,Concert,59
21,Saturday,Rain,Concert,97
4,Wednesday,Cloudy,Sports,61
10,Thursday,Clear,Festival,66
21,Monday,Cloudy,NoEvent,79
3,Saturday,Clear,NoEvent,85
11,Wednesday,Rain,Concert,48
0,Friday,Rain,Festival,43
13,Wednesday,Clear,Concert,51
5,Thursday,Rain,Sports,56
7,Thursday,Rain,Sports,50
2,Monday,Rain,Sports,53
15,Sunday,Clear,NoEvent,76
19,Monday,Rain,Festival,70
19,Wednesday,Clear,Sports,74
14,Sunday,Rain,Festival,60
19,Tuesday,Clear,Concert,74
7,Wednesday,Rain,NoEvent,53
23,Thursday,Rain,NoEvent,52
13,Tuesday,Cloudy,Concert,62
10,Saturday,Rain,NoEvent,74
19,Wednesday,Clear,Concert,89
14,Tuesday,Clear,NoEvent,59
2,Thursday,Rain,Concert,53
4,Sunday,Cloudy,NoEvent,85
3,Sunday,Clear,Festival,82
11,Saturday,Cloudy,Sports,70
20,Thursday,Clear,Sports,85
11,Saturday,Rain,NoEvent,63
17,Thursday,Rain,Sports,76
5,Tuesday,Cloudy,Festival,63
5,Saturday,Rain,NoEvent,75
3,Tuesday,Rain,NoEvent,47
22,Wednesday,Clear,NoEvent,62
1,Saturday,Clear,Concert,78
6,Tuesday,Clear,Concert,67
6,Tuesday,Cloudy,Festival,68
2,Tuesday,Clear,Festival,57
21,Saturday,Clear,Sports,94
0,Wednesday,Cloudy,NoEvent,70
3,Sunday,Cloudy,Festival,85
18,Tuesday,Clear,NoEvent,90
14,Thursday,Rain,Concert,55
23,Wednesday,Cloudy,Festival,65
22,Thursday,Rain,Festival,51
11,Saturday,Rain,NoEvent,65
21,Monday,Rain,NoEvent,75
5,Tuesday,Cloudy,NoEvent,69
8,Sunday,Rain,Festival,66
0,Sunday,Rain,Sports,62
8,Tuesday,Rain,Concert,57
0,Thursday,Cloudy,Sports,63
2,Sunday,Cloudy,NoEvent,76
13,Monday,Rain,NoEvent,48
4,Wednesday,Cloudy,Sports,56
22,Saturday,Rain,Sports,69
20,Friday,Clear,Festival,75
3,Wednesday,Rain,Festival,48
9,Thursday,Cloudy,NoEvent,70
1,Thursday,Rain,NoEvent,40
17,Wednesday,Clear,Sports,84
14,Sunday,Cloudy,Festival,80
2,Tuesday,Clear,Concert,68
14,Sunday,Cloudy,Sports,76
11,Friday,Clear,NoEvent,53
23,Monday,Cloudy,NoEvent,55
22,Friday,Cloudy,Concert,67
2,Sunday,Clear,Sports,71
18,Tuesday,Clear,Concert,84
20,Saturday,Cloudy,NoEvent,100
12,Friday,Cloudy,NoEvent,67
10,Monday,Clear,Sports,51
2,Sunday,Cloudy,Sports,90
9,Monday,Clear,Sports,51
8,Monday,Rain,Concert,44
23,Sunday,Cloudy,Sports,76
18,Wednesday,Rain,Festival,61
10,Tuesday,Clear,Festival,69
8,Tuesday,Rain,Sports,45
5,Wednesday,Cloudy,Festival,65
17,Friday,Rain,Festival,76
8,Friday,Clear,Sports,53
16,Saturday,Clear,Sports,84
12,Saturday,Clear,Sports,85
5,Wednesday,Cloudy,Concert,65
6,Tuesday,Cloudy,NoEvent,62
2,Saturday,Cloudy,Festival,78
12,Wednesday,Rain,NoEvent,50
21,Friday,Clear,Concert,74
21,Friday,Cloudy,Festival,73
0,Friday,Clear,NoEvent,56
5,Tuesday,Clear,Sports,51
3,Sunday,Clear,Concert,80
23,Tuesday,Clear,Festival,51
2,Sunday,Rain,NoEvent,80
10,Saturday,Clear,Sports,89
22,Friday,Cloudy,Festival,64
17,Wednesday,Cloudy,Sports,84
23,Sunday,Cloudy,NoEvent,78
18,Thursday,Rain,Festival,65
18,Sunday,Rain,Festival,81
11,Tuesday,Clear,Concert,59
8,Tuesday,Cloudy,Festival,69
16,Wednesday,Cloudy,Concert,50
9,Tuesday,Clear,Concert,66
16,Sunday,Rain,Festival,77
6,Monday,Rain,Festival,52
9,Friday,Clear,Concert,56
13,Tuesday,Rain,Concert,45
21,Tuesday,Clear,Concert,86
23,Tuesday,Rain,Sports,58
19,Friday,Clear,NoEvent,80
18,Saturday,Rain,Concert,95
5,Friday,Clear,Festival,56
8,Saturday,Clear,Concert,87
6,Monday,Rain,NoEvent,50
23,Tuesday,Rain,Sports,56
4,Thursday,Rain,Festival,59
14,Monday,Cloudy,Concert,68
9,Friday,Cloudy,Concert,68
2,Thursday,Cloudy,Sports,60
6,Sunday,Rain,NoEvent,71
9,Friday,Cloudy,Sports,55
6,Wednesday,Cloudy,Festival,68
15,Thursday,Clear,Sports,53
23,Sunday,Rain,NoEvent,79
16,Monday,Cloudy,Sports,65
1,Friday,Cloudy,NoEvent,65
8,Friday,Rain,Concert,52
15,Sunday,Cloudy,NoEvent,82
13,Wednesday,Clear,Concert,61
22,Thursday,Rain,Sports,57
17,Saturday,Clear,Concert,100
12,Tuesday,Rain,Sports,47
23,Wednesday,Cloudy,Festival,64
10,Friday,Clear,Concert,69
5,Thursday,Cloudy,Concert,58
19,Saturday,Cloudy,Sports,100
22,Wednesday,Rain,NoEvent,53
4,Sunday,Cloudy,Festival,78
6,Thursday,Rain,NoEvent,52
4,Wednesday,Clear,Sports,61
19,Thursday,Cloudy,Sports,87
18,Friday,Cloudy,NoEvent,80
7,Monday,Rain,NoEvent,56
9,Saturday,Clear,Concert,70
5,Wednesday,Clear,Sports,51
5,Wednesday,Clear,NoEvent,61
7,Saturday,Clear,Festival,73
9,Wednesday,Clear,Sports,66
4,Sunday,Cloudy,Concert,83
19,Monday,Rain,NoEvent,70
0,Monday,Clear,Sports,64
2,Friday,Clear,Festival,64
3,Tuesday,Cloudy,Concert,51
11,Friday,Clear,Festival,60
6,Monday,Rain,Festival,56
1,Friday,Clear,Sports,57
8,Tuesday,Cloudy,Sports,57
11,Friday,Cloudy,Concert,52
5,Thursday,Clear,NoEvent,54
7,Thursday,Clear,Sports,69
6,Wednesday,Clear,Concert,69
18,Tuesday,Rain,Festival,70
6,Tuesday,Rain,Festival,53
6,Thursday,Cloudy,Sports,58
11,Tuesday,Rain,Festival,45
4,Wednesday,Rain,Sports,58
2,Tuesday,Rain,Sports,56
11,Friday,Clear,Sports,54
8,Wednesday,Clear,NoEvent,62
16,Saturday,Clear,Concert,71
3,Sunday,Cloudy,NoEvent,74
1,Thursday,Clear,NoEvent,69
22,Wednesday,Clear,Festival,50
19,Saturday,Cloudy,Concert,97
19,Sunday,Cloudy,Sports,100
4,Saturday,Clear,Concert,88
0,Thursday,Rain,Concert,57
23,Saturday,Cloudy,Sports,90
3,Sunday,Clear,NoEvent,88
8,Friday,Cloudy,NoEvent,54
5,Monday,Clear,NoEvent,65
3,Monday,Rain,Festival,46
17,Wednesday,Clear,Festival,80
23,Tuesday,Cloudy,Concert,54
8,Tuesday,Clear,NoEvent,64
22,Sunday,Rain,Sports,80
9,Monday,Clear,NoEvent,62
10,Monday,Cloudy,NoEvent,70
9,Monday,Rain,Sports,52
22,Saturday,Cloudy,NoEvent,72
17,Tuesday,Cloudy,Sports,86
11,Friday,Rain,Sports,43
2,Monday,Rain,NoEvent,41
20,Monday,Rain,Concert,69
7,Thursday,Rain,Concert,51
7,Saturday,Clear,NoEvent,76
16,Sunday,Clear,Concert,90
6,Friday,Clear,Concert,51
9,Saturday,Rain,NoEvent,74
21,Thursday,Clear,NoEvent,77
14,Sunday,Rain,Concert,64
5,Sunday,Clear,Sports,82
15,Monday,Clear,Sports,52
6,Thursday,Rain,NoEvent,44
1,Friday,Clear,Festival,50
21,Friday,Cloudy,Festival,87
13,Friday,Rain,NoEvent,51
21,Wednesday,Cloudy,Concert,88
12,Monday,Cloudy,NoEvent,69
22,Wednesday,Rain,Sports,41
1,Wednesday,Cloudy,Sports,54
14,Sunday,Cloudy,Concert,74
1,Wednesday,Clear,Festival,54
1,Wednesday,Cloudy,Festival,61
20,Sunday,Rain,Concert,80
18,Sunday,Clear,NoEvent,96
23,Wednesday,Clear,Concert,62
14,Tuesday,Cloudy,Sports,62
9,Saturday,Clear,Concert,72
16,Tuesday,Cloudy,Sports,52
9,Thursday,Clear,Concert,69
4,Friday,Cloudy,Concert,50
17,Wednesday,Cloudy,Concert,88
10,Friday,Cloudy,Festival,59
16,Thursday,Rain,Festival,59
10,Tuesday,Cloudy,Sports,66
15,Friday,Cloudy,Sports,52
10,Friday,Cloudy,NoEvent,58
4,Sunday,Clear,Concert,75
4,Sunday,Clear,NoEvent,70
7,Sunday,Cloudy,Concert,83
0,Tuesday,Clear,Concert,68
10,Saturday,Cloudy,Festival,84
22,Sunday,Rain,Concert,66
14,Tuesday,Clear,Festival,59
22,Saturday,Rain,Concert,61
4,Saturday,Clear,NoEvent,75
8,Sunday,Cloudy,NoEvent,87
3,Friday,Clear,Festival,63
10,Friday,Clear,Concert,70
0,Thursday,Clear,Sports,51
6,Wednesday,Rain,Concert,60
8,Sunday,Clear,NoEvent,83
2,Friday,Rain,Festival,59
8,Friday,Cloudy,NoEvent,67
0,Wednesday,Rain,NoEvent,58
20,Monday,Rain,Festival,67
15,Monday,Clear,Sports,62
11,Tuesday,Clear,NoEvent,68
4,Monday,Rain,Festival,41
19,Friday,Rain,Concert,71
23,Tuesday,Cloudy,Festival,62
8,Saturday,Rain,Concert,78
13,Thursday,Cloudy,NoEvent,65
0,Monday,Rain,Concert,52
9,Wednesday,Rain,Concert,57
4,Thursday,Cloudy,Sports,70
3,Sunday,Clear,NoEvent,75
20,Monday,Rain,NoEvent,65
10,Saturday,Cloudy,NoEvent,75
2,Friday,Rain,Festival,45
0,Wednesday,Rain,NoEvent,45
1,Friday,Cloudy,Festival,57
14,Tuesday,Cloudy,Sports,66
1,Wednesday,Cloudy,Festival,66
9,Thursday,Rain,Sports,58
10,Friday,Rain,Concert,52
0,Sunday,Cloudy,NoEvent,79
17,Wednesday,Clear,Festival,85
18,Sunday,Rain,Sports,83
8,Wednesday,Cloudy,Concert,55
12,Tuesday,Rain,Festival,47
17,Friday,Rain,Sports,73
9,Monday,Rain,Concert,48
11,Tuesday,Rain,NoEvent,47
23,Saturday,Clear,NoEvent,83
21,Monday,Cloudy,NoEvent,83
17,Monday,Clear,Sports,73
13,Friday,Cloudy,Sports,69
15,Sunday,Clear,Festival,80
11,Friday,Cloudy,NoEvent,59
22,Tuesday,Cloudy,Festival,53
14,Sunday,Rain,Festival,76
17,Friday,Rain,Festival,60
3,Sunday,Clear,Sports,75
14,Friday,Cloudy,Sports,59
23,Monday,Clear,Concert,50
21,Tuesday,Rain,NoEvent,75
16,Sunday,Cloudy,Concert,77
22,Friday,Clear,Sports,56
5,Friday,Clear,Concert,58
6,Saturday,Cloudy,Festival,71
20,Tuesday,Rain,Sports,78
23,Sunday,Cloudy,Festival,84
17,Thursday,Rain,Sports,64
8,Sunday,Cloudy,Concert,90
23,Thursday,Cloudy,Concert,53
3,Friday,Rain,Festival,50
0,Thursday,Rain,Sports,45
5,Saturday,Rain,Festival,61
20,Monday,Rain,Concert,61
13,Thursday,Clear,Festival,62
7,Thursday,Cloudy,Concert,51
20,Friday,Cloudy,Sports,88
11,Saturday,Cloudy,Sports,83
6,Tuesday,Cloudy,Festival,59
6,Tuesday,Rain,Festival,43
20,Wednesday,Clear,Sports,89
9,Friday,Clear,Festival,57
3,Saturday,Cloudy,NoEvent,72
22,Sunday,Cloudy,Festival,86
6,Thursday,Rain,Festival,42
21,Friday,Rain,Sports,72
1,Saturday,Clear,Concert,75
3,Thursday,Rain,Sports,41
11,Saturday,Cloudy,NoEvent,71
11,Wednesday,Rain,Concert,43
11,Sunday,Rain,NoEvent,68
8,Thursday,Clear,NoEvent,63
1,Thursday,Cloudy,NoEvent,60
19,Saturday,Cloudy,Sports,100
8,Thursday,Rain,Concert,52
9,Saturday,Cloudy,NoEvent,80
14,Tuesday,Clear,NoEvent,61
1,Thursday,Rain,Festival,42
15,Friday,Clear,Concert,70
5,Saturday,Cloudy,NoEvent,71
15,Tuesday,Cloudy,Sports,57
18,Saturday,Clear,Concert,94
5,Wednesday,Rain,Concert,48
7,Friday,Rain,NoEvent,55
14,Sunday,Rain,Festival,65
11,Thursday,Clear,Festival,69
3,Thursday,Clear,NoEvent,51
23,Wednesday,Clear,Sports,66
4,Tuesday,Clear,NoEvent,60
18,Wednesday,Rain,Sports,75
13,Saturday,Clear,Festival,82
17,Thursday,Rain,Festival,76
10,Thursday,Cloudy,Sports,60
10,Saturday,Cloudy,NoEvent,90
6,Saturday,Cloudy,Festival,90
11,Sunday,Cloudy,Sports,83
12,Tuesday,Clear,NoEvent,62
6,Thursday,Cloudy,Sports,54
21,Tuesday,Rain,Concert,61
16,Tuesday,Rain,Sports,57
8,Wednesday,Rain,Concert,59
22,Friday,Cloudy,Sports,57
14,Saturday,Clear,NoEvent,82
6,Wednesday,Clear,NoEvent,67
6,Sunday,Cloudy,Sports,88
13,Thursday,Cloudy,Concert,68
18,Sunday,Cloudy,Sports,100
6,Friday,Rain,Festival,60
8,Sunday,Rain,Festival,77
8,Thursday,Clear,Sports,56
13,Thursday,Cloudy,NoEvent,50
22,Saturday,Clear,Concert,87
16,Wednesday,Cloudy,Concert,52
2,Thursday,Clear,Concert,59
17,Sunday,Clear,NoEvent,100
17,Saturday,Clear,Concert,100
4,Monday,Clear,Festival,69
13,Wednesday,Rain,Concert,42
12,Monday,Cloudy,Concert,63
16,Sunday,Rain,NoEvent,80
11,Wednesday,Rain,Festival,51
9,Monday,Rain,Sports,50
4,Sunday,Cloudy,NoEvent,88
20,Friday,Rain,Concert,68
3,Friday,Cloudy,NoEvent,70
13,Tuesday,Rain,Concert,43
4,Monday,Clear,Festival,69
7,Saturday,Rain,Sports,79
21,Friday,Cloudy,Sports,74
11,Sunday,Rain,Sports,76
11,Wednesday,Rain,Concert,43
21,Tuesday,Clear,Concert,76
17,Wednesday,Clear,NoEvent,86
13,Tuesday,Cloudy,NoEvent,66
0,Friday,Rain,Sports,49
23,Sunday,Cloudy,Festival,73
3,Thursday,Rain,Concert,47
8,Sunday,Clear,Sports,75
15,Sunday,Clear,Festival,76
12,Thursday,Cloudy,Concert,59
7,Friday,Cloudy,Sports,51
12,Thursday,Rain,Sports,46
2,Wednesday,Cloudy,Concert,55
7,Tuesday,Cloudy,NoEvent,68
9,Monday,Cloudy,Festival,50
19,Tuesday,Clear,NoEvent,87
21,Wednesday,Clear,Festival,77
6,Monday,Rain,Concert,44
22,Wednesday,Clear,Concert,54
0,Tuesday,Cloudy,NoEvent,62
6,Sunday,Cloudy,Concert,85
9,Sunday,Clear,Sports,84
18,Thursday,Rain,Concert,68
13,Monday,Clear,NoEvent,59
23,Tuesday,Clear,Concert,69
9,Saturday,Clear,NoEvent,86
14,Monday,Rain,Concert,55
22,Thursday,Clear,NoEvent,54
9,Friday,Cloudy,Festival,62
0,Tuesday,Rain,Concert,51
1,Wednesday,Rain,Festival,41
18,Tuesday,Cloudy,Festival,72
8,Saturday,Cloudy,Sports,82
17,Friday,Cloudy,Concert,82
18,Monday,Clear,NoEvent,81
12,Wednesday,Clear,Sports,64
8,Saturday,Clear,NoEvent,79
23,Thursday,Rain,Sports,60
12,Wednesday,Clear,Concert,67
23,Wednesday,Rain,NoEvent,53
16,Thursday,Clear,Festival,53
8,Friday,Clear,NoEvent,67
10,Wednesday,Rain,Concert,49
9,Monday,Cloudy,Festival,67
23,Tuesday,Clear,Sports,63
5,Wednesday,Cloudy,NoEvent,53
2,Wednesday,Cloudy,Festival,56
9,Sunday,Rain,Sports,72
22,Saturday,Clear,NoEvent,85
16,Saturday,Clear,NoEvent,70
23,Wednesday,Rain,NoEvent,51
17,Wednesday,Cloudy,Sports,87
18,Sunday,Clear,Concert,100
19,Monday,Clear,Festival,88
2,Tuesday,Clear,Concert,70
7,Sunday,Rain,NoEvent,60
1,Saturday,Clear,Festival,89
15,Wednesday,Clear,Sports,64
21,Friday,Clear,Sports,81
16,Monday,Rain,NoEvent,41
21,Sunday,Cloudy,Concert,100
7,Sunday,Cloudy,NoEvent,82
6,Tuesday,Clear,Sports,50
10,Wednesday,Rain,Festival,41
21,Sunday,Cloudy,Concert,100
22,Friday,Rain,NoEvent,47
1,Tuesday,Cloudy,Festival,60
13,Tuesday,Cloudy,Festival,56
17,Wednesday,Cloudy,NoEvent,81
14,Thursday,Rain,NoEvent,48
21,Friday,Rain,NoEvent,66
15,Monday,Rain,Concert,43
22,Sunday,Clear,Festival,73
2,Thursday,Clear,NoEvent,61
1,Wednesday,Clear,Concert,70
14,Friday,Rain,Concert,47
2,Sunday,Rain,NoEvent,60
4,Wednesday,Clear,Festival,57
3,Saturday,Cloudy,NoEvent,84
14,Friday,Rain,NoEvent,49
22,Friday,Rain,NoEvent,48
18,Saturday,Clear,Concert,99
9,Tuesday,Clear,Festival,66
7,Monday,Rain,Festival,40
12,Sunday,Rain,Concert,71
17,Monday,Cloudy,Concert,79
21,Monday,Cloudy,Sports,78
9,Saturday,Cloudy,NoEvent,86
18,Sunday,Cloudy,NoEvent,97
3,Tuesday,Clear,Festival,67
13,Monday,Rain,Festival,52
14,Tuesday,Rain,Festival,57
3,Saturday,Rain,Concert,78
6,Thursday,Rain,NoEvent,45
8,Wednesday,Cloudy,Sports,60
16,Saturday,Rain,Festival,78
11,Tuesday,Clear,NoEvent,62
3,Wednesday,Rain,NoEvent,42
18,Tuesday,Clear,Concert,85
8,Wednesday,Cloudy,Sports,59
16,Thursday,Rain,Sports,51
5,Friday,Rain,Festival,44
20,Wednesday,Rain,Concert,60
18,Friday,Rain,Concert,68
20,Tuesday,Rain,NoEvent,74
18,Monday,Rain,Sports,70
19,Saturday,Rain,Sports,90
13,Monday,Rain,NoEvent,47
21,Tuesday,Clear,NoEvent,84
18,Monday,Clear,Concert,87
12,Monday,Cloudy,Concert,56
21,Monday,Cloudy,Concert,85
9,Tuesday,Rain,NoEvent,46
1,Thursday,Cloudy,Concert,63
7,Wednesday,Rain,Festival,43
16,Monday,Clear,Festival,64
23,Thursday,Cloudy,Sports,69
17,Thursday,Cloudy,Festival,83
1,Tuesday,Cloudy,Sports,64
19,Sunday,Cloudy,Festival,95
16,Sunday,Clear,Festival,83
21,Sunday,Cloudy,Concert,100
17,Tuesday,Cloudy,Concert,82
19,Tuesday,Cloudy,NoEvent,78
18,Monday,Clear,Festival,82
19,Wednesday,Rain,Concert,75
3,Thursday,Clear,Sports,62
9,Sunday,Cloudy,Concert,84
4,Tuesday,Cloudy,Festival,52
13,Tuesday,Cloudy,Festival,55
3,Wednesday,Clear,Festival,58
0,Sunday,Clear,Concert,74
14,Thursday,Cloudy,NoEvent,59
21,Saturday,Clear,Sports,100
3,Wednesday,Cloudy,Sports,66
1,Thursday,Rain,Festival,52
21,Thursday,Cloudy,Festival,89
13,Wednesday,Rain,Festival,56
4,Sunday,Cloudy,NoEvent,84
10,Saturday,Clear,Festival,87
22,Monday,Clear,Festival,54
1,Tuesday,Cloudy,NoEvent,69
19,Wednesday,Rain,Festival,75
17,Sunday,Clear,Festival,97
5,Tuesday,Cloudy,Festival,70
12,Monday,Rain,NoEvent,46
1,Thursday,Cloudy,Festival,58
23,Thursday,Rain,NoEvent,43
14,Thursday,Cloudy,Concert,61
22,Friday,Clear,NoEvent,50
2,Friday,Cloudy,Sports,60
13,Saturday,Cloudy,Concert,85
23,Monday,Rain,Sports,43
16,Saturday,Rain,Concert,70
5,Saturday,Cloudy,Sports,78
1,Tuesday,Cloudy,Sports,62
22,Wednesday,Clear,Concert,57
11,Saturday,Clear,Festival,74
1,Tuesday,Rain,Sports,47
18,Wednesday,Clear,Sports,80
15,Tuesday,Rain,Sports,47
7,Sunday,Clear,Sports,83
18,Sunday,Clear,Festival,93
12,Thursday,Rain,Festival,51
8,Tuesday,Cloudy,Festival,55
6,Thursday,Cloudy,Concert,61
14,Sunday,Cloudy,Concert,81
22,Sunday,Cloudy,Festival,70
3,Friday,Clear,Sports,50
7,Sunday,Cloudy,Festival,88
7,Monday,Cloudy,Concert,64
20,Sunday,Rain,Festival,90
17,Monday,Clear,Sports,81
23,Tuesday,Cloudy,NoEvent,62
5,Friday,Rain,NoEvent,57
5,Friday,Rain,NoEvent,57
10,Tuesday,Cloudy,Festival,64
21,Friday,Cloudy,Festival,72
10,Friday,Rain,NoEvent,47
17,Monday,Clear,NoEvent,82
18,Wednesday,Clear,Sports,72
4,Thursday,Cloudy,Concert,64
18,Tuesday,Clear,Sports,80
19,Sunday,Rain,Festival,99
13,Wednesday,Rain,Concert,51
7,Sunday,Clear,Festival,74
2,Thursday,Clear,Festival,60
22,Wednesday,Rain,NoEvent,43
3,Friday,Clear,Sports,54
22,Friday,Rain,Sports,57
4,Monday,Cloudy,NoEvent,70
18,Monday,Rain,NoEvent,68
5,Thursday,Clear,Sports,57
6,Saturday,Clear,NoEvent,82
0,Monday,Clear,Sports,63
19,Friday,Clear,NoEvent,85
5,Friday,Cloudy,Sports,58
19,Saturday,Rain,Festival,84
11,Monday,Cloudy,Festival,63
21,Tuesday,Rain,NoEvent,76
13,Saturday,Clear,NoEvent,72
21,Tuesday,Rain,Festival,67
18,Saturday,Cloudy,Concert,96
0,Sunday,Rain,Sports,76
14,Thursday,Clear,NoEvent,68
1,Tuesday,Cloudy,Sports,64
15,Sunday,Clear,Festival,83
12,Tuesday,Clear,Concert,53
15,Thursday,Cloudy,Concert,63
5,Thursday,Cloudy,NoEvent,55
0,Thursday,Rain,Concert,48
2,Saturday,Rain,Festival,76
5,Wednesday,Cloudy,Sports,63
8,Wednesday,Rain,Concert,55
7,Saturday,Rain,NoEvent,70
11,Sunday,Rain,Festival,77
10,Sunday,Cloudy,Concert,71
12,Monday,Cloudy,Concert,63
21,Wednesday,Cloudy,Concert,76
7,Friday,Clear,Festival,54
14,Thursday,Rain,Concert,40
13,Wednesday,Cloudy,Festival,55
0,Sunday,Rain,NoEvent,66
13,Friday,Rain,Concert,58
0,Friday,Cloudy,NoEvent,62
1,Saturday,Clear,Sports,89
19,Saturday,Clear,NoEvent,92
6,Monday,Clear,Sports,67
11,Friday,Cloudy,Festival,54
22,Tuesday,Cloudy,Sports,54
18,Thursday,Cloudy,Sports,74
12,Wednesday,Cloudy,Concert,59
14,Wednesday,Cloudy,Festival,59
17,Friday,Clear,Festival,75
8,Monday,Cloudy,Sports,66
4,Saturday,Cloudy,Sports,81
12,Saturday,Rain,Festival,69
13,Sunday,Rain,Sports,75
19,Wednesday,Rain,Sports,76
8,Monday,Rain,Concert,47
7,Friday,Cloudy,NoEvent,54
14,Tuesday,Clear,NoEvent,63
16,Thursday,Rain,Sports,40
10,Sunday,Clear,NoEvent,70
22,Friday,Clear,Sports,58
8,Saturday,Rain,Festival,76
9,Friday,Clear,Sports,63
17,Saturday,Cloudy,Concert,100
10,Monday,Clear,NoEvent,62
17,Tuesday,Clear,NoEvent,78
13,Wednesday,Rain,Festival,48
18,Wednesday,Rain,Sports,79
16,Tuesday,Clear,NoEvent,61
8,Monday,Rain,Sports,57
9,Saturday,Clear,Sports,83
6,Wednesday,Cloudy,Sports,68
14,Thursday,Clear,Sports,52
15,Tuesday,Cloudy,Sports,66
18,Sunday,Cloudy,Festival,91
10,Tuesday,Cloudy,NoEvent,54
22,Friday,Rain,Festival,54
23,Thursday,Cloudy,Sports,56
0,Sunday,Cloudy,Sports,83
15,Saturday,Rain,Festival,66
9,Sunday,Clear,Festival,78
7,Sunday,Clear,Festival,76
21,Sunday,Cloudy,NoEvent,100
8,Monday,Clear,Festival,68
1,Saturday,Clear,NoEvent,72
3,Sunday,Clear,Sports,75
0,Saturday,Clear,NoEvent,86
13,Wednesday,Clear,Sports,70
13,Wednesday,Cloudy,Festival,50
1,Wednesday,Rain,Festival,48
1,Wednesday,Rain,Sports,56
10,Monday,Clear,NoEvent,64
3,Friday,Clear,NoEvent,64
13,Tuesday,Cloudy,NoEvent,58
17,Tuesday,Cloudy,NoEvent,71
1,Sunday,Cloudy,NoEvent,84
9,Sunday,Clear,Sports,78
8,Thursday,Rain,NoEvent,46
21,Sunday,Cloudy,NoEvent,100
19,Wednesday,Clear,Sports,78
12,Tuesday,Rain,Concert,46
6,Tuesday,Clear,NoEvent,58
22,Saturday,Clear,Sports,78
10,Friday,Rain,Sports,56
2,Sunday,Rain,NoEvent,67
18,Wednesday,Rain,NoEvent,65
6,Friday,Clear,Concert,61
19,Sunday,Clear,Festival,97
10,Saturday,Cloudy,Festival,77
2,Saturday,Clear,Sports,73
10,Friday,Clear,Sports,62
0,Friday,Rain,Sports,51
20,Monday,Clear,Festival,74
13,Monday,Rain,Festival,56
5,Thursday,Cloudy,Concert,53
1,Tuesday,Clear,Concert,50
18,Friday,Rain,Sports,72
15,Monday,Clear,Concert,63
12,Sunday,Cloudy,Festival,78
14,Saturday,Rain,Sports,65
11,Monday,Clear,Concert,66
4,Saturday,Rain,Sports,63
5,Wednesday,Cloudy,Festival,51
1,Tuesday,Rain,NoEvent,52
0,Monday,Clear,Sports,64
5,Saturday,Cloudy,Sports,90
13,Thursday,Rain,Concert,49
4,Monday,Cloudy,Festival,60
5,Saturday,Rain,Sports,74
14,Thursday,Clear,Concert,55
0,Wednesday,Rain,Festival,59
11,Tuesday,Rain,Sports,52
12,Thursday,Rain,Festival,52
18,Monday,Clear,Festival,85
1,Sunday,Cloudy,Festival,83
4,Wednesday,Clear,NoEvent,69
11,Thursday,Cloudy,Festival,55
3,Friday,Clear,Concert,70
12,Friday,Clear,NoEvent,63
6,Saturday,Clear,NoEvent,82
10,Thursday,Rain,Sports,51
5,Sunday,Rain,Sports,79
20,Saturday,Rain,Concert,94
16,Wednesday,Rain,Sports,47
8,Thursday,Clear,Festival,50
2,Friday,Cloudy,Concert,67
20,Thursday,Cloudy,Sports,72
19,Tuesday,Cloudy,Festival,70
16,Thursday,Cloudy,Festival,68
9,Sunday,Clear,NoEvent,72
17,Saturday,Rain,NoEvent,83
11,Saturday,Cloudy,Sports,71
22,Friday,Cloudy,Sports,68
8,Sunday,Clear,Festival,70
0,Saturday,Clear,Concert,78
4,Thursday,Clear,Sports,62
13,Sunday,Cloudy,Sports,79
8,Thursday,Cloudy,NoEvent,55
11,Friday,Cloudy,Concert,53
7,Friday,Clear,Festival,66
12,Sunday,Clear,NoEvent,71
5,Thursday,Clear,Sports,51
6,Friday,Clear,Festival,61
4,Tuesday,Cloudy,Sports,50
22,Sunday,Cloudy,Sports,76
20,Thursday,Cloudy,Festival,85
7,Saturday,Rain,Festival,67
20,Monday,Rain,Sports,65
11,Thursday,Rain,Concert,44
21,Monday,Rain,Sports,80
16,Thursday,Cloudy,Sports,64
22,Tuesday,Clear,NoEvent,62
12,Thursday,Clear,Festival,70
22,Saturday,Rain,Sports,63
4,Tuesday,Rain,Festival,53
23,Tuesday,Clear,NoEvent,63
14,Sunday,Cloudy,Concert,70
10,Thursday,Clear,Sports,64
19,Wednesday,Clear,Concert,85
1,Thursday,Cloudy,Sports,61
3,Wednesday,Cloudy,Festival,62
0,Tuesday,Rain,NoEvent,44
12,Wednesday,Clear,NoEvent,55
10,Sunday,Clear,Festival,78
8,Monday,Rain,Sports,50
17,Friday,Cloudy,NoEvent,77
21,Sunday,Clear,NoEvent,100
18,Saturday,Clear,NoEvent,96
21,Monday,Rain,Concert,80
13,Wednesday,Clear,NoEvent,68
14,Sunday,Rain,NoEvent,80
12,Tuesday,Cloudy,Sports,52
21,Friday,Rain,Concert,69
9,Monday,Clear,Festival,62
6,Wednesday,Clear,Sports,59
7,Friday,Clear,Festival,65
9,Saturday,Cloudy,Concert,84
22,Wednesday,Cloudy,Festival,54
1,Sunday,Rain,Concert,72
16,Monday,Rain,NoEvent,43
7,Wednesday,Clear,Festival,64
22,Monday,Rain,Concert,58
0,Thursday,Clear,Sports,62
13,Sunday,Rain,Festival,62
14,Saturday,Clear,Festival,77
15,Monday,Rain,Festival,45
20,Thursday,Rain,NoEvent,64
4,Sunday,Rain,Concert,80
17,Wednesday,Cloudy,Concert,88
7,Friday,Rain,NoEvent,48
11,Wednesday,Rain,Sports,49
12,Saturday,Cloudy,Festival,84
3,Monday,Rain,Festival,51
7,Monday,Clear,Concert,60
10,Wednesday,Cloudy,Festival,56
23,Thursday,Rain,NoEvent,43
23,Saturday,Cloudy,NoEvent,70
11,Tuesday,Rain,Sports,45
10,Thursday,Rain,Concert,46
13,Sunday,Rain,Concert,66
4,Friday,Clear,Concert,68
12,Wednesday,Clear,Concert,56
5,Monday,Cloudy,Festival,65
2,Tuesday,Clear,Festival,59
23,Saturday,Clear,NoEvent,90
10,Friday,Clear,Concert,59
4,Thursday,Rain,Concert,47
1,Thursday,Rain,NoEvent,47
16,Wednesday,Rain,Concert,44
5,Tuesday,Clear,Festival,50
19,Saturday,Rain,Sports,95
4,Sunday,Rain,Festival,80
11,Saturday,Rain,NoEvent,69
21,Sunday,Clear,Concert,100
16,Tuesday,Cloudy,NoEvent,52
3,Tuesday,Cloudy,Concert,60
0,Monday,Rain,Sports,41
10,Monday,Cloudy,NoEvent,64
8,Monday,Rain,NoEvent,42
13,Saturday,Cloudy,Concert,88
3,Wednesday,Rain,Sports,54
20,Thursday,Cloudy,Concert,85
1,Tuesday,Rain,Festival,45
2,Monday,Rain,NoEvent,46
9,Monday,Rain,Sports,41
10,Wednesday,Rain,Festival,42
1,Tuesday,Cloudy,Concert,62
12,Tuesday,Rain,Concert,53
23,Monday,Cloudy,Sports,52
5,Sunday,Clear,Sports,84
14,Wednesday,Cloudy,NoEvent,63
19,Wednesday,Rain,Festival,69
2,Wednesday,Cloudy,Festival,64
1,Wednesday,Rain,Festival,50
3,Tuesday,Rain,Concert,43
3,Saturday,Cloudy,Sports,88
9,Tuesday,Rain,Festival,42
21,Wednesday,Clear,Sports,71
13,Sunday,Clear,Concert,75
3,Friday,Cloudy,Sports,58
8,Sunday,Rain,Concert,69
11,Thursday,Cloudy,NoEvent,68
23,Sunday,Clear,Festival,89
15,Tuesday,Rain,Festival,47
2,Friday,Rain,NoEvent,49
20,Saturday,Rain,Festival,89
22,Thursday,Rain,Sports,49
22,Tuesday,Clear,NoEvent,60
3,Thursday,Cloudy,Sports,54
18,Sunday,Rain,NoEvent,85
7,Tuesday,Cloudy,Concert,69
8,Saturday,Cloudy,Festival,90
1,Tuesday,Cloudy,Concert,56
8,Sunday,Clear,Festival,88
7,Wednesday,Rain,Festival,59
6,Thursday,Clear,Concert,57
12,Thursday,Cloudy,Festival,61
18,Wednesday,Clear,Festival,76
12,Saturday,Cloudy,Festival,80
9,Thursday,Cloudy,NoEvent,57
4,Sunday,Clear,NoEvent,74
7,Friday,Cloudy,NoEvent,58
12,Monday,Rain,Concert,56
19,Monday,Rain,NoEvent,74
22,Friday,Cloudy,NoEvent,70
10,Sunday,Clear,Sports,88
10,Thursday,Clear,Sports,56
16,Friday,Cloudy,Sports,69
6,Saturday,Rain,NoEvent,65
11,Thursday,Clear,Festival,60
12,Monday,Clear,NoEvent,65
22,Sunday,Clear,Festival,77
4,Monday,Rain,Sports,48
15,Monday,Cloudy,Concert,68
21,Saturday,Cloudy,Sports,100
4,Friday,Cloudy,NoEvent,56
17,Thursday,Cloudy,Concert,70
21,Tuesday,Rain,Concert,72
6,Saturday,Rain,Sports,64
21,Friday,Clear,Sports,84
20,Wednesday,Rain,NoEvent,69
8,Wednesday,Clear,Concert,69
20,Monday,Cloudy,Festival,73
18,Friday,Cloudy,Sports,76
14,Sunday,Rain,NoEvent,62
14,Tuesday,Clear,Concert,57
12,Monday,Rain,Concert,59
4,Sunday,Cloudy,Festival,87
14,Friday,Cloudy,Sports,51
15,Thursday,Clear,Concert,64
21,Monday,Cloudy,NoEvent,90
22,Sunday,Rain,Sports,73
16,Saturday,Rain,Sports,66
0,Sunday,Clear,Sports,81
20,Friday,Rain,NoEvent,66
9,Friday,Clear,Concert,62
3,Sunday,Rain,Sports,66
9,Sunday,Clear,Festival,81
22,Saturday,Cloudy,Festival,78
19,Tuesday,Clear,NoEvent,81
15,Tuesday,Clear,Concert,64
23,Friday,Clear,Festival,50
23,Wednesday,Rain,Sports,47
13,Tuesday,Rain,NoEvent,59
1,Thursday,Cloudy,Concert,64
7,Thursday,Clear,Concert,61
20,Wednesday,Clear,Festival,86
13,Tuesday,Clear,NoEvent,62
7,Tuesday,Cloudy,Festival,61
15,Wednesday,Rain,Festival,42
10,Wednesday,Clear,Concert,70
12,Sunday,Cloudy,Concert,79
7,Thursday,Rain,NoEvent,60
16,Friday,Cloudy,NoEvent,63
12,Thursday,Clear,Concert,56
4,Thursday,Clear,Concert,50
5,Saturday,Rain,Sports,75
12,Sunday,Clear,Festival,90
18,Monday,Clear,Sports,72
16,Saturday,Clear,Festival,84
0,Friday,Rain,NoEvent,45
15,Sunday,Clear,NoEvent,77
3,Thursday,Rain,Festival,42
22,Friday,Clear,Concert,70
6,Saturday,Clear,Concert,71
15,Wednesday,Rain,Festival,50
18,Sunday,Cloudy,NoEvent,100
20,Sunday,Clear,Concert,90
4,Thursday,Cloudy,Festival,53
22,Wednesday,Cloudy,Concert,55
1,Sunday,Clear,Sports,72
15,Friday,Clear,Festival,50
20,Sunday,Rain,Festival,87
7,Sunday,Cloudy,Festival,81
1,Monday,Clear,Sports,60
10,Thursday,Rain,Sports,45
18,Friday,Rain,Sports,73
23,Monday,Clear,Festival,53
19,Wednesday,Rain,Festival,60
11,Sunday,Rain,Festival,73
1,Sunday,Clear,Festival,84
4,Monday,Rain,Concert,43
0,Saturday,Rain,Concert,76
5,Thursday,Rain,Festival,49
15,Monday,Clear,Sports,65
15,Wednesday,Cloudy,Concert,61
8,Friday,Clear,NoEvent,62
3,Sunday,Rain,Concert,69
11,Thursday,Clear,NoEvent,69
12,Friday,Cloudy,Concert,64
18,Tuesday,Rain,Festival,72
12,Tuesday,Clear,Sports,56
21,Sunday,Cloudy,Sports,92
6,Tuesday,Cloudy,Festival,56
6,Friday,Clear,Sports,58
13,Saturday,Clear,Festival,86
13,Wednesday,Rain,Sports,51
17,Thursday,Rain,Festival,71
22,Tuesday,Cloudy,Sports,64
3,Sunday,Rain,Festival,66
17,Thursday,Clear,NoEvent,70
23,Tuesday,Rain,NoEvent,49
22,Saturday,Clear,NoEvent,76
3,Wednesday,Clear,Concert,62
0,Saturday,Clear,Festival,74
18,Tuesday,Rain,Concert,75
7,Saturday,Cloudy,Sports,87
0,Tuesday,Cloudy,Festival,67
20,Monday,Clear,NoEvent,90
18,Monday,Rain,NoEvent,80
9,Monday,Rain,Festival,50
18,Thursday,Rain,Sports,71
6,Sunday,Rain,Sports,74
4,Monday,Rain,Concert,60
4,Friday,Cloudy,Concert,66
8,Monday,Cloudy,NoEvent,50
12,Sunday,Cloudy,Concert,89
16,Tuesday,Clear,NoEvent,51
4,Thursday,Clear,Sports,67
16,Monday,Rain,Sports,51
2,Wednesday,Clear,NoEvent,58
20,Tuesday,Clear,Festival,89
14,Tuesday,Rain,Sports,58
20,Saturday,Cloudy,Festival,96
23,Tuesday,Clear,NoEvent,69
6,Monday,Clear,NoEvent,58
13,Wednesday,Rain,Concert,60
21,Saturday,Rain,Concert,86
13,Friday,Clear,NoEvent,59
10,Tuesday,Clear,NoEvent,51
7,Sunday,Clear,Concert,79
18,Friday,Rain,NoEvent,68
22,Monday,Clear,Festival,51
19,Sunday,Cloudy,Concert,96
6,Thursday,Rain,Sports,47
1,Thursday,Rain,NoEvent,58
6,Tuesday,Clear,Concert,61
20,Tuesday,Cloudy,Sports,88
10,Thursday,Clear,Sports,66
21,Friday,Rain,Sports,68
12,Saturday,Cloudy,Festival,77
18,Tuesday,Rain,Sports,62
12,Wednesday,Cloudy,Festival,52
3,Wednesday,Cloudy,NoEvent,58
13,Saturday,Cloudy,Festival,84
23,Tuesday,Clear,Festival,69
13,Sunday,Clear,Festival,90
1,Wednesday,Cloudy,NoEvent,58
11,Sunday,Rain,Sports,74
2,Tuesday,Clear,Festival,61
21,Wednesday,Cloudy,Sports,90
17,Wednesday,Cloudy,Concert,82
4,Wednesday,Cloudy,NoEvent,59
21,Tuesday,Rain,NoEvent,63
17,Saturday,Clear,NoEvent,91
10,Monday,Cloudy,Concert,52
12,Monday,Clear,Sports,65
8,Tuesday,Rain,Sports,53
12,Sunday,Cloudy,Sports,80
3,Friday,Cloudy,NoEvent,63
19,Thursday,Rain,Sports,63
22,Tuesday,Clear,Sports,58
0,Tuesday,Cloudy,NoEvent,56
13,Monday,Rain,Concert,51
1,Sunday,Rain,Concert,63
21,Friday,Rain,NoEvent,80
0,Saturday,Cloudy,NoEvent,74
22,Monday,Rain,Festival,46
10,Tuesday,Clear,Festival,62
23,Wednesday,Clear,Festival,53
1,Wednesday,Cloudy,NoEvent,65
13,Wednesday,Cloudy,Festival,64
8,Tuesday,Rain,NoEvent,51
21,Sunday,Clear,Festival,99
11,Saturday,Rain,Sports,66
13,Thursday,Clear,Sports,63
3,Friday,Rain,Festival,48
15,Wednesday,Cloudy,Sports,57
11,Sunday,Cloudy,Festival,73
8,Thursday,Clear,Festival,59
11,Monday,Rain,NoEvent,55
0,Sunday,Rain,Festival,70
22,Wednesday,Clear,Festival,51
20,Wednesday,Clear,Festival,90
19,Friday,Rain,NoEvent,68
9,Sunday,Rain,NoEvent,63
14,Tuesday,Rain,NoEvent,54
6,Thursday,Cloudy,Festival,57
1,Monday,Cloudy,Sports,65
1,Monday,Clear,Concert,64
23,Monday,Cloudy,NoEvent,50
13,Thursday,Clear,Sports,67
20,Monday,Cloudy,Festival,86
23,Sunday,Cloudy,Festival,85
11,Monday,Clear,Concert,51
8,Wednesday,Cloudy,Concert,58
15,Tuesday,Rain,Concert,56
19,Thursday,Cloudy,NoEvent,75
9,Tuesday,Rain,NoEvent,46
20,Sunday,Cloudy,Sports,100
6,Friday,Rain,Concert,56
1,Sunday,Rain,Festival,67
10,Sunday,Clear,Concert,71
17,Saturday,Clear,Festival,100
12,Monday,Rain,Festival,42
9,Thursday,Cloudy,Sports,57
21,Sunday,Rain,Concert,99
6,Friday,Rain,Festival,52
21,Monday,Rain,Festival,77
12,Thursday,Rain,Concert,48
22,Sunday,Rain,Sports,60
0,Thursday,Clear,Sports,58
19,Monday,Clear,Concert,87
11,Thursday,Rain,Festival,48
14,Tuesday,Clear,Sports,70
9,Tuesday,Cloudy,Festival,53
21,Wednesday,Cloudy,Concert,85
0,Friday,Cloudy,Concert,52
9,Saturday,Rain,NoEvent,79
22,Sunday,Clear,Festival,85
14,Thursday,Rain,Concert,55
22,Friday,Rain,Festival,56
2,Monday,Rain,Sports,58
21,Thursday,Clear,Festival,80
4,Monday,Clear,Festival,57
6,Sunday,Clear,Sports,82
3,Monday,Rain,Festival,42
2,Friday,Clear,Concert,61
15,Thursday,Clear,Sports,60
11,Saturday,Rain,Sports,73
23,Thursday,Rain,NoEvent,58
20,Monday,Clear,NoEvent,76
10,Thursday,Clear,Festival,54
21,Monday,Cloudy,Sports,86
4,Sunday,Clear,Sports,78
11,Tuesday,Rain,Festival,52
4,Saturday,Cloudy,NoEvent,77
12,Sunday,Cloudy,Festival,79
16,Saturday,Cloudy,Sports,78
11,Thursday,Rain,Festival,48
0,Saturday,Clear,Sports,87
20,Friday,Cloudy,Sports,84
14,Wednesday,Cloudy,NoEvent,61
0,Monday,Rain,Festival,51
10,Sunday,Cloudy,Festival,83
5,Tuesday,Cloudy,NoEvent,66
17,Saturday,Rain,Festival,83
10,Tuesday,Clear,Concert,57
15,Tuesday,Rain,NoEvent,57
18,Monday,Clear,Concert,70
19,Sunday,Cloudy,NoEvent,100
8,Wednesday,Rain,Sports,51
16,Saturday,Rain,Festival,80
6,Tuesday,Rain,Concert,46
20,Saturday,Cloudy,Festival,100
4,Friday,Clear,Festival,67
11,Wednesday,Cloudy,NoEvent,57
22,Friday,Clear,Festival,65
20,Saturday,Rain,Festival,94
16,Sunday,Clear,Concert,78
3,Sunday,Rain,NoEvent,71
17,Saturday,Rain,Sports,90
5,Tuesday,Clear,Sports,52
8,Thursday,Rain,NoEvent,48
7,Tuesday,Rain,Sports,52
19,Saturday,Clear,Sports,100
3,Thursday,Cloudy,Concert,58
12,Monday,Rain,Concert,48
7,Wednesday,Cloudy,Festival,65
22,Sunday,Clear,NoEvent,73
8,Thursday,Cloudy,Sports,70
14,Saturday,Clear,NoEvent,71
16,Friday,Rain,Festival,41
3,Sunday,Clear,Concert,78
10,Friday,Clear,NoEvent,58
22,Tuesday,Rain,Concert,57
0,Sunday,Clear,Festival,73
21,Thursday,Clear,Concert,77
3,Saturday,Rain,Concert,79
0,Sunday,Rain,Festival,70
23,Tuesday,Rain,Sports,56
8,Thursday,Clear,Concert,65
15,Wednesday,Clear,Concert,52
10,Thursday,Rain,Concert,49
4,Tuesday,Clear,NoEvent,58
4,Saturday,Clear,NoEvent,76
2,Wednesday,Rain,Sports,52
0,Tuesday,Clear,Festival,62
17,Friday,Cloudy,Sports,72
15,Tuesday,Rain,Concert,50
5,Monday,Clear,Concert,69
21,Saturday,Clear,Sports,100
0,Monday,Cloudy,Concert,69
6,Wednesday,Cloudy,Festival,59
23,Friday,Cloudy,Concert,67
23,Tuesday,Clear,Festival,60
18,Monday,Clear,Festival,84
21,Friday,Cloudy,NoEvent,84
12,Sunday,Rain,Concert,65
7,Wednesday,Cloudy,NoEvent,69
13,Thursday,Clear,Festival,59
17,Tuesday,Cloudy,NoEvent,80
1,Thursday,Cloudy,Festival,56
0,Monday,Rain,Concert,60
3,Tuesday,Cloudy,Concert,62
16,Sunday,Rain,Festival,67
21,Saturday,Clear,Concert,91
3,Saturday,Clear,Sports,77
4,Sunday,Cloudy,NoEvent,71
3,Saturday,Cloudy,Concert,76
5,Tuesday,Cloudy,Concert,55
12,Tuesday,Cloudy,Sports,63
11,Saturday,Clear,NoEvent,70
6,Tuesday,Clear,Concert,62
3,Saturday,Cloudy,Sports,70
0,Saturday,Rain,NoEvent,62
1,Sunday,Cloudy,Concert,78
19,Wednesday,Rain,Concert,77
4,Saturday,Cloudy,NoEvent,86
9,Friday,Rain,Sports,56
15,Friday,Clear,Concert,58
23,Saturday,Clear,Festival,71
22,Tuesday,Clear,Concert,56
12,Tuesday,Cloudy,NoEvent,65
15,Saturday,Cloudy,Concert,89
21,Saturday,Rain,Festival,90
18,Tuesday,Clear,Sports,70
3,Thursday,Clear,Festival,53
12,Thursday,Cloudy,Sports,61
21,Saturday,Rain,NoEvent,95
22,Tuesday,Cloudy,Concert,57
16,Saturday,Rain,Concert,80
11,Saturday,Rain,Sports,69
20,Sunday,Clear,Concert,93
3,Tuesday,Clear,Concert,58
19,Friday,Cloudy,NoEvent,78
14,Wednesday,Clear,NoEvent,55
3,Wednesday,Rain,Festival,46
0,Saturday,Clear,Concert,86
14,Saturday,Cloudy,Concert,82
6,Friday,Rain,Sports,57
18,Monday,Rain,Sports,71
12,Thursday,Rain,Concert,43
2,Saturday,Clear,Festival,71
5,Monday,Cloudy,Sports,69
4,Wednesday,Clear,NoEvent,69
23,Tuesday,Rain,Sports,55
18,Friday,Cloudy,Festival,72
2,Saturday,Cloudy,Sports,77
9,Thursday,Cloudy,NoEvent,65
10,Friday,Rain,NoEvent,52
0,Friday,Cloudy,Concert,68
23,Thursday,Clear,Festival,69
3,Tuesday,Rain,NoEvent,57
3,Monday,Cloudy,Sports,67
16,Friday,Clear,Concert,69
23,Friday,Cloudy,Sports,54
8,Thursday,Clear,NoEvent,62
18,Thursday,Cloudy,Festival,85
18,Thursday,Clear,Concert,75
11,Sunday,Clear,NoEvent,80
13,Thursday,Rain,Concert,56
2,Saturday,Clear,Festival,74
1,Sunday,Cloudy,Festival,89
11,Friday,Clear,Sports,59
6,Sunday,Clear,NoEvent,87
9,Friday,Rain,Concert,55
10,Friday,Clear,Festival,68
20,Saturday,Rain,Sports,82
5,Friday,Rain,Festival,49
18,Tuesday,Rain,Concert,60
19,Friday,Cloudy,Concert,77
10,Thursday,Clear,Festival,57
22,Sunday,Rain,Concert,60
12,Tuesday,Rain,Concert,59
15,Thursday,Rain,NoEvent,44
12,Monday,Cloudy,NoEvent,67
14,Friday,Cloudy,Sports,67
10,Thursday,Cloudy,Sports,56
20,Sunday,Clear,NoEvent,91
14,Wednesday,Rain,Festival,49
18,Friday,Clear,Concert,75
18,Saturday,Rain,Concert,83
11,Monday,Clear,Sports,66
17,Wednesday,Cloudy,Sports,82
9,Monday,Cloudy,Concert,69
18,Thursday,Rain,NoEvent,77
16,Friday,Rain,Concert,47
23,Friday,Clear,NoEvent,68
14,Friday,Rain,Sports,40
9,Thursday,Clear,Sports,68
20,Sunday,Rain,Concert,94
2,Tuesday,Rain,NoEvent,42
13,Sunday,Clear,Sports,86
9,Friday,Rain,Festival,46
23,Monday,Clear,Concert,68
0,Wednesday,Clear,Sports,60
17,Tuesday,Rain,Sports,61
11,Friday,Cloudy,Festival,55
3,Sunday,Clear,Sports,80
12,Tuesday,Rain,Sports,44
20,Saturday,Cloudy,Festival,98
22,Wednesday,Cloudy,Concert,51
7,Tuesday,Cloudy,NoEvent,67
16,Wednesday,Cloudy,Festival,65
12,Friday,Rain,NoEvent,58
13,Thursday,Rain,NoEvent,45
13,Friday,Clear,Sports,58
14,Wednesday,Cloudy,NoEvent,54
10,Saturday,Rain,Festival,65
7,Thursday,Clear,Concert,58
21,Thursday,Clear,Festival,71
2,Wednesday,Clear,NoEvent,69
7,Saturday,Clear,Sports,87
2,Friday,Clear,NoEvent,52
3,Monday,Clear,NoEvent,70
17,Tuesday,Clear,Sports,85
20,Saturday,Rain,NoEvent,87
2,Thursday,Cloudy,Concert,60
4,Saturday,Clear,Festival,88
5,Tuesday,Clear,Concert,68
10,Sunday,Rain,Festival,64
5,Monday,Rain,Festival,56
10,Wednesday,Clear,Concert,62
5,Saturday,Clear,Festival,70
2,Thursday,Clear,Sports,54
13,Sunday,Rain,Sports,74
22,Tuesday,Cloudy,Concert,60
16,Friday,Clear,Sports,58
22,Tuesday,Clear,Concert,55
7,Tuesday,Cloudy,Concert,50
5,Friday,Cloudy,Festival,68
2,Friday,Cloudy,Concert,62
4,Monday,Clear,NoEvent,59
5,Monday,Rain,NoEvent,52
1,Monday,Cloudy,Sports,62
14,Saturday,Clear,Sports,84
8,Thursday,Rain,Sports,51
14,Saturday,Rain,Concert,78
3,Saturday,Clear,Concert,76
3,Friday,Clear,Concert,65
8,Saturday,Cloudy,NoEvent,77
4,Sunday,Rain,NoEvent,76
2,Tuesday,Rain,Sports,45
2,Wednesday,Clear,NoEvent,53
3,Sunday,Clear,Sports,85
14,Saturday,Rain,Festival,80
23,Sunday,Clear,Sports,90
15,Saturday,Clear,Concert,86
13,Wednesday,Cloudy,Sports,69
4,Tuesday,Rain,Festival,45
1,Monday,Cloudy,Festival,52
11,Sunday,Rain,Sports,64
16,Wednesday,Clear,Festival,68
12,Thursday,Rain,Sports,60
1,Thursday,Cloudy,Festival,63
9,Wednesday,Cloudy,Concert,63
12,Friday,Cloudy,Concert,61
10,Friday,Cloudy,Concert,54
0,Monday,Rain,Festival,57
20,Tuesday,Rain,NoEvent,68
11,Saturday,Cloudy,Concert,75
6,Wednesday,Clear,NoEvent,60
14,Tuesday,Clear,Concert,50
11,Saturday,Cloudy,NoEvent,73
3,Tuesday,Clear,Concert,59
14,Saturday,Clear,NoEvent,82
18,Thursday,Cloudy,Concert,90
6,Saturday,Cloudy,Festival,71
20,Wednesday,Cloudy,NoEvent,87
15,Monday,Clear,Sports,66
23,Sunday,Clear,Sports,80
5,Wednesday,Clear,Concert,57
6,Saturday,Clear,Sports,82
1,Thursday,Cloudy,Sports,63
13,Sunday,Clear,NoEvent,89
4,Sunday,Clear,Sports,88
2,Sunday,Clear,Festival,82
23,Monday,Clear,Festival,57
21,Monday,Cloudy,Concert,78
22,Monday,Clear,Concert,66
11,Saturday,Clear,Sports,87
0,Wednesday,Cloudy,Concert,67
7,Friday,Rain,NoEvent,56
19,Sunday,Cloudy,Concert,94
14,Tuesday,Clear,Sports,56
14,Tuesday,Cloudy,Sports,55
2,Monday,Cloudy,Concert,63
10,Friday,Clear,NoEvent,52
20,Sunday,Clear,Sports,100
15,Sunday,Rain,Concert,63
7,Monday,Clear,Sports,66
20,Thursday,Clear,Festival,70
1,Wednesday,Clear,Concert,59
17,Friday,Cloudy,Concert,79
10,Monday,Rain,Festival,50
21,Tuesday,Clear,NoEvent,90
19,Wednesday,Clear,NoEvent,89
22,Tuesday,Rain,Concert,49
6,Friday,Clear,NoEvent,51
19,Saturday,Clear,NoEvent,100
2,Monday,Rain,Concert,40
2,Wednesday,Cloudy,Concert,61
5,Saturday,Rain,Festival,72
4,Sunday,Clear,Concert,72
22,Monday,Cloudy,Festival,70
20,Saturday,Cloudy,NoEvent,100
4,Tuesday,Cloudy,Sports,67
8,Friday,Cloudy,Festival,52
22,Monday,Rain,Festival,45
3,Thursday,Cloudy,Concert,57
9,Wednesday,Cloudy,Sports,58
18,Thursday,Clear,NoEvent,89
9,Monday,Cloudy,Sports,56
20,Thursday,Cloudy,Sports,86
0,Tuesday,Cloudy,NoEvent,67
19,Friday,Clear,Concert,70
15,Saturday,Clear,Concert,75
8,Tuesday,Cloudy,Sports,53
20,Saturday,Cloudy,Sports,99
23,Friday,Clear,Sports,67
11,Monday,Rain,Festival,51
21,Friday,Cloudy,Concert,88
9,Monday,Clear,Sports,66
8,Friday,Cloudy,Concert,63
5,Monday,Clear,Festival,62
9,Wednesday,Clear,Festival,61
8,Monday,Cloudy,Sports,61
3,Monday,Clear,Festival,57
9,Thursday,Rain,Festival,58
11,Saturday,Cloudy,NoEvent,82
1,Sunday,Rain,Concert,75
17,Monday,Rain,NoEvent,68
20,Wednesday,Clear,NoEvent,86
18,Friday,Rain,Festival,69
9,Saturday,Clear,Concert,72
17,Saturday,Rain,Concert,85
18,Saturday,Cloudy,Concert,92
4,Saturday,Cloudy,Festival,70
13,Monday,Cloudy,Concert,64
21,Sunday,Rain,NoEvent,80
7,Monday,Clear,Concert,70
10,Wednesday,Rain,NoEvent,49
6,Monday,Clear,Concert,55
10,Thursday,Clear,Sports,54
18,Wednesday,Rain,Festival,60
1,Friday,Rain,Sports,40
8,Saturday,Clear,Sports,87
16,Monday,Clear,Festival,53
22,Wednesday,Rain,Festival,54
8,Friday,Rain,NoEvent,52
15,Wednesday,Clear,Concert,64
19,Wednesday,Rain,Sports,62
8,Wednesday,Clear,Sports,69
8,Saturday,Cloudy,Festival,89
16,Wednesday,Cloudy,Concert,62
21,Saturday,Cloudy,Festival,96
12,Tuesday,Cloudy,Festival,60
11,Thursday,Cloudy,Festival,50
7,Friday,Rain,Festival,40
8,Monday,Rain,Sports,59
6,Tuesday,Clear,Concert,64
14,Wednesday,Cloudy,Sports,70
22,Thursday,Rain,Festival,42
4,Sunday,Clear,NoEvent,89
1,Wednesday,Cloudy,Festival,53
10,Sunday,Clear,Festival,81
19,Thursday,Cloudy,NoEvent,89
5,Saturday,Rain,Festival,78
21,Wednesday,Clear,Sports,80
15,Tuesday,Clear,Concert,58
23,Friday,Clear,Concert,59
7,Saturday,Cloudy,Festival,86
3,Friday,Clear,Festival,52
12,Friday,Rain,Sports,42
11,Friday,Rain,NoEvent,48
11,Tuesday,Cloudy,Sports,54
4,Wednesday,Clear,Festival,55
19,Saturday,Cloudy,Festival,96
12,Saturday,Rain,Sports,77
10,Thursday,Cloudy,Concert,52
19,Sunday,Clear,NoEvent,96
13,Monday,Rain,Sports,58
13,Sunday,Rain,Festival,67
13,Sunday,Clear,Festival,82
6,Friday,Cloudy,Festival,61
14,Friday,Cloudy,Festival,58
14,Sunday,Cloudy,Concert,84
5,Friday,Rain,Sports,51
7,Tuesday,Rain,Concert,40
11,Monday,Rain,Sports,41
13,Wednesday,Rain,Concert,53
17,Monday,Cloudy,Festival,70
0,Thursday,Cloudy,Sports,61
15,Monday,Clear,NoEvent,56
12,Saturday,Clear,Concert,71
13,Sunday,Clear,Sports,78
19,Tuesday,Cloudy,Sports,83
5,Friday,Rain,Sports,51
16,Monday,Clear,Concert,66
12,Tuesday,Cloudy,NoEvent,52
19,Saturday,Cloudy,NoEvent,96
6,Thursday,Clear,Sports,50
3,Thursday,Clear,Sports,52
7,Sunday,Rain,Sports,79
9,Friday,Rain,Festival,58
3,Monday,Rain,Sports,41
0,Saturday,Clear,Festival,83
3,Wednesday,Rain,Concert,41
19,Saturday,Cloudy,Festival,100
19,Monday,Rain,NoEvent,80
13,Thursday,Clear,Festival,55
20,Saturday,Cloudy,Concert,100
3,Saturday,Clear,NoEvent,75
7,Saturday,Rain,Sports,73
12,Wednesday,Cloudy,Concert,61
22,Saturday,Clear,Festival,70
20,Friday,Rain,NoEvent,68
14,Tuesday,Clear,Sports,67
17,Thursday,Cloudy,Sports,72
0,Saturday,Clear,Festival,81
11,Tuesday,Clear,NoEvent,69
13,Wednesday,Rain,Sports,43
22,Sunday,Cloudy,Festival,88
2,Sunday,Cloudy,Festival,81
6,Friday,Clear,Festival,65
21,Monday,Rain,Sports,73
14,Wednesday,Clear,Festival,55
22,Tuesday,Cloudy,NoEvent,60
23,Tuesday,Rain,Sports,47
14,Thursday,Clear,Sports,61
15,Tuesday,Clear,Sports,69
10,Tuesday,Cloudy,Festival,52
16,Monday,Rain,Festival,51
13,Saturday,Cloudy,Festival,78
20,Monday,Rain,Concert,76
17,Friday,Cloudy,Sports,74
20,Wednesday,Clear,Concert,89
10,Tuesday,Cloudy,Sports,69
19,Monday,Rain,NoEvent,78
23,Friday,Clear,Concert,61
5,Saturday,Rain,Sports,64
16,Friday,Cloudy,Concert,56
12,Sunday,Clear,NoEvent,83
21,Sunday,Cloudy,Sports,100
18,Tuesday,Rain,NoEvent,67
13,Wednesday,Rain,Sports,47
20,Friday,Rain,Concert,62
13,Friday,Rain,Concert,58
2,Sunday,Cloudy,Concert,84
9,Saturday,Rain,Sports,69
17,Monday,Rain,Sports,63
14,Tuesday,Cloudy,NoEvent,66
8,Wednesday,Clear,Festival,66
5,Tuesday,Clear,Festival,68
12,Tuesday,Rain,Sports,51
12,Tuesday,Rain,Concert,56
10,Thursday,Cloudy,Festival,68
8,Sunday,Rain,Festival,63
23,Thursday,Clear,Sports,59
15,Friday,Clear,Sports,55
10,Thursday,Clear,Sports,53
9,Monday,Clear,NoEvent,60
2,Saturday,Cloudy,Festival,75
4,Friday,Cloudy,Festival,63
6,Friday,Cloudy,Festival,66
19,Tuesday,Clear,Sports,84
0,Monday,Cloudy,NoEvent,68
14,Friday,Clear,Concert,65
4,Sunday,Cloudy,NoEvent,79
14,Wednesday,Rain,NoEvent,40
7,Wednesday,Clear,Festival,54
5,Saturday,Rain,Concert,71
6,Saturday,Clear,Festival,79
13,Saturday,Clear,NoEvent,78
20,Monday,Cloudy,Festival,75
18,Sunday,Cloudy,NoEvent,100
8,Friday,Cloudy,Concert,50
8,Thursday,Cloudy,NoEvent,50
18,Thursday,Rain,Sports,65
22,Friday,Rain,NoEvent,42
11,Tuesday,Cloudy,Concert,69
14,Sunday,Rain,Sports,71
16,Sunday,Rain,Sports,75
4,Sunday,Cloudy,Festival,79
14,Monday,Clear,Sports,55
22,Tuesday,Clear,NoEvent,62
12,Friday,Rain,Sports,49
13,Sunday,Cloudy,Concert,74
2,Thursday,Cloudy,Festival,59
22,Sunday,Clear,Sports,74
10,Wednesday,Cloudy,Festival,59
10,Wednesday,Clear,Festival,64
9,Saturday,Cloudy,Concert,84
19,Friday,Clear,NoEvent,72
3,Wednesday,Clear,NoEvent,70
19,Friday,Rain,Concert,77
1,Friday,Clear,Concert,58
18,Monday,Cloudy,Sports,86
1,Monday,Cloudy,NoEvent,66
3,Tuesday,Clear,Sports,57
16,Thursday,Clear,Concert,59
8,Thursday,Rain,NoEvent,54
20,Monday,Cloudy,Sports,81
4,Thursday,Clear,Concert,66
5,Tuesday,Clear,NoEvent,56
2,Monday,Cloudy,NoEvent,55
7,Sunday,Cloudy,NoEvent,74
23,Monday,Rain,NoEvent,48
1,Monday,Clear,NoEvent,50
14,Friday,Cloudy,Sports,57
12,Monday,Clear,Sports,61
12,Saturday,Clear,NoEvent,80
8,Sunday,Cloudy,Festival,83
11,Sunday,Cloudy,NoEvent,71
10,Tuesday,Clear,Festival,63
6,Sunday,Clear,Sports,75
10,Sunday,Clear,Sports,79
10,Sunday,Cloudy,Sports,82
20,Thursday,Rain,Sports,64
6,Thursday,Clear,Sports,61
0,Tuesday,Rain,Festival,57
3,Saturday,Rain,Concert,71
22,Tuesday,Cloudy,Concert,57
13,Monday,Cloudy,Festival,60
0,Friday,Rain,Festival,54
23,Friday,Clear,NoEvent,63
2,Saturday,Clear,NoEvent,81
15,Monday,Cloudy,Concert,61
13,Friday,Rain,Sports,42
10,Tuesday,Cloudy,NoEvent,69
8,Tuesday,Cloudy,Concert,54
11,Sunday,Rain,Sports,65
10,Sunday,Clear,Sports,81
9,Saturday,Rain,Sports,64
17,Thursday,Clear,NoEvent,85
3,Tuesday,Clear,Festival,55
2,Wednesday,Clear,Sports,59
1,Monday,Rain,NoEvent,57
7,Sunday,Rain,Concert,78
15,Thursday,Clear,NoEvent,63
4,Saturday,Clear,Concert,74
3,Sunday,Rain,Festival,79
23,Tuesday,Cloudy,Sports,58
16,Monday,Rain,Concert,50
2,Sunday,Clear,Concert,79
15,Wednesday,Cloudy,Concert,66
8,Wednesday,Rain,Concert,44
19,Sunday,Cloudy,Sports,96
12,Monday,Rain,Concert,48
17,Saturday,Clear,Festival,93
1,Sunday,Clear,NoEvent,88
23,Sunday,Cloudy,NoEvent,70
15,Tuesday,Rain,Concert,41
6,Sunday,Rain,NoEvent,70
7,Tuesday,Rain,Sports,46
9,Friday,Rain,Concert,47
19,Friday,Rain,Sports,66
23,Saturday,Cloudy,Sports,76
12,Tuesday,Cloudy,NoEvent,70
21,Monday,Rain,Sports,78
18,Sunday,Cloudy,Sports,100
5,Tuesday,Rain,Concert,55
3,Thursday,Clear,Concert,63
15,Thursday,Cloudy,Sports,56
3,Wednesday,Rain,Concert,50
7,Saturday,Clear,NoEvent,78
23,Friday,Rain,Sports,48
2,Tuesday,Cloudy,Sports,50
15,Thursday,Rain,NoEvent,43
4,Sunday,Clear,Concert,86
8,Tuesday,Clear,Concert,52
9,Saturday,Clear,Concert,82
5,Saturday,Cloudy,Concert,77
7,Tuesday,Cloudy,Festival,53
18,Sunday,Clear,Concert,100
17,Thursday,Clear,NoEvent,82
23,Wednesday,Cloudy,Concert,57
12,Saturday,Clear,NoEvent,85
1,Friday,Clear,Festival,56
7,Wednesday,Rain,Sports,46
17,Thursday,Clear,Concert,80
23,Monday,Rain,Festival,60
22,Saturday,Rain,Festival,65
6,Saturday,Clear,Sports,82
3,Wednesday,Cloudy,Sports,56
7,Monday,Clear,Sports,58
14,Sunday,Clear,NoEvent,78
19,Monday,Rain,Festival,61
21,Monday,Cloudy,Concert,84
19,Saturday,Rain,Concert,91
19,Wednesday,Cloudy,Concert,85
1,Wednesday,Clear,Concert,65
5,Tuesday,Rain,Concert,53
7,Saturday,Rain,Concert,65
6,Thursday,Cloudy,Concert,50
13,Wednesday,Cloudy,NoEvent,58
6,Wednesday,Cloudy,Sports,51
13,Thursday,Rain,Festival,57
19,Friday,Cloudy,Sports,77
19,Monday,Rain,Festival,79
17,Sunday,Rain,Festival,97
11,Tuesday,Clear,Concert,59
7,Tuesday,Clear,Festival,51
23,Monday,Rain,Festival,40
10,Saturday,Clear,NoEvent,82
8,Monday,Cloudy,Sports,64
18,Monday,Clear,Sports,75
2,Tuesday,Cloudy,Sports,51
16,Thursday,Cloudy,NoEvent,65
9,Tuesday,Cloudy,Festival,53
5,Thursday,Rain,NoEvent,51
0,Friday,Cloudy,Concert,51
1,Tuesday,Clear,Sports,57
19,Wednesday,Rain,Festival,71
19,Tuesday,Rain,Festival,71
4,Friday,Cloudy,Concert,62
5,Thursday,Clear,Sports,53
9,Friday,Rain,NoEvent,57
23,Saturday,Rain,Sports,71
4,Saturday,Clear,Concert,73
3,Monday,Clear,Festival,52
3,Monday,Rain,Sports,48
13,Sunday,Cloudy,NoEvent,81
23,Sunday,Clear,Sports,81
14,Wednesday,Clear,Sports,50
3,Thursday,Rain,Sports,43
3,Saturday,Clear,NoEvent,85
3,Thursday,Cloudy,Concert,60
23,Thursday,Cloudy,NoEvent,62
10,Friday,Cloudy,Concert,54
5,Friday,Clear,Sports,55
13,Monday,Cloudy,Concert,51
5,Wednesday,Rain,Festival,53
20,Monday,Clear,NoEvent,89
21,Monday,Cloudy,NoEvent,78
9,Saturday,Cloudy,Sports,87
11,Thursday,Cloudy,Sports,56
20,Tuesday,Rain,Sports,66
18,Thursday,Rain,Concert,68
4,Sunday,Clear,Festival,85
8,Wednesday,Cloudy,Concert,63
17,Sunday,Clear,NoEvent,95
20,Wednesday,Cloudy,NoEvent,85
8,Wednesday,Cloudy,Sports,60
9,Wednesday,Clear,Festival,50
20,Thursday,Cloudy,Festival,85
2,Sunday,Cloudy,NoEvent,80
1,Wednesday,Rain,Festival,47
1,Friday,Cloudy,Concert,69
4,Thursday,Clear,Festival,62
3,Saturday,Rain,Festival,74
14,Monday,Cloudy,Festival,69
2,Tuesday,Clear,NoEvent,61
8,Friday,Rain,Concert,55
7,Tuesday,Rain,NoEvent,41
2,Thursday,Rain,NoEvent,57
17,Friday,Rain,NoEvent,79
18,Wednesday,Clear,Festival,71
17,Tuesday,Clear,Festival,85
18,Saturday,Rain,NoEvent,86
12,Sunday,Cloudy,NoEvent,74
20,Tuesday,Cloudy,Festival,80
7,Thursday,Clear,Concert,56
13,Wednesday,Clear,NoEvent,60
6,Saturday,Clear,Festival,85
6,Thursday,Rain,Concert,58
0,Friday,Clear,Concert,63
20,Saturday,Rain,NoEvent,83
18,Tuesday,Rain,NoEvent,60
14,Monday,Cloudy,Concert,67
21,Sunday,Rain,Concert,100
9,Thursday,Clear,Festival,50
8,Thursday,Cloudy,Festival,58
2,Thursday,Clear,Festival,67
20,Friday,Cloudy,Sports,84
15,Sunday,Clear,NoEvent,86
18,Saturday,Rain,Sports,90
0,Tuesday,Cloudy,Festival,66
3,Saturday,Clear,Festival,82
12,Friday,Clear,NoEvent,65
11,Monday,Cloudy,Festival,64
20,Thursday,Rain,NoEvent,71
8,Saturday,Cloudy,Concert,76
13,Tuesday,Cloudy,NoEvent,59
10,Saturday,Rain,NoEvent,69
14,Friday,Cloudy,Festival,55
5,Saturday,Cloudy,Sports,75
7,Thursday,Cloudy,NoEvent,58
4,Sunday,Cloudy,Festival,75
14,Thursday,Clear,Concert,61
18,Friday,Clear,Concert,70
20,Monday,Clear,Sports,76
13,Thursday,Cloudy,NoEvent,63
3,Tuesday,Rain,Concert,43
9,Friday,Cloudy,NoEvent,68
17,Friday,Rain,Sports,78
8,Sunday,Rain,NoEvent,80
7,Friday,Rain,Festival,60
19,Wednesday,Rain,Sports,75
21,Thursday,Clear,Festival,86
21,Thursday,Cloudy,NoEvent,86
0,Wednesday,Rain,Sports,48
15,Wednesday,Clear,NoEvent,68
16,Sunday,Rain,Concert,70
13,Thursday,Cloudy,Festival,64
16,Saturday,Clear,Festival,78
14,Wednesday,Cloudy,NoEvent,53
5,Friday,Clear,Sports,51
5,Saturday,Cloudy,Concert,72
3,Wednesday,Cloudy,Concert,66
9,Thursday,Clear,NoEvent,58
6,Thursday,Clear,NoEvent,59
13,Sunday,Cloudy,NoEvent,81
14,Saturday,Clear,Sports,75
20,Friday,Rain,Sports,67
18,Monday,Rain,Concert,75
15,Friday,Cloudy,Festival,60
6,Tuesday,Rain,NoEvent,43
7,Saturday,Cloudy,Sports,77
22,Friday,Rain,NoEvent,49
19,Sunday,Rain,NoEvent,86
21,Sunday,Cloudy,Festival,95
11,Saturday,Rain,Sports,63
1,Saturday,Clear,Sports,77
7,Saturday,Cloudy,Festival,78
7,Sunday,Clear,Sports,75
11,Thursday,Clear,Sports,64
23,Saturday,Clear,Sports,87
15,Thursday,Clear,Concert,65
10,Monday,Rain,Sports,55
9,Saturday,Rain,Concert,75
18,Saturday,Clear,Festival,100
10,Saturday,Rain,Festival,64
10,Sunday,Rain,Sports,65
8,Tuesday,Rain,NoEvent,58
18,Friday,Cloudy,Concert,71
4,Monday,Rain,Concert,47
4,Sunday,Rain,Concert,73
19,Saturday,Rain,Festival,97
7,Sunday,Rain,Concert,75
3,Sunday,Clear,Sports,75
1,Monday,Rain,Festival,45
10,Wednesday,Clear,Concert,60
1,Friday,Clear,Festival,55
13,Sunday,Rain,Festival,62
1,Thursday,Cloudy,Concert,61
11,Saturday,Rain,Concert,70
21,Thursday,Rain,NoEvent,63
23,Tuesday,Rain,Concert,43
21,Saturday,Rain,Concert,97
3,Thursday,Rain,NoEvent,40
13,Saturday,Rain,Sports,78
1,Saturday,Clear,Concert,89
3,Wednesday,Cloudy,NoEvent,70
22,Friday,Cloudy,NoEvent,70
4,Thursday,Clear,NoEvent,56
8,Wednesday,Rain,Concert,41
0,Thursday,Clear,Festival,50
22,Sunday,Cloudy,NoEvent,76
13,Friday,Cloudy,Sports,54
4,Saturday,Rain,Sports,65
8,Thursday,Cloudy,Concert,56
1,Saturday,Rain,Sports,64
15,Friday,Cloudy,Sports,68
11,Wednesday,Cloudy,Sports,55
22,Friday,Clear,Concert,51
23,Tuesday,Rain,Sports,43
18,Thursday,Cloudy,Concert,79
16,Sunday,Rain,Concert,63
1,Sunday,Rain,Concert,73
9,Thursday,Cloudy,Sports,57
13,Friday,Rain,Sports,40
10,Tuesday,Cloudy,Festival,65
6,Saturday,Clear,Concert,84
11,Friday,Clear,Concert,52
8,Thursday,Cloudy,Sports,64
11,Wednesday,Cloudy,Festival,58
2,Monday,Clear,NoEvent,67
5,Wednesday,Cloudy,Concert,62
4,Monday,Cloudy,Concert,51
3,Wednesday,Clear,Festival,57
23,Thursday,Clear,Sports,62
0,Wednesday,Cloudy,Concert,60
1,Saturday,Clear,Festival,89
22,Friday,Clear,Concert,52
16,Wednesday,Clear,NoEvent,59
1,Monday,Clear,Concert,61
6,Friday,Clear,Sports,69
10,Friday,Cloudy,NoEvent,50
5,Wednesday,Cloudy,Concert,53
12,Saturday,Clear,Sports,81
1,Thursday,Rain,Sports,52
3,Tuesday,Rain,Festival,43
4,Saturday,Clear,Concert,82
12,Wednesday,Cloudy,Concert,55
6,Monday,Clear,NoEvent,69
0,Sunday,Clear,Sports,70
1,Friday,Rain,Festival,50
1,Friday,Cloudy,Concert,51
20,Monday,Clear,Festival,70
5,Friday,Clear,Concert,62
23,Thursday,Cloudy,NoEvent,64
17,Friday,Cloudy,Festival,73
17,Wednesday,Cloudy,Sports,77
22,Monday,Clear,NoEvent,69
18,Tuesday,Clear,Concert,74
5,Monday,Rain,Sports,57
16,Monday,Clear,Concert,70
12,Thursday,Rain,Festival,44
17,Saturday,Rain,Sports,84
16,Monday,Cloudy,Sports,56
6,Friday,Clear,Sports,58
2,Saturday,Rain,Concert,64
22,Monday,Clear,Concert,59
9,Monday,Rain,Festival,51
18,Sunday,Cloudy,Festival,100
1,Thursday,Cloudy,NoEvent,69
10,Thursday,Cloudy,Sports,67
21,Monday,Clear,Festival,84
23,Monday,Rain,Sports,50
19,Sunday,Rain,Festival,100
8,Saturday,Clear,Concert,78
10,Tuesday,Rain,Festival,40
18,Wednesday,Cloudy,Sports,81
6,Friday,Clear,Sports,68
5,Friday,Clear,Concert,58
14,Wednesday,Rain,Sports,57
23,Friday,Rain,Concert,47
9,Tuesday,Clear,Concert,66
9,Thursday,Rain,Festival,41
11,Friday,Cloudy,Festival,51
8,Thursday,Rain,Concert,59
10,Monday,Rain,Festival,55
12,Sunday,Clear,Festival,89
8,Wednesday,Clear,Concert,58
15,Tuesday,Rain,NoEvent,59
8,Wednesday,Clear,Sports,62
5,Thursday,Cloudy,Sports,54
2,Friday,Clear,Concert,66
17,Sunday,Clear,Sports,92
23,Monday,Clear,Concert,54
17,Thursday,Cloudy,NoEvent,86
22,Thursday,Clear,NoEvent,66
2,Monday,Clear,Festival,63
11,Saturday,Rain,Festival,72
18,Tuesday,Clear,Sports,80
4,Friday,Cloudy,NoEvent,55
4,Friday,Clear,NoEvent,62
22,Wednesday,Cloudy,Sports,68
23,Sunday,Rain,NoEvent,79
13,Thursday,Rain,Concert,55
7,Tuesday,Cloudy,Concert,65
12,Monday,Cloudy,NoEvent,65
3,Thursday,Cloudy,NoEvent,68
5,Thursday,Cloudy,NoEvent,67
21,Saturday,Rain,Concert,92
23,Saturday,Rain,Sports,62
19,Saturday,Cloudy,Concert,92
23,Friday,Clear,Festival,57
21,Sunday,Cloudy,Concert,100
19,Thursday,Cloudy,Concert,82
15,Friday,Rain,NoEvent,41
5,Thursday,Rain,Concert,47
3,Sunday,Clear,Concert,83
21,Friday,Clear,Festival,72
0,Thursday,Rain,NoEvent,47
0,Monday,Rain,Sports,56
10,Saturday,Clear,NoEvent,82
20,Thursday,Clear,Festival,76
10,Wednesday,Clear,NoEvent,53
16,Saturday,Cloudy,NoEvent,70
17,Wednesday,Rain,NoEvent,79
23,Friday,Cloudy,NoEvent,67
16,Saturday,Rain,Festival,60
9,Monday,Clear,Concert,61
10,Sunday,Rain,Concert,76
0,Monday,Cloudy,Festival,65
20,Wednesday,Clear,Festival,88
2,Sunday,Rain,Concert,80
9,Friday,Rain,NoEvent,48
11,Sunday,Rain,Concert,71
8,Monday,Clear,Festival,55
23,Monday,Rain,Concert,50
2,Saturday,Cloudy,Festival,89
0,Saturday,Clear,Festival,84
13,Sunday,Clear,Concert,82
2,Sunday,Cloudy,Sports,87
23,Wednesday,Clear,NoEvent,63
21,Tuesday,Clear,Festival,83
9,Tuesday,Clear,Concert,55
6,Saturday,Cloudy,NoEvent,83
4,Thursday,Cloudy,Concert,58
20,Monday,Rain,NoEvent,80
13,Thursday,Clear,Sports,53
3,Thursday,Cloudy,Festival,67
22,Thursday,Clear,Sports,67
4,Saturday,Rain,Sports,79
20,Saturday,Rain,Sports,85
16,Tuesday,Rain,Sports,41
13,Saturday,Cloudy,Concert,81
3,Wednesday,Cloudy,Concert,64
23,Monday,Clear,NoEvent,52
14,Tuesday,Clear,Sports,66
18,Wednesday,Cloudy,NoEvent,78
2,Friday,Cloudy,Sports,70
22,Sunday,Clear,Concert,87
23,Saturday,Clear,NoEvent,73
6,Saturday,Cloudy,Festival,90
2,Thursday,Cloudy,Concert,69
19,Tuesday,Clear,NoEvent,84
16,Wednesday,Clear,NoEvent,68
17,Saturday,Clear,Sports,100
12,Wednesday,Clear,Festival,52
7,Saturday,Cloudy,NoEvent,79
21,Wednesday,Cloudy,Sports,86
20,Thursday,Clear,NoEvent,84
22,Tuesday,Rain,Festival,46
20,Wednesday,Clear,NoEvent,75
4,Sunday,Clear,Sports,75
2,Saturday,Cloudy,Concert,70
16,Sunday,Rain,Festival,67
17,Thursday,Clear,Festival,82
0,Sunday,Rain,NoEvent,69
15,Saturday,Cloudy,Sports,82
8,Tuesday,Clear,Sports,53
9,Tuesday,Rain,Sports,49
1,Thursday,Rain,Sports,59
21,Friday,Clear,Sports,84
10,Saturday,Rain,NoEvent,74
15,Thursday,Cloudy,Sports,57
8,Wednesday,Cloudy,Concert,50
18,Wednesday,Cloudy,Concert,89
4,Tuesday,Clear,NoEvent,60
20,Sunday,Cloudy,Sports,100
1,Saturday,Rain,Concert,75
11,Friday,Cloudy,NoEvent,70
12,Friday,Cloudy,NoEvent,66
19,Tuesday,Rain,NoEvent,71
6,Thursday,Clear,Festival,57
11,Tuesday,Clear,NoEvent,60
0,Tuesday,Rain,Festival,54
19,Thursday,Clear,Sports,74
9,Tuesday,Cloudy,NoEvent,52
0,Tuesday,Cloudy,Concert,59
21,Saturday,Clear,Festival,100
8,Tuesday,Clear,Sports,62
6,Saturday,Cloudy,NoEvent,81
17,Wednesday,Clear,Concert,88
2,Sunday,Clear,Festival,90
17,Monday,Rain,Festival,76
19,Wednesday,Rain,Festival,65
8,Sunday,Cloudy,Sports,70
20,Thursday,Rain,Sports,76
23,Tuesday,Rain,Concert,46
3,Monday,Clear,Sports,55
18,Wednesday,Rain,Concert,63
8,Sunday,Cloudy,Sports,79
21,Thursday,Clear,Festival,83
15,Wednesday,Rain,Concert,52
0,Tuesday,Cloudy,NoEvent,65
23,Monday,Cloudy,Festival,54
6,Friday,Rain,Sports,41
16,Tuesday,Cloudy,Sports,57
11,Tuesday,Cloudy,Concert,65
14,Monday,Rain,NoEvent,42
20,Wednesday,Rain,NoEvent,74
18,Wednesday,Clear,NoEvent,71
8,Saturday,Clear,Sports,76
21,Tuesday,Cloudy,Concert,74
17,Wednesday,Cloudy,Concert,79
23,Sunday,Cloudy,NoEvent,70
2,Thursday,Clear,Concert,66
8,Sunday,Cloudy,Festival,72
11,Wednesday,Rain,Festival,50
15,Sunday,Clear,Festival,70
17,Friday,Clear,Festival,88
5,Thursday,Cloudy,Concert,62
0,Wednesday,Clear,Sports,61
21,Wednesday,Rain,NoEvent,62
0,Monday,Rain,Festival,52
15,Tuesday,Rain,Sports,44
8,Wednesday,Clear,NoEvent,55
9,Wednesday,Cloudy,Sports,59
5,Sunday,Clear,Concert,80
0,Wednesday,Clear,NoEvent,69
2,Tuesday,Cloudy,Sports,59
12,Tuesday,Rain,Sports,51
11,Thursday,Rain,Sports,55
14,Tuesday,Cloudy,Concert,65
19,Saturday,Cloudy,Sports,98
8,Monday,Cloudy,Festival,62
5,Monday,Cloudy,Festival,68
5,Saturday,Cloudy,NoEvent,75
12,Tuesday,Clear,NoEvent,70
0,Sunday,Rain,Concert,72
12,Tuesday,Rain,Sports,60
5,Friday,Rain,Festival,60
14,Saturday,Cloudy,Sports,76
11,Thursday,Cloudy,Concert,52
13,Sunday,Cloudy,Sports,83
20,Friday,Cloudy,Concert,90
0,Monday,Cloudy,Concert,51
22,Saturday,Clear,Festival,87
13,Saturday,Rain,Concert,76
19,Tuesday,Clear,Concert,70
1,Sunday,Rain,Sports,78
6,Saturday,Cloudy,Concert,80
20,Saturday,Rain,Concert,92
2,Thursday,Clear,Sports,54
23,Friday,Clear,Concert,50
21,Tuesday,Cloudy,Sports,71
13,Friday,Rain,Festival,56
9,Wednesday,Clear,Sports,62
3,Friday,Cloudy,NoEvent,54
4,Tuesday,Clear,NoEvent,69
6,Saturday,Cloudy,Festival,72
21,Thursday,Cloudy,Concert,89
5,Thursday,Cloudy,Festival,54
6,Monday,Cloudy,Concert,56
6,Saturday,Rain,NoEvent,63
1,Saturday,Clear,Festival,85
12,Monday,Clear,Sports,58
6,Wednesday,Rain,Sports,51
13,Tuesday,Clear,Sports,68
11,Wednesday,Cloudy,NoEvent,54
16,Thursday,Clear,NoEvent,70
4,Sunday,Cloudy,Festival,87
7,Friday,Rain,Sports,52
5,Sunday,Rain,Sports,73
2,Tuesday,Clear,Sports,62
2,Saturday,Clear,Sports,89
20,Tuesday,Rain,NoEvent,65
11,Thursday,Cloudy,NoEvent,60
1,Tuesday,Rain,Sports,42
0,Tuesday,Rain,NoEvent,48
1,Wednesday,Rain,NoEvent,44
5,Sunday,Cloudy,NoEvent,70
13,Saturday,Clear,Concert,88
14,Tuesday,Clear,Sports,57
23,Saturday,Clear,Sports,84
9,Thursday,Clear,Sports,51
9,Thursday,Rain,NoEvent,60
16,Saturday,Cloudy,Concert,81
13,Tuesday,Clear,Concert,50
21,Friday,Clear,Festival,81
20,Friday,Rain,NoEvent,74
21,Saturday,Clear,Festival,100
5,Saturday,Clear,Sports,83
14,Thursday,Cloudy,Concert,68
2,Monday,Rain,NoEvent,58
12,Thursday,Clear,NoEvent,59
0,Thursday,Clear,Concert,56
17,Wednesday,Clear,Festival,76
2,Thursday,Cloudy,Sports,61
18,Friday,Clear,Concert,90
3,Wednesday,Clear,Concert,62
4,Wednesday,Rain,Sports,46
18,Sunday,Clear,Concert,93
14,Wednesday,Cloudy,Festival,52
3,Wednesday,Clear,NoEvent,70
15,Saturday,Cloudy,Festival,81
20,Sunday,Rain,Festival,93
22,Saturday,Clear,Sports,77
8,Sunday,Clear,NoEvent,73
23,Tuesday,Clear,Concert,53
9,Saturday,Clear,Concert,77
4,Monday,Rain,Festival,44
12,Tuesday,Cloudy,Festival,66
17,Monday,Clear,NoEvent,70
14,Wednesday,Clear,Festival,60
7,Saturday,Rain,Sports,78
11,Friday,Clear,Sports,62
1,Wednesday,Rain,Sports,44
12,Saturday,Cloudy,Concert,83
8,Wednesday,Rain,Concert,49
3,Wednesday,Cloudy,Concert,58
20,Monday,Clear,Concert,89
16,Sunday,Rain,Sports,61
12,Sunday,Cloudy,Festival,85
2,Saturday,Rain,Concert,72
12,Wednesday,Clear,NoEvent,65
13,Sunday,Clear,NoEvent,82
13,Friday,Clear,Festival,57
13,Monday,Cloudy,Concert,66
13,Friday,Cloudy,Festival,69
13,Sunday,Cloudy,Sports,73
23,Wednesday,Cloudy,Concert,50
0,Monday,Rain,Sports,46
16,Saturday,Clear,NoEvent,79
7,Wednesday,Clear,NoEvent,53
10,Sunday,Rain,Concert,62
23,Saturday,Cloudy,Festival,82
5,Sunday,Clear,Concert,72
4,Saturday,Clear,Festival,76
9,Monday,Rain,NoEvent,53
13,Saturday,Clear,Concert,80
13,Sunday,Cloudy,Sports,72
2,Friday,Rain,NoEvent,60
16,Sunday,Clear,NoEvent,88
3,Friday,Rain,Concert,52
21,Friday,Cloudy,NoEvent,84
16,Thursday,Cloudy,Festival,50
0,Monday,Clear,NoEvent,59
22,Tuesday,Clear,NoEvent,68
10,Friday,Clear,Concert,54
15,Thursday,Clear,Concert,55
10,Saturday,Rain,NoEvent,67
22,Sunday,Rain,NoEvent,68
18,Friday,Cloudy,Festival,88
21,Tuesday,Clear,Festival,73
20,Wednesday,Rain,Sports,73
5,Sunday,Clear,NoEvent,76
1,Monday,Clear,Sports,53
23,Monday,Rain,Sports,44
20,Monday,Clear,NoEvent,89
23,Sunday,Cloudy,Concert,76
0,Sunday,Rain,Festival,79
9,Saturday,Cloudy,NoEvent,90
9,Sunday,Cloudy,Sports,72
0,Tuesday,Cloudy,NoEvent,50
17,Monday,Cloudy,Festival,83
13,Thursday,Cloudy,Concert,65
21,Tuesday,Cloudy,Concert,87
21,Friday,Cloudy,Concert,74
21,Saturday,Rain,Sports,97
0,Tuesday,Cloudy,NoEvent,68
7,Friday,Clear,Concert,67
15,Friday,Clear,Festival,68
2,Monday,Cloudy,Festival,58
11,Sunday,Cloudy,Festival,83
5,Sunday,Cloudy,Concert,82
9,Saturday,Clear,NoEvent,87
16,Monday,Clear,Sports,54
21,Saturday,Clear,Concert,94
23,Tuesday,Rain,NoEvent,48
4,Sunday,Rain,Concert,73
13,Monday,Clear,NoEvent,70
3,Sunday,Clear,NoEvent,80
22,Friday,Clear,Sports,69
2,Friday,Clear,NoEvent,65
3,Saturday,Rain,Festival,72
12,Sunday,Cloudy,Festival,87
18,Saturday,Cloudy,NoEvent,100
19,Thursday,Cloudy,Festival,71
5,Tuesday,Rain,Concert,41
0,Saturday,Clear,Festival,72
1,Wednesday,Rain,NoEvent,48
11,Monday,Rain,Sports,48
14,Monday,Rain,Concert,49
22,Wednesday,Rain,Sports,51
2,Friday,Clear,Sports,60
1,Monday,Clear,Sports,51
1,Sunday,Rain,Festival,61
5,Saturday,Cloudy,Festival,79
15,Saturday,Clear,NoEvent,81
18,Monday,Clear,Concert,73
7,Wednesday,Cloudy,Concert,59
19,Tuesday,Cloudy,Festival,83
16,Tuesday,Cloudy,Sports,52
3,Saturday,Rain,Festival,66
7,Sunday,Cloudy,Festival,90
8,Saturday,Cloudy,Sports,87
22,Wednesday,Cloudy,Sports,52
1,Friday,Clear,NoEvent,67
7,Monday,Rain,Sports,41
12,Tuesday,Rain,Sports,46
8,Wednesday,Clear,Concert,55
12,Wednesday,Clear,NoEvent,68
2,Thursday,Cloudy,Sports,50
5,Saturday,Cloudy,NoEvent,76
9,Thursday,Cloudy,NoEvent,65
21,Saturday,Cloudy,Festival,98
0,Tuesday,Rain,NoEvent,54
6,Thursday,Cloudy,Sports,52
13,Sunday,Rain,Sports,66
14,Wednesday,Clear,Sports,59
12,Monday,Rain,NoEvent,46
17,Monday,Cloudy,Festival,77
20,Sunday,Rain,Festival,98
19,Friday,Cloudy,Concert,73
6,Saturday,Cloudy,Concert,71
1,Sunday,Rain,Sports,69
12,Friday,Cloudy,Concert,63
0,Friday,Cloudy,Festival,54
17,Monday,Clear,Festival,72
14,Thursday,Cloudy,NoEvent,59
5,Tuesday,Clear,Concert,53
2,Sunday,Rain,Concert,78
7,Friday,Clear,Sports,67
12,Wednesday,Rain,Concert,55
4,Sunday,Clear,Concert,90
23,Sunday,Cloudy,NoEvent,70
13,Monday,Cloudy,Concert,53
21,Thursday,Cloudy,Festival,77
8,Thursday,Rain,Festival,57
8,Tuesday,Cloudy,Concert,51
23,Thursday,Cloudy,NoEvent,61
4,Monday,Cloudy,Festival,50
1,Monday,Cloudy,NoEvent,57
9,Monday,Rain,Concert,53
2,Monday,Rain,Sports,56
20,Tuesday,Clear,Concert,84
17,Sunday,Rain,Sports,98
6,Thursday,Cloudy,NoEvent,50
9,Wednesday,Cloudy,Festival,56
17,Thursday,Cloudy,Concert,81
1,Saturday,Cloudy,Concert,88
1,Friday,Cloudy,Concert,61
10,Saturday,Rain,Sports,60
12,Wednesday,Cloudy,Concert,59
6,Sunday,Clear,Concert,78
13,Saturday,Clear,Concert,88
10,Monday,Clear,Sports,50
1,Saturday,Rain,NoEvent,67
11,Wednesday,Clear,Concert,52
23,Monday,Rain,NoEvent,49
22,Thursday,Rain,Concert,52
0,Sunday,Clear,Festival,79
1,Wednesday,Clear,NoEvent,70
16,Thursday,Rain,Festival,51
13,Saturday,Clear,Concert,73
15,Saturday,Cloudy,Festival,76
10,Friday,Rain,Festival,55
13,Tuesday,Cloudy,Sports,53
12,Wednesday,Clear,Concert,64
6,Friday,Clear,Festival,62
20,Friday,Cloudy,NoEvent,87
13,Monday,Cloudy,Festival,60
13,Tuesday,Rain,NoEvent,43
8,Sunday,Rain,Concert,73
15,Monday,Cloudy,Sports,51
14,Thursday,Cloudy,NoEvent,67
10,Sunday,Clear,Sports,80
3,Wednesday,Cloudy,Concert,70
20,Monday,Rain,Concert,67
9,Saturday,Rain,Sports,73
1,Thursday,Cloudy,Concert,50
17,Sunday,Rain,Sports,97
10,Tuesday,Rain,NoEvent,41
17,Sunday,Rain,NoEvent,81
2,Monday,Cloudy,Sports,53
5,Tuesday,Clear,Festival,55
19,Monday,Rain,Concert,80
20,Wednesday,Cloudy,NoEvent,70
18,Friday,Rain,Sports,75
3,Friday,Rain,NoEvent,54
15,Monday,Cloudy,Concert,53
6,Friday,Cloudy,NoEvent,58
21,Wednesday,Rain,Concert,62
14,Wednesday,Rain,Sports,52
1,Monday,Cloudy,Sports,55
0,Tuesday,Rain,Sports,42
19,Thursday,Rain,Sports,70
9,Wednesday,Cloudy,Sports,65
10,Tuesday,Clear,Sports,70
5,Wednesday,Cloudy,NoEvent,70
20,Thursday,Cloudy,Festival,86
18,Saturday,Rain,NoEvent,90
20,Tuesday,Clear,Festival,71
10,Saturday,Cloudy,NoEvent,78
17,Sunday,Cloudy,Concert,100
23,Tuesday,Cloudy,Festival,61
1,Tuesday,Clear,Concert,50
22,Tuesday,Clear,Festival,63
8,Sunday,Cloudy,Sports,83
13,Thursday,Cloudy,Festival,57
6,Sunday,Rain,Festival,80
23,Wednesday,Clear,Concert,63
1,Monday,Rain,Sports,40
16,Monday,Clear,Concert,61
7,Saturday,Cloudy,Concert,71
9,Friday,Clear,NoEvent,62
6,Monday,Clear,Festival,55
21,Friday,Cloudy,Sports,81
21,Friday,Rain,NoEvent,76
22,Sunday,Clear,Sports,82
6,Wednesday,Cloudy,NoEvent,53
9,Sunday,Cloudy,Concert,81
8,Sunday,Clear,Sports,84
0,Tuesday,Rain,Sports,52
3,Saturday,Rain,Concert,67
11,Saturday,Cloudy,Concert,72
18,Wednesday,Clear,Sports,89
9,Tuesday,Cloudy,Sports,67
16,Thursday,Rain,Concert,57
8,Thursday,Rain,Sports,42
1,Thursday,Clear,Festival,57
14,Friday,Clear,Festival,52
20,Sunday,Clear,Festival,100
14,Sunday,Rain,Concert,73
18,Thursday,Cloudy,Festival,82
2,Thursday,Clear,NoEvent,67
20,Thursday,Rain,NoEvent,69
16,Monday,Rain,NoEvent,42
8,Thursday,Rain,Festival,44
7,Friday,Clear,NoEvent,64
6,Saturday,Rain,Concert,64
7,Tuesday,Clear,Festival,52
10,Wednesday,Clear,Sports,54
21,Sunday,Cloudy,Festival,100
1,Friday,Rain,Sports,54
19,Tuesday,Rain,Sports,80
14,Wednesday,Cloudy,Concert,66
9,Saturday,Rain,Festival,69
6,Friday,Rain,Sports,56
5,Saturday,Cloudy,Sports,81
4,Tuesday,Cloudy,NoEvent,50
16,Saturday,Clear,Festival,74
11,Friday,Clear,Festival,60
13,Tuesday,Cloudy,Sports,63
22,Monday,Cloudy,Festival,51
1,Wednesday,Cloudy,NoEvent,55
20,Sunday,Clear,NoEvent,100
16,Wednesday,Cloudy,NoEvent,55
20,Sunday,Clear,NoEvent,100
3,Friday,Cloudy,Festival,53
13,Wednesday,Cloudy,NoEvent,68
13,Friday,Clear,Festival,57
2,Monday,Cloudy,NoEvent,56
17,Thursday,Rain,Festival,72
11,Saturday,Rain,Sports,60
9,Monday,Cloudy,NoEvent,67
9,Thursday,Cloudy,Festival,63
13,Tuesday,Cloudy,NoEvent,50
1,Sunday,Rain,Sports,77
2,Monday,Rain,NoEvent,44
14,Saturday,Cloudy,Sports,86
15,Sunday,Rain,Festival,73
20,Saturday,Clear,Sports,100
17,Saturday,Cloudy,Festival,99
18,Friday,Cloudy,Festival,81
5,Friday,Cloudy,Concert,68
13,Friday,Cloudy,Festival,59
3,Sunday,Rain,Festival,64
21,Friday,Cloudy,Concert,76
21,Monday,Rain,NoEvent,80
0,Wednesday,Rain,Sports,52
9,Friday,Clear,Concert,56
19,Wednesday,Clear,Festival,84
5,Thursday,Clear,Festival,59
23,Wednesday,Rain,Festival,53
15,Friday,Cloudy,Festival,69
15,Saturday,Rain,Festival,79
14,Tuesday,Rain,NoEvent,53
5,Friday,Clear,Concert,56
17,Sunday,Cloudy,Sports,92
16,Sunday,Clear,NoEvent,75
3,Saturday,Clear,NoEvent,87
22,Tuesday,Clear,NoEvent,58
8,Saturday,Clear,Concert,86
1,Tuesday,Clear,Sports,54
11,Monday,Rain,Concert,46
13,Monday,Cloudy,Festival,66
15,Sunday,Clear,NoEvent,83
19,Sunday,Clear,Sports,100
18,Monday,Rain,NoEvent,64
7,Saturday,Rain,Concert,60
19,Monday,Rain,Festival,66
23,Sunday,Cloudy,Sports,78
11,Tuesday,Rain,Concert,57
14,Sunday,Cloudy,Festival,75
3,Tuesday,Rain,Festival,54
23,Monday,Clear,Concert,63
13,Sunday,Clear,Sports,81
4,Tuesday,Rain,NoEvent,44
3,Tuesday,Clear,Festival,56
15,Sunday,Cloudy,Sports,84
8,Wednesday,Rain,Sports,42
3,Wednesday,Clear,Festival,57
13,Monday,Clear,NoEvent,53
21,Wednesday,Cloudy,Sports,87
6,Saturday,Cloudy,Festival,88
4,Friday,Clear,NoEvent,65
12,Wednesday,Clear,Festival,54
6,Friday,Rain,Festival,45
17,Saturday,Cloudy,Sports,100
7,Monday,Cloudy,Sports,60
11,Sunday,Clear,NoEvent,70
7,Sunday,Rain,Concert,74
6,Thursday,Rain,Concert,51
13,Wednesday,Rain,Concert,45
19,Wednesday,Rain,Festival,65
6,Saturday,Rain,NoEvent,65
5,Sunday,Clear,Concert,82
13,Wednesday,Rain,NoEvent,47
12,Tuesday,Rain,NoEvent,42
4,Saturday,Clear,Sports,71
0,Saturday,Clear,Concert,72
3,Thursday,Rain,Sports,52
14,Sunday,Cloudy,Concert,82
11,Friday,Rain,Festival,56
12,Saturday,Rain,Concert,66
20,Wednesday,Clear,NoEvent,70
19,Thursday,Rain,Concert,67
4,Saturday,Rain,Festival,67
4,Saturday,Rain,Sports,72
6,Friday,Clear,Concert,56
21,Saturday,Rain,NoEvent,97
4,Friday,Clear,Sports,70
13,Tuesday,Clear,Sports,63
22,Sunday,Clear,Festival,78
1,Friday,Cloudy,NoEvent,51
23,Thursday,Rain,Sports,52
2,Monday,Cloudy,Festival,61
11,Friday,Rain,Sports,57
13,Wednesday,Clear,Festival,60
11,Sunday,Rain,NoEvent,77
4,Tuesday,Clear,Festival,61
18,Saturday,Rain,Concert,84
22,Saturday,Rain,Festival,70
23,Friday,Rain,Sports,45
21,Monday,Rain,NoEvent,73
9,Thursday,Rain,Concert,54
0,Tuesday,Cloudy,Sports,69
16,Thursday,Rain,NoEvent,53
4,Wednesday,Cloudy,Festival,65
8,Saturday,Cloudy,Festival,81
17,Monday,Cloudy,Festival,82
2,Saturday,Cloudy,Festival,78
15,Friday,Rain,NoEvent,47
5,Friday,Clear,NoEvent,60
16,Saturday,Cloudy,Sports,70
3,Saturday,Cloudy,Concert,77
7,Saturday,Cloudy,Sports,75
15,Sunday,Rain,Festival,70
11,Sunday,Clear,NoEvent,77
12,Sunday,Cloudy,NoEvent,79
23,Sunday,Cloudy,NoEvent,79
21,Monday,Cloudy,Sports,70
20,Friday,Cloudy,Concert,78
8,Wednesday,Rain,Festival,50
23,Tuesday,Rain,Concert,56
0,Wednesday,Cloudy,Sports,64
19,Monday,Cloudy,Sports,82
18,Tuesday,Clear,Concert,87
3,Sunday,Clear,Festival,79
4,Thursday,Clear,Festival,61
3,Tuesday,Rain,Festival,42
11,Wednesday,Clear,Sports,52
1,Friday,Cloudy,Concert,69
16,Tuesday,Cloudy,Sports,57
22,Tuesday,Cloudy,Concert,61
3,Wednesday,Rain,NoEvent,46
3,Thursday,Cloudy,Festival,57
17,Sunday,Rain,Festival,88
13,Monday,Clear,Sports,66
19,Saturday,Cloudy,Festival,100
0,Monday,Rain,Concert,48
18,Saturday,Cloudy,NoEvent,93
20,Saturday,Clear,NoEvent,98
16,Saturday,Cloudy,Sports,88
8,Monday,Rain,Festival,51
4,Thursday,Cloudy,NoEvent,69
21,Tuesday,Rain,Concert,64
1,Thursday,Rain,Sports,49
3,Friday,Rain,Concert,55
22,Sunday,Clear,Concert,83
2,Sunday,Clear,Festival,73
10,Saturday,Rain,Sports,63
19,Wednesday,Rain,Festival,76
23,Wednesday,Clear,Festival,50
18,Thursday,Rain,Sports,73
9,Friday,Clear,Festival,55
6,Friday,Cloudy,Concert,54
6,Tuesday,Rain,Concert,40
10,Saturday,Rain,Sports,70
23,Wednesday,Cloudy,Festival,51
22,Tuesday,Cloudy,Festival,51
21,Monday,Rain,Concert,71
13,Sunday,Rain,Sports,66
7,Thursday,Cloudy,Sports,68
6,Wednesday,Cloudy,NoEvent,50
5,Sunday,Rain,Sports,67
23,Saturday,Cloudy,Festival,78
8,Monday,Clear,Sports,69
10,Friday,Rain,Festival,60
0,Thursday,Clear,Festival,62
16,Wednesday,Cloudy,NoEvent,50
20,Tuesday,Rain,Sports,60
20,Friday,Cloudy,Sports,90
23,Friday,Cloudy,NoEvent,51
8,Saturday,Cloudy,Concert,90
9,Monday,Cloudy,Festival,65
16,Thursday,Cloudy,NoEvent,68
11,Sunday,Clear,Sports,79
4,Thursday,Cloudy,Festival,54
9,Monday,Cloudy,Concert,69
16,Wednesday,Rain,Sports,40
14,Wednesday,Cloudy,Sports,56
9,Sunday,Clear,Sports,81
11,Tuesday,Rain,Concert,41
19,Tuesday,Clear,Sports,72
18,Monday,Rain,Concert,60
12,Tuesday,Rain,Concert,49
1,Wednesday,Cloudy,Concert,63
12,Wednesday,Clear,Sports,64
7,Wednesday,Rain,NoEvent,47
8,Sunday,Cloudy,Concert,78
18,Sunday,Cloudy,Sports,100
2,Sunday,Rain,Festival,75
10,Friday,Clear,Sports,65
5,Wednesday,Cloudy,Sports,55
1,Tuesday,Clear,Sports,69
21,Thursday,Cloudy,Festival,71
11,Monday,Clear,NoEvent,54
15,Monday,Clear,Sports,53
13,Monday,Rain,Festival,55
7,Tuesday,Rain,Concert,50
1,Sunday,Rain,Festival,60
21,Thursday,Cloudy,Festival,84
4,Sunday,Clear,Festival,78
0,Wednesday,Cloudy,NoEvent,60
12,Saturday,Rain,Concert,71
15,Sunday,Cloudy,Sports,87
5,Thursday,Rain,Festival,50
2,Wednesday,Clear,Concert,51
12,Sunday,Cloudy,Concert,71
12,Monday,Cloudy,Festival,53
18,Thursday,Rain,Concert,64
15,Friday,Clear,Sports,57
6,Tuesday,Rain,Concert,54
23,Wednesday,Clear,NoEvent,55
10,Wednesday,Cloudy,Festival,56
12,Monday,Rain,Sports,48
21,Friday,Cloudy,Sports,82
4,Friday,Rain,Sports,46
7,Monday,Clear,Festival,54
11,Wednesday,Cloudy,Sports,68
15,Thursday,Clear,NoEvent,68
9,Friday,Clear,Festival,69
19,Friday,Clear,Concert,90
13,Thursday,Cloudy,Concert,54
2,Thursday,Cloudy,Concert,57
1,Friday,Clear,Sports,66
8,Saturday,Cloudy,Sports,75
10,Wednesday,Rain,NoEvent,58
1,Sunday,Rain,NoEvent,78
7,Saturday,Rain,NoEvent,72
15,Monday,Rain,Sports,56
16,Friday,Rain,Sports,56
0,Friday,Cloudy,Concert,64
15,Tuesday,Cloudy,Sports,54
12,Tuesday,Rain,Concert,60
22,Friday,Cloudy,Festival,56
6,Friday,Rain,Concert,41
21,Tuesday,Cloudy,Concert,72
6,Saturday,Clear,Concert,70
1,Monday,Cloudy,Concert,61
18,Saturday,Cloudy,Sports,92
19,Thursday,Clear,Concert,75
22,Friday,Rain,Concert,55
6,Thursday,Rain,Festival,57
12,Tuesday,Cloudy,NoEvent,55
3,Tuesday,Clear,Sports,69
22,Saturday,Cloudy,Sports,76
6,Friday,Rain,Sports,58
0,Monday,Rain,NoEvent,44
13,Thursday,Cloudy,Festival,60
18,Monday,Cloudy,Festival,76
6,Saturday,Cloudy,Festival,81
17,Monday,Clear,Sports,82
3,Sunday,Cloudy,Festival,87
17,Saturday,Clear,NoEvent,92
9,Wednesday,Rain,Sports,56
13,Sunday,Cloudy,Festival,72
20,Sunday,Rain,Festival,99
2,Saturday,Clear,Sports,89
8,Saturday,Rain,NoEvent,63
19,Sunday,Rain,Sports,82
7,Saturday,Cloudy,Concert,90
13,Saturday,Clear,Festival,81
15,Wednesday,Clear,Sports,61
23,Tuesday,Cloudy,Concert,55
5,Monday,Clear,Festival,58
1,Tuesday,Cloudy,Concert,66
9,Friday,Clear,Concert,65
10,Saturday,Rain,Festival,61
7,Saturday,Cloudy,NoEvent,86
13,Sunday,Rain,Concert,73
10,Thursday,Rain,NoEvent,47
6,Saturday,Clear,Festival,80
0,Wednesday,Clear,NoEvent,51
1,Monday,Cloudy,Concert,62
15,Thursday,Rain,Sports,46
20,Monday,Cloudy,Concert,74
20,Monday,Cloudy,NoEvent,86
15,Saturday,Rain,NoEvent,79
23,Saturday,Clear,Concert,87
4,Monday,Cloudy,Sports,50
9,Thursday,Rain,Festival,45
1,Friday,Cloudy,Concert,66
9,Tuesday,Rain,Sports,57
14,Monday,Cloudy,Festival,60
17,Sunday,Clear,Concert,100
3,Monday,Cloudy,Concert,60
23,Tuesday,Clear,Festival,53
17,Sunday,Cloudy,Concert,93
14,Wednesday,Rain,Concert,54
15,Wednesday,Cloudy,Sports,50
23,Friday,Cloudy,Concert,58
13,Sunday,Clear,Concert,83
10,Thursday,Cloudy,Festival,56
22,Wednesday,Cloudy,Sports,58
1,Sunday,Clear,NoEvent,81
13,Saturday,Clear,Festival,72
23,Sunday,Rain,Concert,60
22,Monday,Rain,Sports,55
1,Monday,Rain,Festival,53
3,Monday,Cloudy,Concert,69
7,Friday,Rain,NoEvent,58
16,Saturday,Clear,Concert,86
17,Thursday,Cloudy,NoEvent,79
15,Thursday,Clear,NoEvent,53
2,Wednesday,Clear,Concert,54
7,Friday,Cloudy,Concert,67
1,Wednesday,Cloudy,Festival,50
8,Thursday,Cloudy,Concert,67
2,Thursday,Clear,Festival,61
20,Sunday,Clear,Concert,96
18,Monday,Rain,Concert,80
15,Saturday,Cloudy,Festival,76
4,Monday,Clear,Festival,54
14,Friday,Clear,Sports,55
15,Tuesday,Cloudy,NoEvent,60
19,Tuesday,Cloudy,Sports,87
1,Wednesday,Cloudy,Sports,64
21,Tuesday,Rain,NoEvent,61
18,Wednesday,Cloudy,NoEvent,82
0,Wednesday,Cloudy,Sports,70
2,Thursday,Cloudy,NoEvent,67
10,Thursday,Clear,NoEvent,59
20,Monday,Rain,Sports,78
23,Saturday,Rain,NoEvent,69
22,Tuesday,Cloudy,Festival,62
9,Thursday,Rain,Festival,58
19,Saturday,Cloudy,Concert,92
17,Thursday,Cloudy,Sports,79
8,Thursday,Clear,Sports,65
11,Friday,Clear,NoEvent,61
3,Tuesday,Clear,Festival,59
13,Monday,Cloudy,Festival,65
16,Sunday,Cloudy,Sports,74
20,Monday,Cloudy,Concert,87
9,Monday,Clear,NoEvent,61
13,Tuesday,Clear,NoEvent,68
7,Saturday,Cloudy,Festival,87
21,Wednesday,Rain,Concert,61
4,Wednesday,Rain,Concert,42
8,Friday,Rain,Festival,59
8,Saturday,Cloudy,NoEvent,79
8,Tuesday,Rain,Festival,48
9,Tuesday,Rain,Sports,56
3,Thursday,Clear,Concert,69
13,Thursday,Clear,NoEvent,68
11,Monday,Clear,NoEvent,68
16,Saturday,Clear,Sports,73
7,Monday,Cloudy,Sports,68
5,Wednesday,Clear,Concert,53
18,Saturday,Clear,Sports,100
17,Saturday,Rain,NoEvent,94
20,Tuesday,Cloudy,Festival,75
16,Wednesday,Rain,Festival,57
2,Wednesday,Cloudy,Festival,51
15,Thursday,Clear,Concert,56
8,Tuesday,Rain,Concert,45
3,Tuesday,Clear,Concert,69
8,Wednesday,Cloudy,Concert,68
21,Thursday,Cloudy,Festival,80
0,Monday,Clear,NoEvent,56
9,Thursday,Rain,NoEvent,51
19,Friday,Cloudy,NoEvent,82
1,Thursday,Cloudy,Sports,58
21,Thursday,Cloudy,Festival,90
2,Monday,Clear,Festival,54
4,Thursday,Cloudy,Sports,53
5,Monday,Rain,Festival,53
19,Tuesday,Cloudy,Sports,89
23,Saturday,Clear,Sports,77
13,Friday,Cloudy,Festival,58
10,Sunday,Cloudy,Festival,85
23,Monday,Clear,Sports,58
22,Wednesday,Rain,Concert,45
0,Saturday,Clear,Festival,86
8,Thursday,Clear,Sports,70
8,Friday,Cloudy,Concert,60
9,Monday,Clear,Sports,53
9,Friday,Cloudy,Sports,56
18,Sunday,Clear,Sports,100
17,Thursday,Cloudy,Festival,75
23,Saturday,Rain,Concert,74
22,Thursday,Rain,NoEvent,50
22,Tuesday,Cloudy,NoEvent,55
19,Friday,Rain,Sports,78
8,Sunday,Clear,Festival,81
16,Thursday,Rain,Festival,47
15,Friday,Cloudy,Festival,51
7,Thursday,Clear,Festival,68
0,Sunday,Rain,NoEvent,61
0,Friday,Rain,Festival,44
20,Monday,Cloudy,Sports,80
19,Saturday,Rain,NoEvent,97
18,Thursday,Rain,Sports,62
19,Monday,Clear,NoEvent,73
14,Wednesday,Rain,Concert,51
20,Tuesday,Clear,Concert,72
15,Friday,Cloudy,Sports,66
8,Friday,Cloudy,NoEvent,65
14,Sunday,Rain,NoEvent,66
11,Thursday,Cloudy,Sports,69
1,Wednesday,Cloudy,NoEvent,61
19,Monday,Cloudy,Concert,80
1,Tuesday,Cloudy,Sports,55
2,Tuesday,Clear,Sports,55
23,Sunday,Cloudy,Festival,84
0,Thursday,Cloudy,Concert,52
21,Sunday,Cloudy,Concert,100
22,Wednesday,Cloudy,Sports,60
10,Tuesday,Cloudy,NoEvent,65
2,Saturday,Rain,NoEvent,79
0,Monday,Rain,Sports,54
4,Saturday,Cloudy,NoEvent,72
8,Thursday,Clear,Concert,69
2,Friday,Clear,NoEvent,56
19,Monday,Rain,Sports,74
1,Sunday,Rain,Sports,77
3,Monday,Cloudy,Festival,50
15,Saturday,Cloudy,NoEvent,85
6,Friday,Rain,Sports,41
8,Thursday,Clear,Concert,63
4,Saturday,Clear,Sports,73
7,Tuesday,Cloudy,Festival,62
6,Thursday,Rain,Sports,49
16,Friday,Clear,Concert,56
14,Tuesday,Clear,Festival,54
9,Sunday,Clear,Sports,83
19,Thursday,Clear,Concert,83
2,Friday,Rain,Festival,60
11,Friday,Clear,Festival,54
11,Saturday,Rain,Concert,73
10,Sunday,Clear,NoEvent,85
6,Monday,Clear,Festival,62
11,Tuesday,Cloudy,Festival,50
22,Wednesday,Clear,Sports,61
6,Saturday,Rain,Concert,69
18,Saturday,Clear,NoEvent,100
1,Monday,Cloudy,Concert,65
9,Tuesday,Clear,Festival,60
14,Friday,Rain,Sports,56
10,Sunday,Rain,NoEvent,71
22,Tuesday,Clear,NoEvent,63
14,Tuesday,Clear,Sports,70
16,Wednesday,Clear,Concert,52
11,Monday,Cloudy,NoEvent,59
8,Friday,Clear,Concert,66
23,Saturday,Rain,Festival,65
2,Monday,Rain,Sports,41
22,Monday,Rain,Concert,54
22,Sunday,Cloudy,Sports,89
18,Tuesday,Clear,Concert,83
12,Wednesday,Cloudy,Concert,50
0,Friday,Cloudy,Festival,51
0,Wednesday,Cloudy,NoEvent,65
0,Saturday,Rain,Sports,73
20,Friday,Cloudy,NoEvent,80
2,Friday,Rain,Festival,52
4,Saturday,Cloudy,Concert,85
18,Saturday,Clear,Sports,100
17,Thursday,Rain,Concert,80
1,Monday,Clear,Sports,60
9,Saturday,Cloudy,Sports,74
20,Sunday,Rain,Sports,92
8,Monday,Cloudy,Concert,60
3,Tuesday,Rain,Sports,46
21,Sunday,Cloudy,Concert,100
14,Wednesday,Rain,Sports,49
6,Sunday,Cloudy,Sports,77
18,Friday,Rain,Festival,69
14,Saturday,Rain,Sports,62
15,Tuesday,Rain,Sports,50
2,Thursday,Rain,Concert,59
17,Tuesday,Rain,NoEvent,66
11,Monday,Clear,Concert,66
15,Saturday,Cloudy,NoEvent,70
1,Saturday,Clear,Concert,90
4,Monday,Rain,Festival,59
11,Thursday,Cloudy,Festival,53
0,Saturday,Clear,Sports,78
4,Wednesday,Cloudy,NoEvent,50
7,Sunday,Cloudy,Concert,89
8,Monday,Clear,NoEvent,67
8,Saturday,Rain,Sports,74
11,Thursday,Cloudy,NoEvent,65
1,Thursday,Rain,Festival,60
2,Friday,Cloudy,NoEvent,53
11,Friday,Cloudy,Concert,59
12,Thursday,Clear,Festival,56
6,Wednesday,Rain,Festival,44
12,Thursday,Cloudy,NoEvent,62
17,Tuesday,Cloudy,Festival,86
7,Friday,Clear,Sports,70
2,Sunday,Cloudy,Concert,86
22,Thursday,Cloudy,Festival,69
2,Friday,Clear,Sports,52
2,Monday,Cloudy,NoEvent,68
17,Monday,Cloudy,Concert,76
10,Thursday,Cloudy,Sports,59
14,Monday,Clear,Festival,53
22,Thursday,Clear,Festival,60
1,Wednesday,Cloudy,Concert,70
16,Wednesday,Rain,Sports,43
4,Wednesday,Clear,Festival,58
3,Wednesday,Clear,NoEvent,62
14,Thursday,Cloudy,Concert,53
11,Monday,Rain,Festival,52
23,Wednesday,Cloudy,NoEvent,50
0,Tuesday,Cloudy,Concert,56
17,Wednesday,Clear,Concert,90
18,Friday,Cloudy,Festival,83
18,Wednesday,Cloudy,Concert,89
6,Tuesday,Clear,Concert,53
22,Thursday,Rain,Festival,51
0,Monday,Rain,Concert,42
18,Saturday,Cloudy,Concert,100
7,Monday,Rain,NoEvent,50
8,Tuesday,Rain,NoEvent,40
7,Wednesday,Rain,NoEvent,57
22,Tuesday,Rain,Sports,44
15,Wednesday,Rain,Festival,43
14,Friday,Rain,Concert,57
20,Thursday,Rain,NoEvent,68
3,Sunday,Rain,Festival,74
6,Friday,Clear,Sports,62
8,Monday,Cloudy,Festival,57
16,Saturday,Clear,Festival,77
2,Thursday,Rain,NoEvent,49
21,Sunday,Cloudy,Concert,100
18,Friday,Rain,Concert,63
17,Monday,Rain,Concert,79
15,Thursday,Cloudy,Sports,55
5,Monday,Rain,Festival,50
9,Saturday,Rain,Sports,64
2,Thursday,Rain,Concert,54
6,Friday,Clear,Concert,59
12,Saturday,Cloudy,NoEvent,85
8,Monday,Clear,Festival,64
10,Sunday,Cloudy,Concert,72
14,Monday,Cloudy,Concert,57
20,Sunday,Cloudy,NoEvent,96
4,Thursday,Cloudy,Sports,70
20,Sunday,Rain,Concert,87
18,Saturday,Cloudy,Festival,97
6,Friday,Clear,Sports,50
14,Saturday,Clear,Concert,80
0,Sunday,Rain,Festival,71
10,Monday,Rain,Concert,51
1,Monday,Cloudy,Sports,68
10,Friday,Cloudy,Festival,50
18,Tuesday,Cloudy,NoEvent,78
17,Sunday,Clear,NoEvent,95
22,Tuesday,Clear,Sports,63
12,Friday,Cloudy,Sports,69
16,Monday,Clear,Concert,55
20,Sunday,Rain,Festival,96
22,Wednesday,Cloudy,NoEvent,65
7,Tuesday,Rain,NoEvent,49
7,Saturday,Cloudy,Sports,73
10,Monday,Cloudy,Sports,58
1,Tuesday,Cloudy,Concert,65
22,Monday,Cloudy,Sports,67
12,Monday,Cloudy,Festival,64
12,Thursday,Cloudy,Sports,66
6,Thursday,Cloudy,Festival,51
22,Sunday,Rain,Festival,68
2,Wednesday,Rain,NoEvent,52
21,Tuesday,Rain,Sports,60
1,Thursday,Clear,NoEvent,66
19,Friday,Rain,Festival,71
18,Saturday,Rain,Concert,87
6,Saturday,Clear,Concert,79
12,Thursday,Cloudy,NoEvent,50
19,Friday,Rain,NoEvent,65
4,Friday,Cloudy,Sports,60
20,Friday,Rain,Festival,77
4,Wednesday,Cloudy,NoEvent,58
16,Sunday,Cloudy,Festival,77
8,Sunday,Clear,Sports,74
23,Saturday,Rain,Sports,78
15,Tuesday,Clear,Festival,58
23,Friday,Cloudy,Sports,70
11,Monday,Rain,Concert,42
8,Friday,Cloudy,Concert,54
6,Monday,Cloudy,Festival,58
14,Monday,Clear,Sports,68
5,Sunday,Rain,NoEvent,73
0,Sunday,Rain,Sports,75
14,Saturday,Clear,Concert,86
17,Monday,Cloudy,Festival,81
8,Monday,Clear,NoEvent,60
16,Thursday,Clear,NoEvent,53
1,Saturday,Cloudy,Concert,84
2,Wednesday,Cloudy,Festival,55
22,Sunday,Rain,NoEvent,79
22,Sunday,Rain,Festival,71
18,Saturday,Clear,Festival,97
13,Wednesday,Rain,Sports,40
21,Sunday,Clear,Festival,97
23,Thursday,Clear,Festival,57
2,Sunday,Rain,NoEvent,75
9,Sunday,Rain,NoEvent,80
6,Monday,Rain,NoEvent,48
22,Wednesday,Clear,Concert,53
16,Tuesday,Rain,Sports,55
9,Sunday,Clear,Sports,88
5,Saturday,Clear,Festival,77
0,Thursday,Rain,Sports,42
13,Sunday,Rain,NoEvent,69
6,Sunday,Cloudy,NoEvent,76
13,Sunday,Rain,Festival,66
18,Sunday,Clear,NoEvent,97
8,Thursday,Clear,Sports,66
20,Friday,Clear,Concert,84
6,Friday,Cloudy,NoEvent,57
9,Saturday,Clear,Festival,88
10,Tuesday,Rain,Sports,41
1,Tuesday,Rain,Concert,51
18,Saturday,Cloudy,Sports,100
13,Friday,Rain,Concert,44
9,Monday,Rain,NoEvent,45
2,Tuesday,Clear,Sports,54
18,Thursday,Rain,Festival,70
20,Wednesday,Cloudy,Concert,76
2,Thursday,Cloudy,NoEvent,63
5,Thursday,Cloudy,NoEvent,52
1,Monday,Rain,Festival,56
8,Tuesday,Cloudy,Concert,61
7,Thursday,Cloudy,Concert,68
6,Wednesday,Clear,NoEvent,64
6,Wednesday,Clear,Sports,54
17,Tuesday,Clear,Sports,72
11,Wednesday,Cloudy,NoEvent,50
15,Wednesday,Clear,Concert,55
22,Monday,Rain,Sports,51
9,Tuesday,Rain,Festival,45
14,Friday,Clear,NoEvent,61
17,Monday,Clear,Sports,73
11,Friday,Clear,Concert,69
17,Saturday,Clear,Festival,100
12,Saturday,Cloudy,NoEvent,75
19,Saturday,Cloudy,NoEvent,100
4,Friday,Rain,Sports,56
21,Tuesday,Cloudy,Sports,90
10,Tuesday,Cloudy,NoEvent,70
8,Sunday,Rain,Concert,72
16,Monday,Cloudy,NoEvent,51
0,Friday,Rain,Sports,43
14,Monday,Cloudy,NoEvent,54
7,Saturday,Rain,Concert,68
1,Friday,Cloudy,Sports,70
12,Friday,Clear,NoEvent,59
4,Tuesday,Clear,Sports,51
3,Wednesday,Rain,NoEvent,58
5,Tuesday,Cloudy,Festival,63
20,Friday,Rain,NoEvent,73
6,Monday,Cloudy,Festival,63
13,Tuesday,Cloudy,Festival,66
7,Wednesday,Cloudy,Festival,63
23,Monday,Cloudy,Sports,60
4,Friday,Cloudy,Festival,69
5,Friday,Cloudy,Sports,66
5,Thursday,Rain,NoEvent,48
17,Monday,Cloudy,NoEvent,70
0,Friday,Rain,Concert,58
22,Tuesday,Cloudy,Concert,67
15,Sunday,Rain,Concert,68
14,Friday,Clear,Festival,51
1,Tuesday,Cloudy,Festival,69
18,Friday,Cloudy,NoEvent,84
12,Monday,Clear,Concert,69
9,Thursday,Rain,NoEvent,55
6,Tuesday,Cloudy,Sports,50
8,Wednesday,Clear,Festival,52
11,Friday,Cloudy,Festival,56
16,Wednesday,Clear,Concert,60
0,Monday,Clear,Sports,51
3,Sunday,Rain,Concert,62
1,Wednesday,Clear,Concert,70
15,Sunday,Cloudy,NoEvent,86
2,Friday,Cloudy,Sports,55
7,Friday,Cloudy,Festival,69
1,Wednesday,Cloudy,Festival,65
1,Saturday,Clear,Concert,70
8,Saturday,Cloudy,Sports,74
12,Saturday,Rain,Concert,79
1,Friday,Cloudy,Festival,53
13,Monday,Clear,Festival,60
3,Saturday,Cloudy,Concert,82
18,Tuesday,Rain,Festival,64
15,Thursday,Rain,Festival,46
11,Thursday,Clear,Concert,64
15,Wednesday,Rain,Concert,59
4,Sunday,Rain,NoEvent,60
20,Thursday,Clear,Concert,89
2,Wednesday,Cloudy,Concert,69
12,Friday,Clear,Festival,56
20,Wednesday,Cloudy,Festival,74
7,Saturday,Cloudy,Sports,73
15,Tuesday,Clear,Concert,60
10,Tuesday,Cloudy,Concert,64
9,Thursday,Cloudy,Concert,56
4,Monday,Cloudy,Concert,68
11,Friday,Clear,NoEvent,55
17,Friday,Cloudy,Festival,70
9,Monday,Clear,NoEvent,65
10,Friday,Rain,NoEvent,53
2,Thursday,Clear,Festival,56
0,Tuesday,Cloudy,Festival,56
6,Tuesday,Cloudy,Concert,62
22,Sunday,Cloudy,NoEvent,82
4,Sunday,Clear,Sports,73
12,Wednesday,Rain,Sports,42
9,Sunday,Cloudy,Sports,70
7,Monday,Rain,Concert,47
8,Tuesday,Rain,Concert,47
8,Sunday,Clear,Sports,89
16,Monday,Cloudy,Sports,60
12,Friday,Rain,NoEvent,41
4,Saturday,Cloudy,Sports,83
10,Friday,Rain,Festival,45
14,Friday,Rain,Concert,41
14,Saturday,Rain,Concert,60
13,Monday,Rain,Festival,56
8,Friday,Rain,Festival,55
1,Tuesday,Rain,Concert,49
11,Sunday,Clear,Concert,73
22,Saturday,Rain,Festival,64
22,Tuesday,Cloudy,NoEvent,70
8,Sunday,Rain,Sports,60
2,Friday,Rain,NoEvent,49
12,Tuesday,Cloudy,Festival,57
17,Thursday,Clear,NoEvent,84
16,Tuesday,Cloudy,Sports,69
7,Sunday,Cloudy,Festival,83
4,Saturday,Rain,NoEvent,71
12,Friday,Cloudy,Concert,56
0,Saturday,Rain,NoEvent,77
0,Saturday,Rain,Concert,79
8,Thursday,Rain,NoEvent,50
7,Tuesday,Cloudy,Concert,63
20,Saturday,Clear,Sports,95
9,Sunday,Rain,NoEvent,66
19,Sunday,Clear,NoEvent,99
12,Sunday,Cloudy,Festival,72
20,Monday,Rain,Festival,60
23,Wednesday,Rain,Concert,50
21,Wednesday,Cloudy,NoEvent,87
15,Tuesday,Cloudy,NoEvent,69
10,Wednesday,Clear,Festival,59
12,Saturday,Cloudy,NoEvent,80
22,Tuesday,Rain,Festival,49
1,Monday,Cloudy,Festival,51
6,Sunday,Clear,Festival,75
18,Friday,Rain,NoEvent,77
18,Friday,Clear,Sports,70
16,Thursday,Clear,Sports,54
18,Friday,Clear,Festival,73
1,Tuesday,Rain,NoEvent,59
5,Saturday,Clear,Concert,85
20,Monday,Clear,NoEvent,74
13,Friday,Cloudy,Sports,69
17,Friday,Clear,Concert,78
19,Sunday,Rain,Festival,92
13,Wednesday,Clear,Sports,63
0,Friday,Rain,Concert,40
18,Thursday,Cloudy,Sports,78
12,Thursday,Clear,Sports,69
13,Thursday,Cloudy,NoEvent,57
4,Monday,Cloudy,Concert,70
2,Sunday,Cloudy,Festival,85
12,Saturday,Clear,Sports,70
0,Sunday,Clear,Sports,74
23,Thursday,Clear,Sports,70
11,Wednesday,Rain,NoEvent,42
8,Sunday,Cloudy,Concert,86
11,Wednesday,Rain,Sports,42
3,Saturday,Rain,Concert,65
19,Tuesday,Cloudy,Sports,83
10,Thursday,Clear,Sports,69
19,Sunday,Rain,NoEvent,87
12,Sunday,Clear,Concert,82
22,Tuesday,Cloudy,NoEvent,54
12,Thursday,Cloudy,Sports,57
9,Thursday,Rain,Concert,49
0,Monday,Clear,NoEvent,58
17,Monday,Rain,Concert,72
4,Sunday,Cloudy,Sports,81
7,Saturday,Cloudy,Sports,74
4,Monday,Cloudy,Concert,63
18,Sunday,Clear,NoEvent,100
7,Thursday,Cloudy,Sports,69
22,Sunday,Rain,Concert,75
6,Monday,Clear,Concert,55
10,Friday,Cloudy,NoEvent,58
18,Wednesday,Rain,NoEvent,63
0,Friday,Cloudy,NoEvent,62
22,Saturday,Rain,Sports,78
22,Monday,Cloudy,Festival,50
3,Friday,Cloudy,NoEvent,51
16,Tuesday,Clear,Concert,67
2,Thursday,Cloudy,NoEvent,56
23,Thursday,Rain,Concert,60
10,Sunday,Clear,Concert,86
14,Monday,Rain,Festival,58
16,Wednesday,Cloudy,NoEvent,68
18,Thursday,Rain,Sports,67
5,Wednesday,Cloudy,Concert,69
5,Saturday,Clear,Sports,71
3,Monday,Rain,Concert,44
3,Sunday,Clear,Sports,73
22,Monday,Clear,Concert,62
4,Sunday,Cloudy,NoEvent,81
14,Sunday,Cloudy,Festival,72
14,Tuesday,Rain,Festival,51
15,Saturday,Clear,Concert,72
12,Monday,Rain,NoEvent,43
9,Tuesday,Clear,NoEvent,60
6,Friday,Rain,Sports,44
7,Tuesday,Rain,NoEvent,60
23,Sunday,Cloudy,NoEvent,72
13,Monday,Cloudy,NoEvent,62
17,Friday,Clear,Festival,86
23,Saturday,Rain,NoEvent,62
8,Wednesday,Cloudy,Sports,61
7,Tuesday,Clear,Sports,66
13,Saturday,Rain,Sports,77
0,Tuesday,Clear,Sports,62
9,Thursday,Clear,NoEvent,56
2,Friday,Cloudy,NoEvent,69
17,Sunday,Rain,Concert,87
6,Thursday,Clear,Festival,64
18,Thursday,Cloudy,Sports,75
17,Sunday,Cloudy,Sports,96
14,Wednesday,Clear,Sports,55
1,Sunday,Cloudy,Sports,75
9,Wednesday,Rain,Festival,44
20,Friday,Clear,Festival,84
16,Tuesday,Cloudy,NoEvent,64
16,Saturday,Clear,Concert,78
3,Sunday,Cloudy,Concert,72
10,Sunday,Cloudy,Festival,75
0,Monday,Rain,Festival,53
13,Wednesday,Rain,Concert,41
23,Friday,Rain,Sports,49
14,Thursday,Clear,Festival,63
2,Friday,Cloudy,Festival,66
0,Wednesday,Clear,Concert,54
22,Monday,Cloudy,Sports,69
18,Thursday,Cloudy,NoEvent,80
5,Sunday,Clear,Festival,79
2,Sunday,Clear,Sports,81
14,Thursday,Rain,Festival,51
1,Saturday,Rain,Festival,70
15,Monday,Clear,Sports,52
4,Thursday,Clear,Concert,52
20,Monday,Cloudy,Sports,75
23,Friday,Rain,Concert,41
1,Wednesday,Cloudy,Concert,64
6,Thursday,Cloudy,NoEvent,67
7,Saturday,Cloudy,Sports,82
15,Friday,Clear,Festival,53
18,Sunday,Rain,Concert,82
23,Monday,Cloudy,Sports,57
4,Tuesday,Clear,Festival,57
6,Sunday,Rain,Concert,66
10,Monday,Clear,NoEvent,51
14,Saturday,Rain,Festival,75
8,Saturday,Cloudy,Festival,73
5,Saturday,Rain,Sports,66
16,Thursday,Clear,Concert,68
17,Thursday,Rain,NoEvent,78
3,Friday,Clear,NoEvent,62
13,Wednesday,Clear,Festival,60
7,Tuesday,Rain,Sports,47
13,Monday,Rain,NoEvent,43
7,Monday,Cloudy,Sports,65
2,Monday,Clear,Concert,54
3,Wednesday,Cloudy,Festival,53
16,Sunday,Rain,Sports,70
16,Friday,Cloudy,Festival,60
16,Sunday,Rain,Sports,79
6,Friday,Clear,Sports,57
15,Sunday,Clear,Sports,85
6,Thursday,Clear,Festival,55
21,Friday,Cloudy,Sports,76
21,Wednesday,Cloudy,Festival,73
8,Sunday,Cloudy,NoEvent,73
22,Sunday,Rain,Sports,65
7,Tuesday,Rain,Sports,58
18,Saturday,Rain,Festival,99
16,Friday,Clear,Sports,67
10,Sunday,Cloudy,NoEvent,86
22,Wednesday,Cloudy,Festival,50
12,Tuesday,Cloudy,Concert,61
3,Wednesday,Rain,Festival,44
22,Sunday,Cloudy,NoEvent,76
23,Tuesday,Cloudy,Sports,54
4,Friday,Rain,Concert,48
8,Wednesday,Clear,Concert,62
7,Monday,Cloudy,Concert,61
23,Wednesday,Clear,Sports,52
22,Friday,Rain,NoEvent,49
3,Friday,Clear,Concert,53
22,Sunday,Clear,Concert,73
22,Thursday,Clear,NoEvent,61
21,Monday,Clear,Concert,88
2,Thursday,Cloudy,Festival,59
11,Tuesday,Clear,Festival,55
17,Friday,Cloudy,Concert,86
5,Sunday,Rain,NoEvent,73
18,Saturday,Cloudy,Sports,100
9,Sunday,Cloudy,Sports,78
4,Friday,Clear,NoEvent,65
5,Thursday,Rain,Festival,45
20,Friday,Cloudy,NoEvent,81
2,Saturday,Clear,Festival,74
6,Friday,Cloudy,Concert,64
23,Wednesday,Cloudy,NoEvent,68
23,Monday,Rain,Festival,49
0,Sunday,Rain,NoEvent,68
23,Wednesday,Rain,NoEvent,46
18,Sunday,Rain,Sports,89
11,Saturday,Clear,NoEvent,80
17,Sunday,Cloudy,Festival,96
9,Friday,Cloudy,NoEvent,67
19,Thursday,Rain,NoEvent,75
3,Sunday,Rain,NoEvent,73
17,Monday,Cloudy,Festival,71
18,Sunday,Clear,NoEvent,93
19,Sunday,Cloudy,Sports,97
22,Tuesday,Rain,Sports,55
22,Friday,Cloudy,Sports,63
9,Thursday,Cloudy,NoEvent,59
1,Thursday,Rain,Sports,42
2,Thursday,Clear,Festival,62
18,Sunday,Rain,NoEvent,93
20,Monday,Rain,Sports,74
7,Thursday,Rain,Festival,58
23,Sunday,Cloudy,NoEvent,84
14,Thursday,Clear,Concert,60
4,Thursday,Clear,NoEvent,58
20,Wednesday,Rain,Sports,78
7,Wednesday,Cloudy,Sports,50
3,Tuesday,Clear,Festival,50
20,Thursday,Cloudy,Concert,81
20,Sunday,Clear,Sports,92
17,Saturday,Clear,Festival,95
4,Monday,Clear,Festival,52
17,Friday,Cloudy,Festival,88
9,Saturday,Cloudy,Concert,70
5,Saturday,Rain,Sports,68
21,Thursday,Clear,Festival,85
22,Sunday,Cloudy,NoEvent,85
3,Thursday,Cloudy,Sports,52
21,Saturday,Rain,Festival,92
3,Monday,Cloudy,Festival,64
15,Wednesday,Rain,Festival,43
8,Wednesday,Rain,NoEvent,40
1,Saturday,Clear,Sports,85
7,Friday,Cloudy,Concert,54
2,Sunday,Cloudy,NoEvent,83
3,Sunday,Rain,Festival,60
2,Sunday,Rain,NoEvent,67
22,Tuesday,Clear,Festival,67
5,Monday,Cloudy,NoEvent,68
13,Sunday,Cloudy,Festival,74
16,Sunday,Clear,Sports,76
13,Monday,Cloudy,NoEvent,61
8,Wednesday,Clear,Sports,66
9,Monday,Rain,Sports,41
21,Monday,Clear,Festival,75
21,Sunday,Cloudy,NoEvent,100
14,Sunday,Clear,Sports,70
7,Sunday,Rain,Concert,77
8,Sunday,Rain,Festival,75
11,Wednesday,Rain,Festival,43
18,Friday,Cloudy,Sports,89
17,Wednesday,Clear,Festival,82
10,Wednesday,Cloudy,Concert,53
6,Thursday,Clear,Sports,58
11,Friday,Clear,Sports,50
8,Wednesday,Clear,NoEvent,64
2,Thursday,Cloudy,Sports,54
10,Friday,Rain,Festival,42
18,Thursday,Clear,Concert,71
22,Saturday,Rain,Festival,74
17,Friday,Cloudy,Concert,78
1,Thursday,Rain,Festival,60
15,Saturday,Clear,Festival,77
20,Saturday,Clear,Concert,95
2,Saturday,Cloudy,NoEvent,88
10,Friday,Cloudy,NoEvent,54
19,Saturday,Clear,NoEvent,91
18,Friday,Clear,Sports,89
2,Monday,Rain,Concert,40
15,Wednesday,Rain,Sports,45
3,Monday,Cloudy,NoEvent,56
13,Saturday,Rain,Sports,67
4,Wednesday,Rain,NoEvent,48
16,Sunday,Cloudy,Festival,84
5,Sunday,Clear,Festival,81
7,Thursday,Clear,NoEvent,59
2,Thursday,Cloudy,Festival,50
6,Tuesday,Clear,NoEvent,67
5,Thursday,Rain,Festival,44
7,Wednesday,Clear,Festival,57
9,Monday,Cloudy,Festival,62
4,Friday,Clear,Concert,51
9,Tuesday,Rain,Concert,48
15,Sunday,Cloudy,Festival,82
21,Monday,Rain,NoEvent,75
3,Thursday,Rain,NoEvent,60
5,Sunday,Cloudy,Festival,74
16,Tuesday,Rain,NoEvent,50
20,Saturday,Clear,Sports,100
19,Thursday,Rain,Sports,68
2,Saturday,Cloudy,Concert,88
5,Friday,Rain,Festival,43
4,Wednesday,Clear,Festival,60
3,Tuesday,Clear,Festival,61
13,Friday,Clear,Festival,55
17,Monday,Clear,Sports,88
16,Sunday,Rain,Sports,71
12,Monday,Clear,Concert,54
11,Friday,Rain,Concert,45
19,Monday,Cloudy,Sports,75
9,Monday,Rain,Sports,57
0,Wednesday,Rain,Sports,45
15,Sunday,Cloudy,NoEvent,82
22,Monday,Clear,NoEvent,53
2,Sunday,Clear,Sports,78
7,Tuesday,Clear,Festival,61
20,Monday,Clear,Festival,71
23,Tuesday,Rain,NoEvent,56
23,Wednesday,Rain,Sports,58
6,Monday,Cloudy,Concert,51
5,Wednesday,Cloudy,Concert,57
10,Saturday,Rain,Festival,70
10,Friday,Clear,Festival,55
13,Saturday,Rain,Concert,76
15,Monday,Cloudy,Festival,56
3,Sunday,Cloudy,Festival,74
3,Sunday,Cloudy,Festival,78
4,Sunday,Cloudy,Festival,90
22,Saturday,Cloudy,Concert,85
5,Monday,Cloudy,NoEvent,52
22,Monday,Rain,Sports,59
14,Wednesday,Cloudy,Sports,68
20,Monday,Clear,Concert,84
3,Wednesday,Cloudy,NoEvent,52
3,Tuesday,Rain,NoEvent,41
7,Thursday,Cloudy,Sports,56
22,Friday,Cloudy,Concert,55
20,Thursday,Cloudy,Concert,79
17,Wednesday,Clear,NoEvent,86
0,Sunday,Rain,Sports,75
18,Saturday,Clear,Sports,95
13,Tuesday,Rain,NoEvent,45
11,Wednesday,Clear,Festival,53
4,Sunday,Rain,Sports,67
23,Monday,Rain,NoEvent,45
21,Monday,Clear,NoEvent,87
0,Friday,Rain,NoEvent,40
6,Saturday,Rain,Sports,74
8,Saturday,Rain,Festival,77
12,Sunday,Rain,NoEvent,67
17,Tuesday,Rain,NoEvent,66
1,Friday,Clear,Sports,54
9,Thursday,Cloudy,NoEvent,62
4,Monday,Rain,Festival,59
4,Sunday,Cloudy,NoEvent,74
21,Monday,Clear,Sports,89
11,Wednesday,Cloudy,Festival,55
2,Wednesday,Clear,Concert,63
6,Tuesday,Rain,Concert,52
15,Friday,Rain,Concert,43
11,Thursday,Rain,Sports,46
7,Monday,Rain,Festival,56
16,Wednesday,Clear,Concert,53
13,Saturday,Cloudy,Concert,83
18,Wednesday,Clear,Sports,72
16,Wednesday,Cloudy,Festival,62
7,Friday,Rain,Sports,46
17,Tuesday,Rain,Concert,73
8,Tuesday,Rain,Sports,45
3,Thursday,Rain,NoEvent,56
7,Wednesday,Clear,NoEvent,52
16,Tuesday,Cloudy,Sports,61
3,Wednesday,Cloudy,Concert,60
13,Friday,Rain,Sports,54
0,Sunday,Clear,NoEvent,76
7,Monday,Rain,Concert,46
11,Sunday,Rain,NoEvent,64
21,Monday,Clear,Concert,83
4,Tuesday,Rain,Festival,53
2,Monday,Rain,Concert,43
8,Thursday,Rain,Festival,58
10,Friday,Clear,Concert,66
9,Saturday,Cloudy,Concert,72
21,Wednesday,Cloudy,Concert,82
10,Saturday,Clear,NoEvent,75
20,Tuesday,Clear,Sports,88
18,Tuesday,Rain,NoEvent,61
4,Tuesday,Clear,NoEvent,64
19,Thursday,Clear,Sports,79
20,Friday,Rain,Concert,67
21,Saturday,Clear,Concert,100
16,Friday,Clear,NoEvent,58
16,Saturday,Clear,Concert,88
3,Saturday,Clear,Festival,70
20,Friday,Cloudy,NoEvent,78
6,Wednesday,Clear,Festival,63
18,Wednesday,Cloudy,NoEvent,90
18,Saturday,Clear,Festival,96
10,Wednesday,Clear,Festival,54
11,Wednesday,Cloudy,NoEvent,66
20,Tuesday,Clear,Sports,77
1,Tuesday,Cloudy,Festival,61
15,Tuesday,Clear,NoEvent,59
15,Friday,Clear,Concert,50
12,Sunday,Rain,Festival,76
20,Sunday,Clear,Festival,96
7,Sunday,Cloudy,Festival,84
18,Saturday,Clear,NoEvent,98
23,Saturday,Rain,NoEvent,73
17,Friday,Clear,NoEvent,79
17,Tuesday,Cloudy,NoEvent,90
15,Wednesday,Rain,Sports,59
5,Thursday,Cloudy,Sports,58
14,Wednesday,Cloudy,Festival,62
18,Monday,Clear,Sports,81
2,Monday,Rain,Sports,55
7,Sunday,Rain,NoEvent,64
7,Thursday,Cloudy,Sports,50
18,Tuesday,Rain,NoEvent,69
18,Thursday,Cloudy,NoEvent,72
16,Friday,Rain,Festival,52
21,Wednesday,Cloudy,NoEvent,87
19,Sunday,Rain,Concert,100
14,Monday,Cloudy,Sports,67
8,Sunday,Clear,Festival,80
20,Sunday,Rain,Sports,81
18,Friday,Cloudy,Festival,77
8,Monday,Cloudy,NoEvent,68
17,Tuesday,Cloudy,NoEvent,77
1,Thursday,Clear,Concert,54
12,Monday,Clear,Concert,55
11,Thursday,Rain,Festival,55
1,Saturday,Clear,Concert,85
1,Thursday,Cloudy,Festival,60
15,Tuesday,Cloudy,Concert,64
15,Saturday,Clear,NoEvent,90
5,Thursday,Rain,Sports,47
15,Thursday,Rain,NoEvent,49
6,Saturday,Clear,NoEvent,81
17,Monday,Clear,Sports,84
16,Saturday,Clear,Sports,71
9,Wednesday,Clear,Sports,67
8,Saturday,Clear,Concert,89
13,Friday,Clear,NoEvent,52
1,Wednesday,Rain,Sports,48
4,Wednesday,Cloudy,Concert,68
7,Saturday,Cloudy,Festival,89
11,Thursday,Rain,Sports,42
4,Thursday,Rain,NoEvent,53
14,Monday,Clear,Concert,60
22,Thursday,Rain,Sports,58
21,Friday,Clear,Concert,72
21,Friday,Cloudy,Concert,70
15,Sunday,Cloudy,Festival,76
13,Monday,Clear,Concert,54
17,Tuesday,Rain,Concert,77
4,Friday,Cloudy,Concert,63
22,Friday,Clear,Festival,69
12,Friday,Clear,NoEvent,64
6,Sunday,Clear,Sports,85
5,Thursday,Cloudy,Sports,67
7,Thursday,Rain,Festival,42
9,Wednesday,Cloudy,Festival,66
7,Friday,Cloudy,Festival,54
0,Tuesday,Rain,Festival,56
15,Thursday,Cloudy,Festival,67
17,Wednesday,Clear,Sports,90
9,Tuesday,Clear,Sports,58
11,Wednesday,Clear,Concert,54
1,Sunday,Rain,Sports,61
22,Monday,Rain,Sports,57
5,Saturday,Clear,NoEvent,86
20,Friday,Cloudy,Festival,80
5,Saturday,Cloudy,Sports,71
12,Sunday,Cloudy,Festival,74
7,Thursday,Clear,NoEvent,51
3,Thursday,Cloudy,Sports,67
20,Saturday,Rain,Concert,99
12,Tuesday,Rain,Concert,47
17,Thursday,Clear,Festival,88
3,Tuesday,Rain,Sports,52
7,Thursday,Cloudy,Sports,56
21,Saturday,Cloudy,Sports,94
5,Tuesday,Clear,Festival,65
0,Saturday,Clear,Sports,72
5,Thursday,Cloudy,Concert,61
17,Monday,Rain,NoEvent,76
4,Saturday,Clear,NoEvent,75
3,Monday,Clear,Sports,59
6,Monday,Rain,Concert,53
14,Tuesday,Rain,Concert,53
12,Friday,Clear,Sports,58
16,Sunday,Cloudy,Concert,89
23,Saturday,Clear,Concert,89
4,Saturday,Clear,Sports,75
13,Sunday,Cloudy,Festival,72
1,Sunday,Cloudy,Festival,70
7,Saturday,Rain,Concert,74
15,Tuesday,Clear,Concert,61
23,Wednesday,Cloudy,NoEvent,53
7,Sunday,Clear,Festival,70
6,Tuesday,Cloudy,Concert,64
12,Monday,Rain,Concert,56
6,Sunday,Cloudy,Sports,83
12,Thursday,Rain,Festival,40
16,Saturday,Clear,Sports,88
2,Monday,Rain,Sports,51
10,Tuesday,Cloudy,NoEvent,67
12,Saturday,Cloudy,Sports,82
23,Thursday,Cloudy,Festival,62
11,Monday,Cloudy,NoEvent,65
10,Saturday,Cloudy,NoEvent,80
20,Saturday,Cloudy,Sports,90
10,Tuesday,Cloudy,NoEvent,69
12,Tuesday,Cloudy,Sports,68
11,Saturday,Rain,Concert,74
17,Wednesday,Cloudy,NoEvent,81
7,Saturday,Cloudy,Sports,88
15,Saturday,Clear,Sports,87
1,Wednesday,Cloudy,NoEvent,56
2,Friday,Rain,Sports,42
1,Friday,Clear,Festival,54
8,Tuesday,Cloudy,Sports,57
5,Saturday,Cloudy,Festival,73
2,Tuesday,Rain,Concert,47
8,Saturday,Clear,Sports,84
4,Thursday,Clear,Festival,63
0,Thursday,Cloudy,Festival,67
0,Monday,Clear,Sports,63
4,Tuesday,Cloudy,NoEvent,50
4,Saturday,Cloudy,Sports,90
22,Thursday,Rain,Sports,44
14,Sunday,Rain,Festival,70
0,Tuesday,Rain,Concert,51
5,Tuesday,Cloudy,Concert,64
10,Sunday,Clear,NoEvent,72
17,Tuesday,Clear,Festival,85
19,Thursday,Cloudy,Sports,90
21,Monday,Cloudy,Concert,87
3,Tuesday,Clear,Festival,55
4,Monday,Clear,Festival,66
11,Wednesday,Cloudy,Sports,54
18,Friday,Cloudy,Festival,71
19,Friday,Rain,Concert,75
14,Wednesday,Cloudy,Concert,54
11,Friday,Rain,Concert,55
20,Sunday,Cloudy,Sports,100
20,Thursday,Clear,Sports,90
18,Saturday,Rain,Concert,97
12,Monday,Clear,Festival,52
2,Monday,Cloudy,Sports,54
23,Thursday,Clear,Concert,55
10,Wednesday,Rain,Concert,58
23,Saturday,Clear,NoEvent,84
0,Monday,Cloudy,Sports,54
15,Sunday,Rain,Festival,64
6,Tuesday,Cloudy,Sports,63
2,Saturday,Rain,NoEvent,62
20,Saturday,Clear,NoEvent,100
19,Monday,Cloudy,Festival,75
20,Saturday,Cloudy,NoEvent,100
10,Sunday,Rain,Concert,62
22,Thursday,Cloudy,NoEvent,56
14,Friday,Clear,Festival,55
9,Thursday,Clear,Concert,57
21,Sunday,Cloudy,Concert,94
5,Tuesday,Rain,Festival,46
2,Tuesday,Rain,Concert,41
6,Tuesday,Cloudy,Festival,54
18,Monday,Clear,Concert,75
9,Sunday,Clear,Concert,87
22,Friday,Cloudy,Festival,58
16,Sunday,Cloudy,Sports,75
7,Wednesday,Rain,NoEvent,49
3,Sunday,Clear,Festival,70
1,Saturday,Cloudy,Sports,81
1,Saturday,Cloudy,Concert,83
14,Friday,Rain,NoEvent,44
3,Sunday,Cloudy,Sports,88
15,Sunday,Clear,Sports,81
10,Sunday,Clear,Festival,90
1,Wednesday,Rain,Festival,48
13,Saturday,Clear,Sports,77
21,Tuesday,Clear,Concert,77
6,Monday,Clear,Festival,59
12,Wednesday,Rain,Sports,56
12,Friday,Cloudy,Concert,52
4,Friday,Clear,NoEvent,54
6,Monday,Rain,Sports,51
1,Friday,Rain,Festival,42
8,Monday,Clear,Festival,70
13,Monday,Clear,NoEvent,62
20,Saturday,Clear,Concert,90
3,Friday,Rain,Festival,52
8,Monday,Cloudy,Sports,64
0,Saturday,Cloudy,Concert,80
16,Thursday,Rain,Sports,41
14,Tuesday,Cloudy,Sports,65
12,Sunday,Clear,Festival,78
23,Wednesday,Cloudy,Concert,58
6,Tuesday,Clear,Sports,69
18,Saturday,Rain,Sports,93
0,Wednesday,Cloudy,Sports,61
3,Monday,Clear,Sports,54
5,Monday,Clear,Sports,68
21,Sunday,Cloudy,NoEvent,90
1,Thursday,Cloudy,Concert,52
23,Thursday,Clear,Sports,50
9,Saturday,Clear,NoEvent,75
14,Sunday,Clear,Concert,90
11,Wednesday,Clear,Festival,56
0,Saturday,Clear,Concert,87
22,Thursday,Clear,Sports,65
18,Thursday,Rain,NoEvent,62
9,Wednesday,Clear,Concert,58
9,Friday,Clear,Sports,53
11,Thursday,Clear,Festival,52
4,Tuesday,Rain,Festival,50
22,Sunday,Cloudy,Concert,74
12,Monday,Cloudy,Sports,54
4,Sunday,Rain,Concert,66
5,Saturday,Rain,Concert,60
4,Wednesday,Clear,Concert,68
17,Tuesday,Cloudy,Festival,73
11,Friday,Cloudy,Festival,51
6,Thursday,Clear,Festival,70
11,Tuesday,Rain,NoEvent,48
9,Saturday,Rain,Festival,69
12,Sunday,Rain,NoEvent,69
9,Tuesday,Clear,NoEvent,54
12,Friday,Cloudy,NoEvent,63
12,Saturday,Clear,Festival,78
5,Wednesday,Clear,Concert,55
1,Sunday,Rain,Festival,68
12,Tuesday,Cloudy,Festival,69
4,Monday,Cloudy,Festival,50
15,Wednesday,Rain,Concert,40
19,Sunday,Cloudy,Concert,91
17,Monday,Rain,Concert,64
17,Monday,Cloudy,Concert,89
15,Tuesday,Rain,Sports,57
2,Thursday,Clear,Sports,68
14,Friday,Cloudy,NoEvent,59
12,Monday,Rain,NoEvent,41
21,Monday,Clear,Festival,90
3,Wednesday,Cloudy,NoEvent,61
10,Sunday,Cloudy,Sports,73
6,Sunday,Rain,Sports,74
12,Sunday,Clear,Concert,81
16,Saturday,Rain,Sports,73
22,Sunday,Rain,Concert,73
16,Friday,Clear,Concert,65
19,Friday,Cloudy,Festival,75
18,Tuesday,Clear,NoEvent,89
18,Tuesday,Cloudy,Festival,87
14,Sunday,Rain,Concert,80
14,Tuesday,Rain,Festival,44
10,Sunday,Rain,Concert,61
2,Saturday,Clear,Sports,81
17,Tuesday,Rain,NoEvent,60
6,Tuesday,Clear,Festival,53
8,Thursday,Clear,Festival,52
8,Sunday,Clear,Sports,76
22,Wednesday,Rain,Concert,49
5,Sunday,Cloudy,Festival,81
1,Monday,Cloudy,NoEvent,51
15,Tuesday,Rain,NoEvent,52
16,Thursday,Rain,Festival,53
9,Wednesday,Clear,NoEvent,66
5,Sunday,Cloudy,Concert,90
13,Sunday,Cloudy,Festival,81
19,Wednesday,Cloudy,NoEvent,76
23,Friday,Cloudy,Festival,68
6,Thursday,Clear,Sports,69
18,Sunday,Cloudy,NoEvent,100
15,Tuesday,Rain,Festival,42
21,Wednesday,Cloudy,Concert,90
7,Sunday,Rain,NoEvent,68
3,Saturday,Clear,Sports,84
11,Wednesday,Rain,Sports,40
19,Wednesday,Rain,Concert,62
1,Saturday,Rain,Sports,69
16,Wednesday,Rain,Festival,60
17,Sunday,Cloudy,Sports,100
19,Thursday,Cloudy,Festival,78
17,Monday,Clear,Festival,83
6,Sunday,Clear,NoEvent,70
11,Thursday,Cloudy,NoEvent,62
4,Saturday,Cloudy,Festival,89
10,Tuesday,Rain,NoEvent,50
2,Thursday,Rain,Festival,53
17,Thursday,Clear,NoEvent,81
20,Saturday,Cloudy,NoEvent,91
13,Thursday,Clear,NoEvent,55
23,Monday,Cloudy,Festival,51
7,Saturday,Rain,NoEvent,80
8,Thursday,Clear,Concert,64
7,Thursday,Rain,NoEvent,40
16,Thursday,Clear,Concert,69
6,Sunday,Clear,Concert,75
22,Wednesday,Clear,Sports,65
11,Sunday,Clear,Sports,72
8,Thursday,Rain,Festival,54
1,Thursday,Clear,NoEvent,52
5,Thursday,Clear,Festival,67
23,Tuesday,Cloudy,NoEvent,63
22,Thursday,Clear,NoEvent,65
15,Saturday,Cloudy,NoEvent,74
6,Sunday,Cloudy,Sports,76
22,Wednesday,Clear,Sports,65
15,Tuesday,Clear,Festival,66
7,Tuesday,Rain,Concert,52
15,Tuesday,Rain,Concert,49
1,Saturday,Clear,Sports,73
1,Saturday,Cloudy,Festival,89
12,Friday,Clear,NoEvent,58
9,Wednesday,Rain,NoEvent,52
4,Friday,Cloudy,Sports,56
12,Sunday,Cloudy,Festival,87
10,Tuesday,Cloudy,Concert,59
23,Friday,Clear,Sports,62
11,Sunday,Cloudy,Festival,83
21,Sunday,Clear,Sports,100
17,Wednesday,Rain,Festival,77
11,Friday,Cloudy,Sports,64
23,Wednesday,Clear,Festival,54
15,Tuesday,Rain,Concert,57
6,Sunday,Cloudy,Sports,79
17,Monday,Clear,Sports,88
3,Sunday,Cloudy,NoEvent,87
21,Monday,Rain,Sports,75
9,Monday,Rain,Sports,53
17,Saturday,Cloudy,NoEvent,100
6,Friday,Cloudy,Concert,64
6,Sunday,Rain,NoEvent,64
4,Saturday,Clear,Festival,75
4,Saturday,Clear,Sports,80
3,Monday,Rain,Concert,52
22,Wednesday,Cloudy,Festival,61
5,Wednesday,Clear,NoEvent,55
18,Saturday,Cloudy,Festival,98
21,Thursday,Rain,Sports,67
0,Monday,Cloudy,Concert,50
9,Wednesday,Cloudy,NoEvent,65
17,Thursday,Rain,Sports,72
14,Tuesday,Cloudy,NoEvent,64
13,Friday,Rain,NoEvent,52
10,Friday,Clear,Concert,65
21,Monday,Clear,Concert,82
22,Sunday,Clear,Festival,82
18,Tuesday,Rain,Festival,66
10,Friday,Cloudy,NoEvent,63
23,Wednesday,Rain,Festival,57
19,Monday,Rain,NoEvent,66
6,Thursday,Cloudy,NoEvent,57
19,Tuesday,Rain,Festival,76
17,Tuesday,Rain,Festival,79
4,Sunday,Rain,Concert,72
13,Friday,Cloudy,NoEvent,60
9,Thursday,Rain,Festival,46
16,Sunday,Rain,Festival,70
19,Friday,Rain,Sports,73
4,Saturday,Rain,Festival,64
0,Monday,Clear,Concert,65
4,Thursday,Clear,Sports,56
5,Monday,Rain,Sports,55
6,Saturday,Rain,NoEvent,63
15,Sunday,Clear,Concert,86
21,Sunday,Rain,NoEvent,92
8,Saturday,Clear,Sports,82
3,Wednesday,Clear,Festival,66
19,Friday,Clear,Festival,77
4,Sunday,Rain,NoEvent,62
3,Thursday,Clear,Sports,69
19,Tuesday,Cloudy,NoEvent,78
13,Friday,Cloudy,Sports,69
12,Sunday,Cloudy,Festival,73
13,Wednesday,Cloudy,Concert,56
21,Thursday,Rain,Festival,63
20,Wednesday,Clear,Sports,87
11,Thursday,Rain,Festival,50
11,Tuesday,Rain,Sports,47
12,Sunday,Rain,Festival,71
8,Tuesday,Clear,Festival,70
13,Sunday,Cloudy,NoEvent,73
12,Monday,Clear,Sports,60
10,Sunday,Clear,Concert,72
5,Saturday,Cloudy,Sports,77
1,Friday,Cloudy,Sports,68
2,Sunday,Clear,Concert,88
16,Wednesday,Clear,Festival,52
13,Tuesday,Cloudy,Concert,70
5,Monday,Rain,Concert,51
11,Thursday,Cloudy,Concert,58
15,Friday,Cloudy,Sports,60
13,Monday,Cloudy,Sports,59
13,Wednesday,Cloudy,Festival,51
4,Monday,Cloudy,NoEvent,67
0,Sunday,Clear,Festival,77
6,Monday,Clear,Sports,69
8,Saturday,Clear,Festival,70
22,Wednesday,Rain,Festival,48
10,Wednesday,Rain,Concert,58
22,Friday,Cloudy,Concert,53
14,Tuesday,Clear,Concert,63
20,Friday,Cloudy,Festival,82
1,Sunday,Cloudy,Concert,76
10,Wednesday,Clear,Festival,69
15,Thursday,Clear,Concert,70
5,Tuesday,Cloudy,Festival,62
16,Sunday,Rain,Sports,64
17,Tuesday,Rain,Festival,69
12,Sunday,Clear,Sports,89
23,Saturday,Clear,Sports,75
0,Thursday,Clear,Festival,65
20,Monday,Cloudy,Sports,76
13,Wednesday,Rain,Sports,44
18,Friday,Clear,Concert,85
5,Saturday,Clear,NoEvent,72
11,Sunday,Rain,Festival,61
18,Friday,Clear,NoEvent,79
16,Thursday,Rain,NoEvent,43
13,Tuesday,Rain,NoEvent,42
18,Thursday,Rain,Concert,73
10,Thursday,Rain,Sports,40
22,Friday,Clear,Concert,62
23,Monday,Clear,NoEvent,50
21,Monday,Clear,Festival,89
10,Monday,Cloudy,Concert,51
3,Friday,Cloudy,NoEvent,53
15,Tuesday,Cloudy,Sports,65
16,Saturday,Cloudy,Festival,81
9,Monday,Cloudy,Sports,56
10,Tuesday,Cloudy,Concert,63
23,Tuesday,Clear,NoEvent,61
3,Thursday,Cloudy,Festival,58
14,Tuesday,Rain,NoEvent,60
17,Monday,Clear,Festival,86
22,Saturday,Cloudy,Festival,83
7,Wednesday,Clear,Sports,58
1,Wednesday,Rain,NoEvent,46
10,Friday,Clear,Sports,58
13,Wednesday,Rain,Concert,58
12,Saturday,Clear,Sports,76
20,Saturday,Clear,Sports,100
13,Sunday,Cloudy,Festival,83
13,Tuesday,Rain,Sports,41
11,Monday,Rain,Festival,42
14,Friday,Clear,Concert,62
7,Friday,Cloudy,NoEvent,59
8,Friday,Clear,Sports,58
0,Thursday,Rain,Concert,45
20,Monday,Clear,NoEvent,79
14,Saturday,Rain,Festival,61
12,Friday,Clear,NoEvent,54
20,Friday,Clear,Concert,82
11,Sunday,Rain,Concert,75
4,Thursday,Rain,Concert,58
7,Wednesday,Cloudy,Festival,67
6,Friday,Clear,Concert,63
11,Thursday,Clear,Concert,70
7,Monday,Rain,Concert,40
14,Friday,Rain,NoEvent,46
8,Friday,Cloudy,Concert,65
11,Monday,Clear,Sports,63
6,Thursday,Rain,NoEvent,58
12,Friday,Rain,NoEvent,55
6,Thursday,Clear,NoEvent,56
11,Monday,Rain,Concert,40
4,Saturday,Clear,NoEvent,70
7,Wednesday,Clear,Festival,55
21,Wednesday,Rain,NoEvent,68
8,Tuesday,Rain,Concert,40
22,Sunday,Rain,Festival,63
23,Wednesday,Rain,NoEvent,48
17,Monday,Clear,Festival,86
21,Friday,Rain,NoEvent,63
21,Friday,Rain,Sports,64
0,Saturday,Rain,Sports,77
15,Monday,Cloudy,Sports,57
21,Tuesday,Rain,Sports,70
10,Monday,Cloudy,Sports,68
9,Saturday,Cloudy,NoEvent,85
9,Saturday,Rain,Concert,79
21,Tuesday,Rain,Sports,80
17,Tuesday,Rain,Festival,65
4,Thursday,Clear,Concert,62
11,Monday,Clear,Sports,55
17,Wednesday,Clear,Concert,77
6,Tuesday,Clear,Festival,68
18,Friday,Clear,Concert,83
5,Tuesday,Clear,Festival,58
12,Friday,Cloudy,Festival,62
12,Tuesday,Clear,Sports,69
16,Friday,Cloudy,Concert,70
7,Saturday,Rain,NoEvent,67
10,Wednesday,Rain,Sports,46
18,Tuesday,Rain,NoEvent,69
9,Friday,Cloudy,Sports,57
23,Monday,Cloudy,Festival,68
22,Friday,Rain,NoEvent,52
7,Sunday,Clear,Concert,70
5,Tuesday,Clear,Concert,66
15,Tuesday,Cloudy,Concert,53
1,Thursday,Rain,NoEvent,40
18,Monday,Rain,Sports,61
12,Friday,Rain,Concert,59
4,Sunday,Clear,Sports,89
2,Wednesday,Clear,Festival,61
21,Saturday,Cloudy,Concert,100
12,Friday,Cloudy,Concert,62
23,Tuesday,Clear,Festival,59
6,Thursday,Clear,Concert,64
11,Thursday,Rain,Sports,43
17,Saturday,Clear,Festival,100
5,Wednesday,Rain,NoEvent,55
23,Sunday,Cloudy,Concert,78
9,Thursday,Clear,NoEvent,65
15,Tuesday,Cloudy,NoEvent,57
5,Monday,Clear,Sports,57
3,Monday,Cloudy,Festival,67
8,Sunday,Rain,Festival,78
14,Tuesday,Clear,Concert,60
14,Friday,Rain,Festival,53
23,Wednesday,Cloudy,NoEvent,59
11,Thursday,Clear,Sports,70
9,Tuesday,Cloudy,Concert,70
4,Thursday,Clear,Sports,55
8,Sunday,Clear,Concert,82
3,Monday,Cloudy,Sports,65
8,Friday,Clear,Festival,65
2,Sunday,Clear,Festival,85
6,Friday,Clear,Sports,68
6,Friday,Rain,Concert,53
8,Wednesday,Cloudy,Concert,57
23,Wednesday,Cloudy,Sports,60
8,Wednesday,Rain,Sports,54
4,Friday,Clear,Sports,59
16,Wednesday,Rain,Concert,60
19,Wednesday,Rain,Sports,80
3,Wednesday,Clear,Festival,69
20,Friday,Cloudy,Concert,85
18,Monday,Clear,NoEvent,81
23,Friday,Cloudy,Festival,58
4,Monday,Clear,Festival,61
0,Wednesday,Rain,Concert,57
16,Friday,Cloudy,Sports,53
1,Wednesday,Rain,NoEvent,60
18,Monday,Clear,Concert,75
19,Tuesday,Cloudy,Sports,75
11,Saturday,Clear,NoEvent,76
23,Sunday,Rain,Concert,60
5,Monday,Clear,NoEvent,69
15,Wednesday,Rain,Festival,58
9,Sunday,Rain,NoEvent,71
18,Monday,Cloudy,Sports,77
13,Friday,Clear,Concert,50
5,Wednesday,Clear,Festival,69
11,Tuesday,Rain,NoEvent,48
12,Sunday,Rain,Festival,70
11,Monday,Clear,Festival,69
17,Sunday,Rain,Sports,90
16,Friday,Rain,Sports,58
22,Wednesday,Clear,Concert,62
0,Sunday,Rain,Sports,60
15,Friday,Rain,Sports,41
7,Saturday,Clear,Festival,72
17,Friday,Cloudy,Festival,82
6,Wednesday,Cloudy,NoEvent,60
14,Sunday,Rain,Festival,61
19,Thursday,Rain,NoEvent,60
13,Friday,Cloudy,Concert,70
10,Sunday,Cloudy,Festival,88
12,Thursday,Cloudy,NoEvent,57
20,Sunday,Rain,NoEvent,99
2,Monday,Clear,Sports,68
13,Monday,Cloudy,NoEvent,61
5,Saturday,Cloudy,NoEvent,74
17,Wednesday,Cloudy,Concert,84
23,Monday,Clear,Concert,60
2,Monday,Clear,Festival,69
22,Wednesday,Clear,Concert,65
3,Wednesday,Clear,NoEvent,57
21,Friday,Cloudy,NoEvent,72
4,Wednesday,Cloudy,Concert,55
9,Saturday,Clear,Festival,83
9,Wednesday,Clear,Festival,58
5,Wednesday,Clear,Festival,59
4,Saturday,Cloudy,NoEvent,79
12,Saturday,Rain,Concert,73
4,Saturday,Cloudy,Festival,73
6,Friday,Rain,Festival,51
15,Wednesday,Clear,NoEvent,66
3,Thursday,Rain,NoEvent,58
3,Monday,Cloudy,Sports,65
19,Tuesday,Rain,Festival,74
16,Monday,Rain,Concert,40
8,Tuesday,Clear,NoEvent,61
14,Tuesday,Rain,Sports,60
21,Wednesday,Cloudy,Festival,77
10,Saturday,Clear,Sports,72
20,Wednesday,Clear,Festival,88
1,Sunday,Clear,Concert,79
19,Monday,Cloudy,Festival,83
4,Tuesday,Rain,Sports,46
12,Thursday,Cloudy,Sports,52
12,Friday,Clear,Concert,50
16,Thursday,Rain,Festival,50
17,Saturday,Clear,Concert,100
15,Monday,Clear,Sports,61
5,Friday,Rain,Concert,52
4,Saturday,Cloudy,Sports,80
15,Tuesday,Clear,Festival,56
11,Sunday,Rain,NoEvent,65
13,Wednesday,Cloudy,Festival,58
23,Friday,Cloudy,NoEvent,62
7,Monday,Cloudy,Concert,55
16,Wednesday,Clear,Sports,60
7,Sunday,Clear,Concert,73
5,Wednesday,Rain,Festival,55
11,Thursday,Rain,Concert,41
6,Wednesday,Cloudy,Festival,55
18,Sunday,Cloudy,Sports,100
22,Saturday,Clear,Festival,74
19,Friday,Clear,Sports,75
3,Saturday,Cloudy,Sports,73
0,Monday,Rain,Festival,49
21,Sunday,Rain,NoEvent,80
9,Monday,Rain,Sports,51
0,Saturday,Rain,NoEvent,78
4,Wednesday,Cloudy,Sports,57
4,Wednesday,Rain,Sports,47
12,Monday,Rain,Sports,60
5,Thursday,Clear,Festival,61
18,Sunday,Clear,Concert,97
17,Wednesday,Cloudy,Sports,84
21,Friday,Clear,NoEvent,75
1,Monday,Cloudy,Festival,67
22,Sunday,Cloudy,Concert,84
22,Tuesday,Cloudy,Festival,67
22,Saturday,Cloudy,Sports,73
12,Tuesday,Cloudy,Festival,61
18,Saturday,Rain,NoEvent,94
3,Thursday,Rain,NoEvent,40
14,Monday,Clear,NoEvent,58
13,Friday,Rain,NoEvent,49
1,Thursday,Cloudy,Concert,63
20,Tuesday,Cloudy,Sports,87
6,Thursday,Clear,Festival,56
8,Wednesday,Cloudy,NoEvent,54
15,Monday,Clear,Sports,56
4,Tuesday,Rain,Sports,56
20,Monday,Cloudy,Sports,81
3,Tuesday,Clear,Sports,50
4,Wednesday,Clear,Sports,53
5,Monday,Rain,NoEvent,55
0,Sunday,Rain,Festival,73
5,Thursday,Cloudy,NoEvent,69
3,Tuesday,Rain,Festival,58
22,Sunday,Cloudy,Sports,83
12,Saturday,Rain,Concert,76
4,Wednesday,Rain,Festival,41
22,Thursday,Cloudy,Festival,59
12,Sunday,Cloudy,NoEvent,75
18,Friday,Rain,NoEvent,69
3,Monday,Cloudy,Sports,59
3,Saturday,Rain,Concert,67
4,Tuesday,Cloudy,Concert,67
1,Sunday,Clear,Concert,84
13,Thursday,Cloudy,Concert,60
1,Thursday,Cloudy,Festival,51
9,Friday,Cloudy,Concert,65
19,Sunday,Cloudy,Sports,100
2,Monday,Clear,NoEvent,61
7,Wednesday,Clear,Festival,61
11,Friday,Clear,Sports,70
15,Thursday,Rain,Festival,57
16,Wednesday,Cloudy,Concert,56
16,Friday,Cloudy,Concert,59
19,Thursday,Rain,Concert,80
19,Sunday,Clear,Sports,100
21,Thursday,Rain,Sports,65
18,Friday,Clear,Sports,70
2,Saturday,Clear,Festival,82
13,Monday,Clear,Festival,62
17,Saturday,Rain,Festival,84
2,Sunday,Clear,Festival,74
19,Wednesday,Cloudy,Concert,78
16,Thursday,Cloudy,Festival,67
15,Saturday,Cloudy,Festival,82
19,Friday,Clear,Concert,79
16,Monday,Rain,NoEvent,47
13,Wednesday,Clear,Festival,61
17,Tuesday,Clear,Concert,76
1,Friday,Rain,Sports,50
23,Thursday,Cloudy,Concert,54
16,Friday,Cloudy,Festival,66
9,Thursday,Clear,Concert,62
21,Monday,Rain,Sports,70
8,Sunday,Clear,Festival,79
13,Wednesday,Cloudy,Sports,64
17,Wednesday,Rain,Sports,80
3,Sunday,Cloudy,Concert,73
23,Sunday,Clear,Festival,90
6,Saturday,Clear,Concert,70
8,Friday,Cloudy,NoEvent,60
5,Sunday,Rain,Festival,62
9,Thursday,Clear,Concert,65
16,Sunday,Clear,Festival,89
9,Saturday,Cloudy,Concert,86
23,Saturday,Clear,Concert,88
15,Tuesday,Rain,Concert,48
12,Saturday,Clear,Sports,88
23,Friday,Cloudy,Concert,67
21,Saturday,Cloudy,Sports,97
22,Thursday,Clear,Festival,61
0,Saturday,Cloudy,NoEvent,70
17,Friday,Cloudy,Concert,77
19,Wednesday,Rain,Festival,60
17,Friday,Clear,NoEvent,77
1,Sunday,Clear,Sports,75
8,Friday,Clear,Concert,66
21,Monday,Clear,Festival,70
12,Sunday,Cloudy,Sports,72
3,Wednesday,Rain,Sports,54
3,Tuesday,Rain,Sports,48
17,Wednesday,Rain,Festival,70
12,Sunday,Rain,Concert,78
1,Wednesday,Rain,NoEvent,47
13,Saturday,Rain,Sports,62
1,Sunday,Cloudy,Concert,87
6,Thursday,Clear,Sports,61
22,Sunday,Cloudy,Festival,86
18,Monday,Rain,Sports,61
19,Sunday,Cloudy,NoEvent,100
5,Wednesday,Cloudy,NoEvent,55
18,Saturday,Clear,Sports,95
9,Friday,Clear,Concert,66
3,Wednesday,Rain,Festival,45
5,Wednesday,Rain,Festival,59
13,Wednesday,Clear,Concert,65
16,Sunday,Cloudy,NoEvent,74
7,Thursday,Clear,Sports,68
5,Thursday,Clear,Festival,70
0,Friday,Cloudy,Sports,66
22,Wednesday,Clear,NoEvent,50
23,Tuesday,Cloudy,Concert,56
20,Tuesday,Rain,Festival,78
22,Wednesday,Clear,Concert,50
0,Friday,Cloudy,NoEvent,54
0,Tuesday,Clear,Festival,61
19,Tuesday,Cloudy,Concert,78
7,Wednesday,Rain,Concert,57
12,Monday,Clear,Concert,68
11,Tuesday,Cloudy,Festival,52
10,Saturday,Clear,Sports,70
14,Tuesday,Clear,Sports,63
11,Wednesday,Cloudy,Festival,66
19,Friday,Rain,Sports,61
18,Sunday,Cloudy,NoEvent,100
23,Monday,Rain,Festival,50
14,Thursday,Clear,Concert,66
2,Friday,Rain,NoEvent,49
7,Sunday,Rain,Festival,76
22,Sunday,Clear,Concert,86
16,Monday,Clear,NoEvent,55
20,Tuesday,Cloudy,NoEvent,72
19,Friday,Clear,Festival,79
21,Friday,Rain,Festival,61
23,Tuesday,Clear,Concert,64
2,Tuesday,Clear,Sports,67
15,Saturday,Rain,Sports,71
0,Friday,Cloudy,NoEvent,52
0,Wednesday,Clear,Concert,53
9,Monday,Cloudy,Festival,69
11,Saturday,Cloudy,Sports,78
14,Wednesday,Clear,Festival,50
10,Monday,Cloudy,Festival,57
2,Thursday,Cloudy,Concert,50
14,Wednesday,Rain,Sports,59
3,Thursday,Cloudy,Festival,59
10,Wednesday,Rain,Concert,60
6,Wednesday,Cloudy,NoEvent,55
22,Tuesday,Cloudy,NoEvent,51
16,Sunday,Clear,Sports,90
23,Saturday,Clear,Concert,77
7,Sunday,Rain,Concert,64
4,Saturday,Rain,Sports,76
12,Saturday,Cloudy,NoEvent,74
5,Wednesday,Clear,Concert,66
7,Friday,Clear,Festival,58
8,Saturday,Rain,NoEvent,65
2,Tuesday,Rain,Concert,49
0,Sunday,Clear,Festival,77
13,Tuesday,Clear,NoEvent,60
20,Wednesday,Rain,Sports,68
5,Sunday,Clear,Sports,73
17,Monday,Rain,Concert,70
20,Saturday,Cloudy,Festival,96
13,Saturday,Cloudy,Concert,72
9,Sunday,Clear,Concert,70
19,Saturday,Rain,NoEvent,94
20,Friday,Cloudy,Festival,75
22,Thursday,Cloudy,Sports,70
1,Thursday,Rain,NoEvent,45
14,Thursday,Clear,NoEvent,66
23,Tuesday,Rain,Festival,47
16,Thursday,Rain,Sports,48
1,Friday,Cloudy,NoEvent,69
6,Wednesday,Cloudy,Sports,67
13,Sunday,Clear,Concert,70
11,Sunday,Rain,NoEvent,60
5,Wednesday,Rain,Sports,58
20,Thursday,Rain,Sports,78
22,Sunday,Cloudy,Festival,85
11,Saturday,Rain,Sports,78
19,Wednesday,Rain,Festival,78
2,Tuesday,Clear,Sports,51
15,Wednesday,Cloudy,Concert,56
8,Tuesday,Clear,Festival,61
14,Saturday,Cloudy,Sports,74
18,Monday,Rain,NoEvent,61
16,Thursday,Rain,Concert,53
23,Monday,Cloudy,Festival,55
22,Thursday,Rain,Sports,48
19,Wednesday,Rain,Festival,72
23,Sunday,Clear,Sports,77
19,Thursday,Clear,NoEvent,71
16,Monday,Clear,NoEvent,62
15,Sunday,Cloudy,Sports,75
12,Friday,Cloudy,NoEvent,59
7,Monday,Clear,Festival,68
17,Thursday,Clear,Festival,87
3,Friday,Clear,Festival,54
16,Thursday,Rain,Festival,41
11,Thursday,Clear,Concert,65
1,Monday,Clear,Concert,55
12,Thursday,Clear,Concert,53
21,Wednesday,Clear,Festival,80
11,Friday,Rain,Festival,58
1,Sunday,Rain,Festival,77
10,Friday,Rain,Concert,54
23,Sunday,Rain,Sports,62
19,Monday,Rain,NoEvent,73
15,Thursday,Rain,Sports,49
2,Saturday,Clear,Festival,82
6,Tuesday,Cloudy,Festival,58
6,Wednesday,Clear,Sports,60
3,Saturday,Rain,Concert,78
12,Thursday,Rain,NoEvent,52
11,Monday,Rain,Sports,51
1,Saturday,Clear,Festival,89
23,Thursday,Clear,NoEvent,54
9,Tuesday,Clear,Concert,62
4,Monday,Clear,Festival,62
11,Sunday,Clear,Festival,71
17,Wednesday,Clear,Concert,71
23,Sunday,Cloudy,Sports,71
13,Tuesday,Cloudy,NoEvent,68
2,Saturday,Cloudy,Sports,83
10,Tuesday,Rain,Concert,57
10,Friday,Rain,Festival,42
19,Thursday,Rain,Festival,80
1,Sunday,Rain,Festival,63
13,Wednesday,Clear,Festival,54
0,Sunday,Cloudy,Festival,73
8,Wednesday,Rain,NoEvent,53
20,Saturday,Cloudy,NoEvent,100
12,Thursday,Clear,NoEvent,66
16,Sunday,Cloudy,Sports,81
17,Thursday,Cloudy,Concert,86
14,Tuesday,Cloudy,Festival,64
7,Thursday,Clear,NoEvent,70
12,Monday,Clear,Sports,69
20,Monday,Rain,Concert,76
21,Friday,Clear,Sports,77
20,Saturday,Cloudy,Festival,93
22,Sunday,Rain,NoEvent,63
9,Saturday,Clear,Sports,82
10,Monday,Clear,Festival,52
7,Monday,Clear,Festival,63
20,Monday,Cloudy,Sports,87
3,Thursday,Clear,Concert,51
7,Saturday,Rain,Concert,72
5,Sunday,Cloudy,Sports,76
23,Tuesday,Rain,Festival,53
7,Friday,Clear,Concert,58
13,Thursday,Cloudy,Concert,62
3,Monday,Rain,Festival,40
11,Wednesday,Rain,Concert,55
1,Sunday,Cloudy,Festival,88
7,Friday,Clear,Concert,54
10,Thursday,Clear,Festival,58
2,Saturday,Rain,Sports,72
21,Wednesday,Clear,NoEvent,87
22,Tuesday,Rain,Sports,51
9,Friday,Clear,NoEvent,66
4,Wednesday,Clear,Festival,64
12,Friday,Clear,Festival,65
8,Saturday,Cloudy,Festival,82
2,Monday,Cloudy,Festival,69
18,Tuesday,Cloudy,NoEvent,88
1,Wednesday,Rain,Concert,49
5,Wednesday,Rain,Festival,43
10,Monday,Cloudy,Sports,54
8,Wednesday,Clear,Festival,53
6,Friday,Clear,Sports,65
18,Tuesday,Cloudy,Festival,70
12,Thursday,Clear,Sports,65
21,Sunday,Clear,Sports,91
21,Thursday,Cloudy,NoEvent,82
21,Friday,Clear,Festival,88
6,Wednesday,Cloudy,Concert,66
13,Friday,Cloudy,NoEvent,57
4,Wednesday,Cloudy,Festival,62
16,Friday,Cloudy,Festival,63
23,Saturday,Rain,NoEvent,73
13,Wednesday,Clear,NoEvent,69
14,Friday,Rain,NoEvent,41
2,Tuesday,Rain,Concert,40
7,Wednesday,Cloudy,Sports,66
2,Friday,Rain,Concert,50
11,Monday,Clear,Festival,57
9,Wednesday,Clear,Sports,66
12,Thursday,Cloudy,Concert,51
12,Friday,Cloudy,NoEvent,54
0,Thursday,Cloudy,Festival,62
13,Monday,Cloudy,Concert,53
10,Friday,Rain,Concert,50
15,Friday,Clear,Concert,66
2,Tuesday,Cloudy,Sports,63
1,Sunday,Rain,Festival,66
4,Monday,Cloudy,Concert,64
9,Thursday,Cloudy,Festival,61
9,Monday,Cloudy,Festival,67
7,Monday,Clear,Festival,60
18,Sunday,Rain,Concert,96
13,Friday,Rain,Concert,59
21,Sunday,Cloudy,Concert,93
23,Saturday,Clear,NoEvent,77
11,Monday,Clear,Concert,52
1,Thursday,Clear,Festival,53
12,Saturday,Rain,NoEvent,62
7,Saturday,Clear,Festival,80
21,Friday,Clear,NoEvent,89
4,Saturday,Rain,Concert,74
2,Saturday,Rain,Sports,68
9,Friday,Clear,Sports,56
4,Sunday,Clear,Sports,74
11,Monday,Cloudy,Festival,57
19,Monday,Cloudy,NoEvent,76
19,Friday,Clear,Concert,70
1,Saturday,Rain,Concert,69
11,Sunday,Cloudy,Concert,90
20,Friday,Cloudy,Festival,70
18,Wednesday,Rain,Festival,74
23,Thursday,Clear,NoEvent,60
6,Monday,Rain,Festival,44
23,Sunday,Clear,Festival,76
20,Wednesday,Rain,Concert,68
17,Wednesday,Clear,Festival,78
0,Friday,Cloudy,Concert,51
15,Thursday,Cloudy,NoEvent,60
13,Saturday,Clear,Concert,79
8,Friday,Clear,Festival,50
15,Saturday,Cloudy,Concert,77
15,Friday,Rain,Festival,54
6,Monday,Rain,Concert,48
3,Friday,Clear,Festival,54
11,Sunday,Clear,NoEvent,76
21,Tuesday,Clear,NoEvent,72
13,Friday,Cloudy,Concert,54
18,Saturday,Clear,Concert,91
9,Tuesday,Rain,Sports,54
22,Sunday,Clear,Concert,87
14,Thursday,Clear,Festival,70
17,Monday,Rain,Concert,75
3,Sunday,Rain,Concert,76
18,Saturday,Cloudy,Concert,92
17,Tuesday,Cloudy,Sports,89
19,Saturday,Rain,Sports,91
21,Wednesday,Clear,Festival,81
11,Tuesday,Clear,NoEvent,59
6,Sunday,Clear,Concert,86
1,Thursday,Clear,Concert,55
3,Monday,Rain,Festival,50
8,Saturday,Rain,NoEvent,70
18,Monday,Cloudy,Festival,74
1,Friday,Clear,Festival,56
14,Monday,Cloudy,Concert,59
10,Thursday,Cloudy,NoEvent,70
12,Tuesday,Rain,Festival,44
21,Saturday,Clear,Concert,100
8,Sunday,Rain,Festival,76
15,Monday,Clear,NoEvent,53
14,Monday,Cloudy,Sports,54
13,Wednesday,Clear,NoEvent,63
18,Thursday,Clear,Sports,72
1,Sunday,Clear,Concert,83
1,Friday,Rain,NoEvent,54
9,Monday,Rain,NoEvent,50
14,Monday,Clear,Sports,65
13,Tuesday,Rain,Festival,52
17,Tuesday,Cloudy,Concert,71
0,Thursday,Cloudy,Festival,58
14,Sunday,Cloudy,NoEvent,74
19,Tuesday,Rain,Festival,73
16,Tuesday,Cloudy,Concert,69
3,Friday,Cloudy,NoEvent,50
9,Monday,Rain,Festival,57
4,Saturday,Clear,Festival,78
9,Thursday,Cloudy,Concert,62
20,Tuesday,Cloudy,Festival,84
8,Friday,Clear,Festival,67
5,Monday,Rain,Concert,44
13,Tuesday,Cloudy,Festival,54
10,Friday,Clear,NoEvent,66
8,Sunday,Rain,Sports,67
22,Sunday,Clear,Festival,70
14,Friday,Clear,Festival,56
0,Tuesday,Clear,Sports,57
8,Sunday,Clear,NoEvent,89
5,Monday,Clear,Sports,55
4,Wednesday,Clear,Concert,62
18,Tuesday,Clear,Festival,90
16,Wednesday,Clear,Concert,65
1,Sunday,Rain,Concert,75
4,Sunday,Cloudy,Concert,77
0,Saturday,Cloudy,Concert,76
16,Thursday,Cloudy,Sports,55
8,Friday,Rain,Sports,57
0,Sunday,Rain,NoEvent,72
4,Wednesday,Cloudy,Sports,59
7,Wednesday,Clear,Sports,61
17,Thursday,Rain,Concert,72
6,Friday,Clear,Festival,58
22,Friday,Cloudy,NoEvent,55
23,Saturday,Clear,Festival,74
10,Thursday,Rain,Festival,45
7,Sunday,Rain,Festival,69
9,Friday,Rain,Concert,40
1,Saturday,Rain,NoEvent,78
17,Friday,Cloudy,Sports,86
21,Thursday,Cloudy,Sports,76
0,Saturday,Cloudy,Festival,75
5,Wednesday,Clear,Festival,62
11,Saturday,Clear,Sports,86
15,Wednesday,Cloudy,Festival,68
18,Friday,Rain,NoEvent,70
3,Monday,Cloudy,Festival,66
19,Monday,Rain,Festival,75
13,Monday,Rain,NoEvent,46
5,Sunday,Clear,Festival,83
17,Saturday,Rain,Concert,97
10,Thursday,Clear,Concert,67
8,Sunday,Clear,NoEvent,82
7,Thursday,Rain,Concert,57
22,Tuesday,Rain,Concert,42
15,Wednesday,Rain,Festival,46
6,Friday,Rain,Festival,47
20,Friday,Rain,Festival,67
13,Monday,Rain,NoEvent,58
7,Thursday,Rain,NoEvent,42
17,Tuesday,Cloudy,Sports,81
5,Wednesday,Rain,Festival,59
21,Thursday,Clear,NoEvent,78
17,Saturday,Rain,Concert,89
6,Sunday,Rain,Festival,67
18,Thursday,Rain,Concert,66
4,Thursday,Clear,Festival,50
1,Saturday,Rain,NoEvent,78
8,Sunday,Clear,Sports,89
10,Saturday,Cloudy,Concert,86
10,Wednesday,Clear,Sports,62
3,Monday,Cloudy,Sports,63
12,Thursday,Rain,NoEvent,54
17,Friday,Rain,Sports,77
20,Saturday,Clear,Sports,92
3,Monday,Cloudy,Concert,65
13,Monday,Cloudy,Festival,59
9,Saturday,Clear,Sports,72
0,Monday,Rain,Sports,60
21,Tuesday,Rain,Sports,63
10,Tuesday,Rain,Festival,51
11,Thursday,Rain,Concert,48
5,Thursday,Cloudy,Festival,68
20,Saturday,Cloudy,NoEvent,100
9,Saturday,Clear,Concert,72
22,Tuesday,Rain,Concert,44
9,Thursday,Rain,Sports,56
11,Saturday,Rain,Concert,74
19,Sunday,Clear,Festival,98
16,Friday,Cloudy,NoEvent,62
23,Saturday,Cloudy,Festival,72
4,Wednesday,Clear,Sports,51
20,Tuesday,Clear,Concert,74
17,Monday,Cloudy,NoEvent,84
20,Thursday,Cloudy,Sports,86
21,Saturday,Cloudy,Concert,100
9,Tuesday,Cloudy,Concert,65
1,Monday,Cloudy,Concert,63
23,Friday,Cloudy,NoEvent,68
22,Sunday,Cloudy,Sports,87
20,Monday,Cloudy,Concert,80
4,Thursday,Cloudy,Festival,56
9,Saturday,Rain,Festival,62
1,Wednesday,Rain,Concert,40
7,Monday,Cloudy,Concert,62
8,Monday,Cloudy,Festival,61
6,Saturday,Rain,Festival,72
10,Tuesday,Cloudy,Sports,67
18,Sunday,Cloudy,Concert,100
12,Thursday,Cloudy,Concert,66
9,Friday,Clear,Festival,61
7,Sunday,Clear,Festival,74
6,Friday,Clear,Concert,56
21,Friday,Clear,Concert,79
3,Saturday,Cloudy,Festival,82
14,Friday,Cloudy,Concert,65
23,Monday,Clear,Sports,54
5,Thursday,Rain,Concert,41
17,Friday,Clear,Sports,77
6,Saturday,Rain,Festival,79
10,Sunday,Clear,NoEvent,70
16,Sunday,Cloudy,Sports,84
3,Tuesday,Rain,NoEvent,41
19,Monday,Clear,Concert,70
17,Tuesday,Clear,Concert,89
14,Monday,Clear,NoEvent,66
21,Monday,Cloudy,Concert,87
3,Wednesday,Cloudy,Concert,55
6,Tuesday,Clear,Concert,64
2,Friday,Cloudy,Festival,50
0,Thursday,Clear,NoEvent,51
11,Friday,Cloudy,Sports,56
13,Saturday,Clear,Sports,83
2,Thursday,Rain,Concert,56
1,Saturday,Cloudy,Sports,84
19,Thursday,Rain,Sports,78
6,Thursday,Cloudy,NoEvent,55
9,Thursday,Cloudy,Sports,61
11,Sunday,Clear,NoEvent,76
16,Sunday,Cloudy,Festival,81
11,Thursday,Rain,NoEvent,54
14,Monday,Rain,NoEvent,47
4,Monday,Cloudy,NoEvent,57
16,Sunday,Cloudy,Sports,86
7,Sunday,Rain,Sports,76
17,Monday,Clear,Festival,85
5,Monday,Cloudy,Festival,67
19,Tuesday,Rain,Festival,64
22,Thursday,Cloudy,Sports,68
5,Sunday,Clear,NoEvent,74
3,Monday,Rain,Concert,40
19,Friday,Clear,Sports,89
11,Saturday,Rain,Festival,72
19,Tuesday,Cloudy,NoEvent,75
8,Thursday,Cloudy,Festival,69
13,Wednesday,Cloudy,Sports,66
4,Thursday,Clear,Sports,55
3,Monday,Cloudy,Festival,64
20,Monday,Clear,NoEvent,72
11,Thursday,Cloudy,Festival,51
22,Tuesday,Cloudy,Festival,61
12,Tuesday,Cloudy,Sports,65
21,Saturday,Cloudy,Festival,100
2,Wednesday,Clear,Concert,61
4,Sunday,Clear,Festival,71
15,Saturday,Clear,Concert,89
21,Wednesday,Clear,Concert,86
14,Sunday,Cloudy,Sports,73
0,Monday,Clear,NoEvent,51
18,Tuesday,Rain,Concert,73
11,Thursday,Cloudy,Festival,54
23,Thursday,Clear,Sports,54
6,Saturday,Rain,Sports,64
10,Friday,Rain,Concert,46
23,Monday,Cloudy,Sports,59
14,Thursday,Clear,NoEvent,57
14,Saturday,Cloudy,NoEvent,75
0,Monday,Clear,Concert,51
21,Tuesday,Rain,Sports,71
0,Monday,Rain,NoEvent,49
2,Friday,Cloudy,Sports,64
15,Thursday,Clear,Festival,50
6,Wednesday,Clear,Festival,64
19,Friday,Rain,Festival,80
3,Thursday,Rain,Sports,41
22,Tuesday,Cloudy,Sports,63
15,Saturday,Clear,Sports,74
12,Tuesday,Rain,Festival,47
13,Monday,Clear,NoEvent,53
15,Wednesday,Cloudy,Festival,67
17,Friday,Rain,Concert,67
13,Tuesday,Clear,Concert,58
9,Thursday,Rain,Festival,48
1,Tuesday,Cloudy,Concert,67
9,Thursday,Cloudy,Sports,56
5,Thursday,Rain,NoEvent,42
20,Saturday,Clear,Sports,100
6,Friday,Clear,Festival,68
5,Monday,Cloudy,Festival,56
14,Sunday,Clear,Festival,74
22,Sunday,Clear,Sports,79
12,Tuesday,Cloudy,Concert,62
11,Tuesday,Cloudy,Sports,68
6,Friday,Cloudy,Concert,61
3,Thursday,Cloudy,Festival,50
5,Monday,Cloudy,Sports,55
13,Wednesday,Cloudy,NoEvent,54
2,Tuesday,Clear,Sports,53
20,Sunday,Clear,Concert,92
8,Saturday,Clear,Concert,71
10,Monday,Clear,Festival,52
10,Thursday,Rain,Sports,55
2,Monday,Rain,Sports,55
22,Monday,Cloudy,Sports,55
16,Wednesday,Clear,Sports,56
6,Sunday,Rain,Festival,68
5,Sunday,Rain,Festival,80
20,Friday,Clear,Sports,83
9,Wednesday,Clear,NoEvent,54
7,Monday,Rain,Festival,40
15,Monday,Rain,NoEvent,44
0,Tuesday,Rain,NoEvent,52
0,Wednesday,Clear,NoEvent,54
2,Saturday,Rain,Festival,73
19,Friday,Cloudy,Sports,85
13,Wednesday,Cloudy,Concert,59
22,Wednesday,Cloudy,Festival,57
13,Thursday,Cloudy,Concert,70
16,Thursday,Rain,Festival,55
19,Sunday,Cloudy,Festival,99
1,Saturday,Clear,Festival,73
15,Monday,Cloudy,Sports,55
4,Friday,Rain,Festival,58
1,Wednesday,Rain,Sports,54
14,Wednesday,Clear,Festival,62
13,Wednesday,Cloudy,Festival,53
16,Friday,Rain,Sports,43
23,Monday,Clear,Concert,56
22,Wednesday,Cloudy,NoEvent,66
4,Wednesday,Cloudy,Festival,62
13,Sunday,Clear,Concert,71
7,Tuesday,Rain,Concert,58
10,Sunday,Rain,Concert,67
4,Friday,Clear,Festival,67
2,Sunday,Cloudy,NoEvent,85
0,Friday,Cloudy,NoEvent,57
20,Monday,Cloudy,Sports,73
12,Sunday,Clear,NoEvent,88
18,Saturday,Clear,Sports,90
12,Thursday,Rain,Concert,59
3,Friday,Clear,Concert,64
21,Monday,Cloudy,Festival,88
17,Saturday,Cloudy,Sports,99
3,Friday,Cloudy,Festival,70
23,Thursday,Rain,Sports,52
16,Thursday,Cloudy,NoEvent,69
14,Wednesday,Clear,Sports,54
17,Thursday,Rain,Concert,67
0,Monday,Rain,Sports,51
13,Saturday,Cloudy,Concert,74
19,Sunday,Rain,Sports,81
17,Saturday,Rain,Concert,86
13,Saturday,Clear,Festival,73
1,Thursday,Cloudy,NoEvent,58
3,Saturday,Cloudy,Festival,83
5,Saturday,Clear,Festival,76
8,Thursday,Rain,Concert,52
20,Thursday,Clear,Concert,81
16,Monday,Clear,Festival,61
20,Tuesday,Cloudy,NoEvent,87
22,Monday,Rain,NoEvent,44
16,Thursday,Clear,Concert,56
17,Tuesday,Cloudy,Sports,79
17,Wednesday,Cloudy,Concert,73
19,Thursday,Rain,Festival,69
3,Tuesday,Clear,NoEvent,70
1,Thursday,Cloudy,Festival,52
3,Monday,Rain,Festival,47
16,Saturday,Clear,Festival,89
19,Tuesday,Rain,Concert,75
10,Monday,Cloudy,NoEvent,62
10,Monday,Cloudy,Festival,56
1,Monday,Cloudy,Festival,60
14,Tuesday,Rain,Festival,44
20,Tuesday,Clear,Concert,82
5,Monday,Clear,Festival,63
5,Saturday,Cloudy,NoEvent,83
1,Wednesday,Rain,Concert,40
4,Saturday,Rain,NoEvent,62
15,Tuesday,Cloudy,Sports,67
10,Thursday,Clear,NoEvent,52
20,Monday,Cloudy,Festival,77
20,Saturday,Clear,Festival,100
4,Saturday,Clear,Sports,88
22,Sunday,Clear,Concert,80
15,Friday,Clear,Concert,65
12,Sunday,Rain,NoEvent,78
8,Monday,Rain,Festival,51
11,Friday,Cloudy,Sports,69
5,Thursday,Cloudy,Sports,56
4,Saturday,Rain,Sports,72
21,Saturday,Cloudy,Sports,100
17,Tuesday,Cloudy,NoEvent,89
20,Thursday,Rain,Sports,62
16,Wednesday,Clear,Sports,60
6,Tuesday,Clear,Festival,61
19,Thursday,Rain,Sports,74
17,Friday,Rain,Festival,73
17,Monday,Rain,Festival,67
15,Thursday,Clear,Concert,53
9,Sunday,Rain,Festival,72
15,Wednesday,Rain,Sports,56
20,Monday,Rain,Festival,63
23,Monday,Cloudy,Sports,63
6,Monday,Rain,Festival,59
12,Tuesday,Rain,NoEvent,40
8,Saturday,Cloudy,Festival,79
23,Friday,Rain,Sports,46
1,Sunday,Cloudy,Concert,78
20,Thursday,Rain,Sports,77
11,Friday,Clear,NoEvent,62
5,Thursday,Cloudy,Concert,66
21,Monday,Cloudy,Festival,87
0,Saturday,Rain,Festival,78
15,Wednesday,Clear,Festival,54
8,Monday,Cloudy,Sports,67
9,Tuesday,Clear,Concert,50
15,Sunday,Rain,Festival,65
11,Tuesday,Rain,Sports,49
18,Saturday,Rain,Concert,93
17,Wednesday,Cloudy,Sports,88
3,Tuesday,Rain,Festival,45
17,Sunday,Cloudy,Concert,100
22,Monday,Cloudy,Sports,68
14,Monday,Rain,Festival,48
22,Monday,Clear,NoEvent,58
12,Thursday,Clear,Concert,66
20,Wednesday,Clear,NoEvent,89
12,Monday,Rain,Festival,58
8,Monday,Cloudy,Concert,54
21,Sunday,Cloudy,Festival,97
12,Sunday,Rain,Festival,73
18,Thursday,Cloudy,NoEvent,73
22,Saturday,Rain,NoEvent,71
21,Saturday,Rain,Concert,96
20,Friday,Cloudy,NoEvent,82
19,Friday,Clear,Festival,89
3,Thursday,Rain,Sports,55
20,Tuesday,Clear,NoEvent,78
8,Sunday,Cloudy,Concert,86
20,Tuesday,Cloudy,NoEvent,70
6,Tuesday,Cloudy,Festival,68
12,Monday,Clear,Concert,65
15,Friday,Cloudy,Sports,62
21,Thursday,Rain,Concert,77
0,Wednesday,Clear,Concert,60
11,Thursday,Rain,Concert,51
15,Monday,Rain,Festival,55
20,Tuesday,Clear,Festival,78
3,Sunday,Cloudy,NoEvent,88
1,Tuesday,Clear,NoEvent,56
17,Saturday,Clear,NoEvent,100
15,Saturday,Cloudy,Concert,86
18,Sunday,Rain,Festival,82
14,Wednesday,Cloudy,Concert,59
0,Friday,Rain,Festival,57
7,Thursday,Clear,NoEvent,59
2,Tuesday,Clear,Concert,50
16,Monday,Rain,Concert,57
11,Thursday,Cloudy,Festival,57
15,Monday,Cloudy,Festival,53
19,Wednesday,Rain,Concert,80
22,Sunday,Cloudy,Concert,82
15,Friday,Cloudy,Festival,60
21,Tuesday,Rain,Festival,66
2,Saturday,Clear,Festival,72
9,Thursday,Cloudy,Festival,50
12,Monday,Cloudy,Concert,69
10,Sunday,Cloudy,NoEvent,75
13,Wednesday,Cloudy,Concert,60
15,Monday,Clear,Sports,66
9,Tuesday,Rain,Concert,44
16,Monday,Cloudy,Concert,58
17,Sunday,Cloudy,Festival,100
3,Saturday,Rain,NoEvent,77
7,Monday,Rain,Concert,46
9,Tuesday,Cloudy,Festival,58
13,Wednesday,Cloudy,Festival,65
17,Sunday,Cloudy,Festival,99
12,Tuesday,Rain,Sports,54
23,Friday,Rain,Festival,51
14,Saturday,Cloudy,NoEvent,81
14,Saturday,Cloudy,NoEvent,85
14,Tuesday,Clear,Sports,60
3,Sunday,Rain,Concert,64
4,Sunday,Cloudy,Festival,71
13,Saturday,Cloudy,Sports,85
4,Saturday,Rain,Concert,80
11,Thursday,Cloudy,Concert,66
16,Thursday,Rain,Concert,54
7,Monday,Clear,Festival,69
12,Tuesday,Cloudy,NoEvent,60
9,Monday,Rain,Sports,60
18,Thursday,Cloudy,NoEvent,89
16,Wednesday,Rain,Festival,51
9,Friday,Clear,NoEvent,66
11,Tuesday,Clear,Sports,66
0,Wednesday,Cloudy,Festival,67
1,Wednesday,Rain,Sports,42
4,Saturday,Cloudy,Concert,86
21,Wednesday,Cloudy,Sports,74
16,Saturday,Rain,Festival,60
22,Wednesday,Cloudy,Festival,59
19,Wednesday,Rain,Sports,79
13,Saturday,Clear,Concert,77
2,Tuesday,Clear,Festival,65
0,Sunday,Rain,NoEvent,64
22,Sunday,Clear,Sports,89
8,Friday,Cloudy,Festival,60
18,Friday,Clear,Festival,82
17,Wednesday,Clear,Festival,79
7,Saturday,Cloudy,NoEvent,70
6,Monday,Rain,Festival,53
7,Friday,Cloudy,Sports,56
15,Wednesday,Rain,Festival,47
12,Monday,Clear,Concert,68
15,Sunday,Clear,NoEvent,87
7,Saturday,Rain,Concert,60
23,Saturday,Cloudy,NoEvent,78
18,Wednesday,Clear,NoEvent,75
19,Sunday,Clear,Festival,100
1,Friday,Rain,Festival,59
20,Friday,Cloudy,Sports,71
9,Monday,Cloudy,Sports,58
9,Sunday,Cloudy,NoEvent,87
22,Thursday,Rain,Festival,55
13,Friday,Clear,NoEvent,50
6,Sunday,Cloudy,Concert,70
21,Thursday,Rain,NoEvent,70
20,Friday,Rain,Sports,62
15,Wednesday,Cloudy,NoEvent,54
16,Monday,Clear,Concert,57
18,Sunday,Cloudy,Concert,100
11,Thursday,Rain,Concert,51
8,Wednesday,Cloudy,Sports,67
23,Friday,Rain,Sports,42
14,Thursday,Cloudy,Festival,67
12,Wednesday,Clear,Sports,59
7,Tuesday,Cloudy,Concert,56
17,Wednesday,Rain,NoEvent,73
23,Thursday,Cloudy,Sports,54
20,Saturday,Clear,Sports,91
21,Wednesday,Rain,NoEvent,63
8,Saturday,Cloudy,Concert,74
19,Tuesday,Rain,NoEvent,80
14,Wednesday,Clear,Sports,59
5,Thursday,Cloudy,Concert,64
5,Sunday,Cloudy,Festival,75
22,Wednesday,Cloudy,NoEvent,50
20,Thursday,Rain,Sports,76
14,Thursday,Clear,Concert,68
6,Saturday,Cloudy,NoEvent,87
16,Monday,Rain,Sports,46
13,Wednesday,Cloudy,Festival,55
13,Monday,Clear,Sports,64
16,Monday,Clear,Festival,52
22,Friday,Cloudy,NoEvent,70
14,Saturday,Rain,Sports,80
15,Thursday,Clear,NoEvent,54
16,Monday,Rain,Concert,55
20,Thursday,Rain,Festival,76
13,Tuesday,Rain,NoEvent,58
4,Saturday,Cloudy,Sports,88
21,Thursday,Clear,Concert,79
11,Wednesday,Clear,Concert,59
3,Friday,Rain,NoEvent,51
14,Thursday,Rain,Sports,57
0,Wednesday,Rain,Concert,44
3,Thursday,Rain,NoEvent,45
20,Wednesday,Rain,Concert,67
0,Wednesday,Rain,NoEvent,48
9,Friday,Cloudy,Sports,58
12,Saturday,Rain,Sports,79
1,Monday,Clear,Sports,56
3,Monday,Clear,NoEvent,70
9,Tuesday,Rain,Concert,52
21,Thursday,Cloudy,NoEvent,79
22,Tuesday,Clear,Concert,52
5,Thursday,Clear,Concert,55
11,Wednesday,Cloudy,Sports,61
16,Friday,Clear,NoEvent,59
11,Monday,Cloudy,Sports,64
9,Saturday,Cloudy,Concert,88
22,Monday,Rain,Sports,58
6,Sunday,Rain,NoEvent,77
13,Sunday,Cloudy,NoEvent,81
22,Saturday,Rain,Festival,71
15,Sunday,Rain,Festival,72
0,Monday,Cloudy,Concert,63
2,Tuesday,Cloudy,NoEvent,63
1,Thursday,Cloudy,Concert,60
2,Friday,Clear,NoEvent,52
23,Monday,Rain,Festival,45
15,Sunday,Rain,Concert,60
13,Tuesday,Cloudy,Sports,63
9,Monday,Rain,Festival,60
18,Sunday,Rain,Sports,82
10,Wednesday,Clear,Concert,51
23,Sunday,Cloudy,NoEvent,86
0,Sunday,Clear,NoEvent,86
4,Sunday,Cloudy,Festival,77
14,Sunday,Rain,NoEvent,65
9,Monday,Rain,NoEvent,54
1,Saturday,Cloudy,Festival,87
13,Friday,Clear,Sports,63
12,Wednesday,Clear,NoEvent,60
10,Saturday,Clear,Festival,84
10,Thursday,Cloudy,NoEvent,55
8,Wednesday,Rain,Festival,54
5,Thursday,Clear,Festival,58
2,Monday,Clear,NoEvent,59
18,Tuesday,Cloudy,NoEvent,85
10,Monday,Cloudy,NoEvent,68
10,Monday,Cloudy,NoEvent,56
10,Wednesday,Cloudy,Festival,64
11,Monday,Clear,Festival,58
8,Tuesday,Clear,Festival,53
18,Tuesday,Cloudy,Festival,86
11,Wednesday,Clear,Festival,60
6,Tuesday,Rain,Sports,49
20,Monday,Clear,NoEvent,83
20,Sunday,Clear,Concert,92
7,Tuesday,Rain,Sports,44
1,Friday,Clear,Sports,53
0,Tuesday,Cloudy,Festival,59
13,Saturday,Cloudy,Concert,73
5,Friday,Cloudy,Festival,58
6,Monday,Clear,Festival,50
9,Monday,Clear,Sports,64
7,Sunday,Cloudy,Sports,79
10,Monday,Cloudy,NoEvent,54
1,Sunday,Cloudy,Sports,74
2,Thursday,Cloudy,Festival,58
20,Thursday,Rain,NoEvent,66
1,Wednesday,Clear,Sports,67
18,Friday,Rain,NoEvent,75
19,Sunday,Clear,Sports,100
7,Friday,Rain,Festival,54
20,Tuesday,Clear,Sports,71
2,Wednesday,Rain,Sports,42
22,Sunday,Rain,NoEvent,79
8,Monday,Cloudy,Concert,67
5,Thursday,Rain,Concert,45
22,Friday,Clear,NoEvent,64
17,Saturday,Rain,Concert,99
21,Thursday,Rain,Festival,79
20,Tuesday,Cloudy,Concert,70
0,Saturday,Clear,Sports,71
9,Wednesday,Rain,Sports,55
20,Sunday,Cloudy,NoEvent,90
1,Friday,Clear,NoEvent,53
20,Tuesday,Cloudy,NoEvent,71
2,Saturday,Clear,Sports,86
20,Saturday,Rain,NoEvent,97
8,Saturday,Cloudy,Festival,84
6,Saturday,Clear,Festival,75
2,Thursday,Cloudy,Festival,66
17,Friday,Cloudy,Sports,75
23,Tuesday,Cloudy,NoEvent,62
21,Wednesday,Rain,Concert,63
21,Wednesday,Rain,Sports,79
18,Friday,Cloudy,Concert,90
14,Friday,Cloudy,Sports,53
0,Thursday,Rain,Concert,44
9,Friday,Cloudy,Sports,53
10,Sunday,Cloudy,Festival,73
13,Thursday,Rain,Sports,43
13,Tuesday,Cloudy,Concert,52
8,Monday,Cloudy,Concert,66
1,Monday,Cloudy,Festival,69
16,Tuesday,Clear,Festival,65
2,Monday,Cloudy,Sports,51
2,Saturday,Cloudy,NoEvent,79
4,Saturday,Rain,Festival,62
16,Tuesday,Cloudy,Festival,62
9,Saturday,Cloudy,Sports,81
5,Thursday,Rain,Concert,47
19,Saturday,Cloudy,Concert,92
13,Thursday,Clear,Festival,62
2,Saturday,Cloudy,Festival,80
7,Saturday,Rain,Concert,80
21,Saturday,Clear,Concert,100
18,Thursday,Rain,NoEvent,73
12,Tuesday,Clear,Concert,64
11,Wednesday,Rain,NoEvent,44
15,Saturday,Rain,Sports,68
14,Monday,Clear,Concert,69
10,Monday,Cloudy,Sports,69
17,Friday,Clear,Sports,87
10,Wednesday,Clear,Sports,51
18,Sunday,Clear,Festival,90
6,Tuesday,Rain,Sports,43
14,Friday,Rain,Festival,60
16,Monday,Clear,NoEvent,68
21,Wednesday,Clear,Concert,72
17,Sunday,Clear,Sports,100
22,Thursday,Rain,Concert,46
5,Tuesday,Rain,Concert,59
11,Tuesday,Rain,Sports,45
23,Saturday,Rain,Festival,64
1,Wednesday,Rain,Sports,49
15,Tuesday,Clear,Festival,57
1,Thursday,Clear,Sports,68
20,Monday,Rain,Sports,67
2,Thursday,Rain,Festival,60
2,Tuesday,Clear,Concert,67
6,Sunday,Cloudy,Sports,72
18,Tuesday,Cloudy,NoEvent,70
5,Tuesday,Clear,NoEvent,59
20,Sunday,Rain,Sports,81
17,Sunday,Rain,Concert,93
1,Thursday,Rain,Concert,43
9,Thursday,Rain,Concert,57
21,Tuesday,Clear,NoEvent,87
19,Saturday,Clear,Sports,100
22,Tuesday,Cloudy,Festival,63
12,Thursday,Clear,Concert,50
1,Monday,Cloudy,NoEvent,50
15,Monday,Cloudy,Festival,51
0,Monday,Cloudy,Festival,67
23,Friday,Rain,Festival,43
14,Thursday,Clear,Sports,59
10,Tuesday,Rain,NoEvent,47
7,Sunday,Rain,NoEvent,80
20,Saturday,Rain,Festival,86
23,Saturday,Rain,NoEvent,65
14,Friday,Rain,NoEvent,58
23,Thursday,Cloudy,NoEvent,67
21,Friday,Cloudy,NoEvent,84
15,Tuesday,Rain,Concert,57
7,Monday,Clear,Sports,65
4,Wednesday,Clear,Sports,58
6,Tuesday,Cloudy,Concert,54
7,Saturday,Clear,Sports,85
7,Friday,Cloudy,Sports,53
5,Monday,Clear,NoEvent,52
4,Tuesday,Clear,Concert,60
5,Friday,Cloudy,Sports,52
10,Wednesday,Cloudy,Festival,68
17,Monday,Clear,Concert,90
13,Saturday,Clear,Sports,85
11,Tuesday,Clear,Sports,56
7,Tuesday,Cloudy,Festival,62
3,Wednesday,Cloudy,Sports,54
20,Wednesday,Rain,NoEvent,80
15,Saturday,Clear,NoEvent,87
15,Monday,Cloudy,Sports,51
9,Friday,Clear,Sports,56
13,Thursday,Clear,NoEvent,54
2,Saturday,Cloudy,Sports,76
2,Friday,Clear,Concert,63
2,Wednesday,Clear,Sports,61
22,Tuesday,Rain,Sports,41
17,Friday,Clear,NoEvent,82
0,Tuesday,Rain,NoEvent,41
21,Monday,Rain,Festival,78
2,Saturday,Clear,Festival,82
23,Saturday,Rain,NoEvent,69
3,Tuesday,Cloudy,Festival,51
13,Tuesday,Cloudy,NoEvent,51
15,Tuesday,Rain,Festival,40
13,Tuesday,Clear,NoEvent,59
9,Monday,Rain,Sports,54
0,Thursday,Cloudy,Sports,65
19,Wednesday,Clear,Concert,80
3,Tuesday,Clear,Concert,69
8,Thursday,Rain,Sports,60
3,Friday,Cloudy,Festival,67
22,Monday,Clear,Festival,69
23,Monday,Clear,NoEvent,64
15,Friday,Rain,Concert,53
12,Wednesday,Cloudy,NoEvent,51
16,Saturday,Clear,NoEvent,85
16,Thursday,Clear,NoEvent,50
15,Friday,Clear,Sports,56
12,Saturday,Rain,Festival,80
22,Thursday,Cloudy,Festival,68
5,Monday,Clear,Festival,68
13,Thursday,Clear,Festival,53
21,Sunday,Rain,Concert,90
13,Wednesday,Rain,Concert,41
14,Thursday,Rain,NoEvent,49
6,Monday,Cloudy,Concert,61
6,Friday,Cloudy,Sports,68
22,Monday,Rain,Festival,54
20,Tuesday,Cloudy,NoEvent,73
18,Saturday,Rain,Sports,87
3,Friday,Cloudy,NoEvent,68
2,Thursday,Cloudy,Concert,62
13,Saturday,Rain,NoEvent,67
17,Sunday,Clear,Festival,100
12,Monday,Cloudy,Concert,58
9,Sunday,Clear,Festival,76
11,Tuesday,Clear,Concert,56
6,Friday,Rain,Sports,60
14,Saturday,Rain,NoEvent,68
10,Friday,Rain,Festival,55
19,Tuesday,Cloudy,Festival,80
13,Friday,Cloudy,Concert,57
12,Friday,Clear,NoEvent,51
17,Monday,Clear,NoEvent,75
23,Monday,Rain,Festival,42
1,Wednesday,Cloudy,Sports,64
14,Wednesday,Clear,Festival,64
20,Wednesday,Clear,NoEvent,89
3,Saturday,Clear,NoEvent,71
9,Thursday,Clear,Sports,63
18,Tuesday,Cloudy,Sports,76
19,Saturday,Cloudy,Festival,100
10,Friday,Cloudy,Festival,65
12,Saturday,Clear,Sports,80
1,Monday,Clear,NoEvent,64
10,Saturday,Rain,Sports,75
6,Saturday,Clear,Concert,86
16,Sunday,Cloudy,NoEvent,72
22,Saturday,Rain,Sports,71
7,Tuesday,Rain,Festival,52
7,Tuesday,Rain,Festival,42
16,Tuesday,Clear,Sports,64
14,Saturday,Rain,Concert,60
5,Saturday,Clear,NoEvent,86
15,Wednesday,Clear,Festival,53
13,Wednesday,Clear,Concert,51
2,Wednesday,Clear,Concert,66
18,Thursday,Clear,Sports,70
17,Tuesday,Clear,Festival,70
15,Saturday,Cloudy,Sports,89
20,Sunday,Rain,NoEvent,86
12,Monday,Clear,Concert,62
22,Tuesday,Rain,NoEvent,53
0,Friday,Rain,Concert,57
5,Friday,Cloudy,Concert,59
4,Friday,Cloudy,NoEvent,65
12,Tuesday,Rain,NoEvent,41
19,Wednesday,Clear,Sports,79
12,Friday,Rain,Concert,44
19,Friday,Clear,Sports,88
3,Sunday,Rain,Sports,80
21,Thursday,Rain,Concert,76
21,Monday,Rain,Festival,76
16,Thursday,Clear,Concert,52
23,Thursday,Cloudy,Concert,57
5,Tuesday,Cloudy,NoEvent,63
8,Wednesday,Clear,Concert,56
23,Thursday,Clear,Sports,50
13,Saturday,Rain,NoEvent,72
3,Wednesday,Clear,Sports,64
17,Sunday,Cloudy,NoEvent,100
15,Wednesday,Clear,Concert,50
4,Wednesday,Cloudy,Sports,62
22,Tuesday,Rain,Concert,51
4,Friday,Clear,Concert,62
10,Saturday,Clear,Festival,73
17,Thursday,Cloudy,Concert,90
4,Saturday,Rain,Sports,62
9,Sunday,Clear,Sports,81
11,Sunday,Rain,NoEvent,71
2,Thursday,Rain,Festival,51
1,Sunday,Rain,NoEvent,61
12,Friday,Rain,Festival,52
0,Monday,Cloudy,NoEvent,58
6,Saturday,Clear,NoEvent,85
3,Sunday,Rain,NoEvent,78
18,Monday,Cloudy,Sports,76
20,Friday,Cloudy,NoEvent,71
20,Tuesday,Cloudy,NoEvent,80
11,Saturday,Rain,Concert,76
1,Sunday,Rain,Festival,73
9,Monday,Clear,NoEvent,69
20,Wednesday,Cloudy,Sports,70
19,Monday,Clear,Concert,85
21,Sunday,Cloudy,Sports,100
18,Monday,Rain,Sports,78
7,Friday,Clear,Sports,51
7,Monday,Clear,NoEvent,52
11,Saturday,Cloudy,Sports,81
4,Friday,Clear,Sports,59
8,Saturday,Cloudy,Festival,72
5,Sunday,Cloudy,Concert,73
2,Saturday,Cloudy,Concert,86
21,Thursday,Rain,Sports,75
23,Tuesday,Clear,Sports,55
3,Friday,Rain,NoEvent,47
19,Saturday,Rain,Sports,94
0,Saturday,Rain,Concert,71
6,Thursday,Clear,NoEvent,55
9,Sunday,Cloudy,NoEvent,85
9,Thursday,Cloudy,Sports,59
1,Friday,Clear,NoEvent,57
12,Friday,Clear,Concert,70
13,Wednesday,Clear,Festival,55
17,Tuesday,Clear,Festival,86
19,Wednesday,Cloudy,Concert,78
19,Tuesday,Clear,NoEvent,73
20,Wednesday,Rain,Sports,67
19,Thursday,Cloudy,NoEvent,76
0,Sunday,Clear,Festival,74
9,Friday,Cloudy,Festival,59
15,Friday,Clear,Festival,55
17,Saturday,Clear,Concert,95
19,Monday,Rain,Festival,78
23,Friday,Clear,NoEvent,70
0,Friday,Rain,Festival,59
13,Thursday,Rain,Festival,58
7,Thursday,Cloudy,Festival,59
13,Friday,Clear,Festival,67
7,Saturday,Cloudy,Concert,75
1,Sunday,Cloudy,Festival,71
13,Thursday,Clear,Sports,52
13,Tuesday,Clear,Festival,61
22,Thursday,Cloudy,NoEvent,51
21,Wednesday,Rain,Festival,80
16,Thursday,Rain,Festival,44
23,Sunday,Rain,NoEvent,74
16,Friday,Rain,Concert,54
7,Tuesday,Cloudy,Festival,50
8,Friday,Cloudy,Festival,59
20,Monday,Cloudy,Festival,75
22,Friday,Cloudy,Concert,52
13,Monday,Clear,Festival,66
8,Friday,Rain,Sports,54
17,Sunday,Cloudy,Sports,100
6,Saturday,Cloudy,Sports,84
2,Friday,Cloudy,Concert,68
11,Wednesday,Cloudy,Festival,61
22,Saturday,Clear,Sports,77
19,Friday,Rain,NoEvent,64
5,Tuesday,Cloudy,Festival,56
2,Monday,Clear,Sports,58
0,Sunday,Clear,NoEvent,84
12,Saturday,Cloudy,Festival,75
14,Friday,Cloudy,NoEvent,51
3,Tuesday,Rain,NoEvent,51
12,Thursday,Cloudy,Sports,56
19,Sunday,Rain,Concert,87
14,Tuesday,Clear,NoEvent,58
16,Wednesday,Clear,Sports,51
9,Thursday,Clear,Concert,64
12,Friday,Rain,Festival,48
19,Tuesday,Clear,Sports,84
11,Thursday,Cloudy,Festival,59
12,Saturday,Cloudy,Concert,76
8,Saturday,Clear,Sports,85
6,Wednesday,Clear,Festival,67
3,Thursday,Clear,Festival,56
12,Tuesday,Cloudy,Concert,53
15,Thursday,Clear,Festival,54
17,Friday,Rain,Sports,63
19,Thursday,Rain,NoEvent,62
17,Saturday,Rain,NoEvent,89
3,Wednesday,Clear,Concert,56
17,Monday,Rain,NoEvent,62
6,Saturday,Rain,Concert,74
10,Sunday,Rain,Concert,69
4,Sunday,Clear,Sports,74
8,Thursday,Cloudy,Sports,60
3,Wednesday,Rain,Festival,54
19,Tuesday,Rain,Concert,75
1,Wednesday,Cloudy,Concert,58
13,Tuesday,Clear,NoEvent,58
19,Wednesday,Clear,Festival,71
1,Monday,Rain,NoEvent,60
20,Wednesday,Clear,Concert,78
13,Tuesday,Cloudy,Festival,55
12,Tuesday,Clear,Concert,54
15,Sunday,Clear,Festival,87
21,Tuesday,Cloudy,Festival,83
23,Monday,Clear,NoEvent,61
21,Monday,Cloudy,Sports,90
8,Saturday,Rain,Sports,61
0,Friday,Cloudy,Sports,54
6,Sunday,Rain,Concert,77
2,Wednesday,Rain,Festival,45
7,Monday,Rain,Festival,51
17,Monday,Cloudy,Festival,85
0,Wednesday,Clear,Festival,57
8,Monday,Rain,Festival,44
15,Monday,Cloudy,Concert,54
10,Sunday,Rain,Sports,71
3,Thursday,Cloudy,Concert,56
14,Sunday,Cloudy,Sports,85
11,Sunday,Cloudy,Festival,73
7,Saturday,Rain,Concert,73
19,Sunday,Clear,NoEvent,100
5,Friday,Rain,Sports,47
22,Thursday,Rain,Sports,40
5,Saturday,Clear,Festival,82
17,Friday,Rain,NoEvent,63
6,Tuesday,Cloudy,Sports,58
7,Tuesday,Rain,Concert,55
13,Tuesday,Clear,Concert,62
6,Thursday,Rain,NoEvent,59
15,Tuesday,Clear,NoEvent,64
10,Thursday,Cloudy,NoEvent,56
22,Wednesday,Rain,Concert,52
23,Wednesday,Rain,Festival,59
4,Wednesday,Cloudy,Festival,65
9,Monday,Rain,Festival,59
18,Monday,Cloudy,Festival,77
21,Tuesday,Cloudy,Festival,73
18,Thursday,Clear,NoEvent,88
0,Monday,Cloudy,Concert,64
11,Friday,Cloudy,NoEvent,62
23,Monday,Rain,Sports,57
18,Sunday,Cloudy,Sports,100
6,Friday,Rain,Concert,57
12,Sunday,Clear,Concert,71
17,Tuesday,Cloudy,Sports,81
13,Wednesday,Cloudy,Concert,55
15,Wednesday,Clear,Concert,53
13,Tuesday,Rain,Festival,41
10,Wednesday,Rain,Sports,42
10,Wednesday,Rain,Sports,41
1,Thursday,Rain,NoEvent,45
23,Saturday,Cloudy,NoEvent,85
18,Monday,Clear,Sports,87
14,Tuesday,Cloudy,Sports,69
21,Tuesday,Cloudy,Sports,80
22,Friday,Clear,NoEvent,66
9,Monday,Cloudy,Sports,62
4,Thursday,Clear,Festival,52
22,Sunday,Clear,NoEvent,77
15,Thursday,Cloudy,Concert,59
19,Friday,Clear,Sports,74
22,Thursday,Rain,Sports,44
20,Saturday,Cloudy,Concert,100
5,Thursday,Cloudy,Festival,51
19,Thursday,Rain,Sports,65
10,Thursday,Clear,Festival,51
23,Sunday,Clear,Festival,71
22,Thursday,Clear,Concert,58
16,Wednesday,Clear,Sports,52
18,Sunday,Cloudy,Festival,100
21,Wednesday,Cloudy,Sports,88
23,Tuesday,Rain,Festival,41
10,Sunday,Cloudy,Concert,77
19,Thursday,Clear,Festival,90
1,Thursday,Clear,NoEvent,52
5,Thursday,Rain,Concert,51
17,Sunday,Clear,Festival,94
13,Monday,Cloudy,Festival,64
18,Saturday,Rain,NoEvent,88
10,Wednesday,Rain,NoEvent,48
2,Saturday,Clear,NoEvent,86
1,Monday,Rain,Sports,45
9,Thursday,Clear,Concert,50
14,Thursday,Cloudy,Festival,70
12,Thursday,Clear,Sports,70
23,Wednesday,Clear,Festival,68
22,Monday,Clear,Concert,63
15,Wednesday,Rain,NoEvent,45
7,Sunday,Rain,NoEvent,79
6,Thursday,Rain,NoEvent,40
21,Friday,Rain,Concert,75
2,Saturday,Cloudy,Concert,79
17,Wednesday,Cloudy,NoEvent,70
11,Sunday,Cloudy,Concert,86
2,Wednesday,Cloudy,Festival,68
19,Wednesday,Rain,Sports,62
14,Wednesday,Cloudy,NoEvent,64
19,Tuesday,Rain,NoEvent,74
15,Friday,Rain,NoEvent,48
7,Monday,Rain,Festival,46
13,Saturday,Clear,Sports,72
2,Wednesday,Cloudy,Concert,62
19,Tuesday,Rain,Concert,75
17,Friday,Rain,Festival,68
17,Thursday,Clear,NoEvent,84
10,Thursday,Rain,NoEvent,54
20,Thursday,Cloudy,Festival,76
4,Saturday,Rain,NoEvent,77
19,Monday,Clear,NoEvent,84
23,Wednesday,Clear,Festival,53
1,Monday,Cloudy,Sports,53
11,Monday,Clear,Festival,60
13,Saturday,Clear,Festival,90
23,Monday,Rain,Sports,50
4,Sunday,Clear,NoEvent,82
6,Saturday,Cloudy,NoEvent,76
23,Sunday,Clear,Sports,88
5,Monday,Clear,Sports,70
18,Sunday,Clear,Festival,100
15,Tuesday,Cloudy,Sports,65
6,Friday,Clear,Concert,50
19,Friday,Clear,Sports,72
10,Friday,Clear,Sports,59
2,Monday,Cloudy,NoEvent,53
15,Wednesday,Clear,Sports,68
5,Wednesday,Rain,NoEvent,40
5,Tuesday,Rain,NoEvent,59
12,Sunday,Clear,Concert,82
5,Sunday,Rain,NoEvent,75
0,Wednesday,Rain,Sports,47
5,Thursday,Clear,NoEvent,66
4,Thursday,Rain,NoEvent,53
13,Saturday,Clear,NoEvent,76
23,Saturday,Clear,NoEvent,73
16,Monday,Clear,Concert,56
13,Tuesday,Cloudy,Festival,60
14,Wednesday,Clear,Sports,56
11,Sunday,Clear,Sports,87
7,Tuesday,Rain,Festival,45
18,Friday,Rain,Festival,62
15,Wednesday,Clear,NoEvent,50
10,Monday,Clear,Concert,54
9,Tuesday,Clear,Festival,53
10,Monday,Cloudy,NoEvent,65
15,Tuesday,Cloudy,Sports,58
9,Tuesday,Clear,Sports,51
13,Thursday,Rain,Sports,42
12,Monday,Rain,Festival,41
20,Sunday,Rain,NoEvent,85
15,Monday,Clear,NoEvent,59
12,Monday,Clear,Sports,59
22,Friday,Cloudy,Sports,64
13,Tuesday,Cloudy,Sports,69
13,Tuesday,Clear,Sports,59
14,Saturday,Cloudy,Festival,87
12,Saturday,Clear,Sports,88
18,Tuesday,Cloudy,NoEvent,77
19,Saturday,Clear,NoEvent,100
1,Saturday,Rain,Festival,70
16,Wednesday,Clear,Sports,68
3,Tuesday,Cloudy,Festival,53
15,Thursday,Rain,NoEvent,45
15,Wednesday,Clear,Festival,66
14,Monday,Clear,NoEvent,57
21,Wednesday,Rain,Sports,76
3,Sunday,Cloudy,NoEvent,88
10,Saturday,Cloudy,Festival,81
19,Sunday,Clear,Sports,100
15,Wednesday,Cloudy,Concert,51
6,Saturday,Clear,Concert,82
3,Tuesday,Rain,Festival,60
13,Saturday,Cloudy,Festival,84
11,Thursday,Clear,Sports,55
19,Monday,Cloudy,Sports,74
0,Monday,Clear,Concert,52
5,Tuesday,Cloudy,Sports,59
18,Monday,Cloudy,NoEvent,87
1,Thursday,Clear,Concert,54
11,Sunday,Cloudy,Festival,75
16,Tuesday,Rain,NoEvent,47
5,Sunday,Clear,Concert,74
16,Friday,Cloudy,NoEvent,53
15,Friday,Clear,Festival,70
7,Monday,Cloudy,NoEvent,54
2,Wednesday,Clear,Concert,69
8,Tuesday,Clear,Festival,50
4,Saturday,Cloudy,Festival,73
8,Monday,Rain,Concert,40
11,Tuesday,Clear,NoEvent,62
16,Monday,Cloudy,Concert,61
14,Sunday,Cloudy,Festival,84
16,Monday,Cloudy,Festival,56
7,Sunday,Clear,Festival,87
20,Sunday,Cloudy,NoEvent,100
12,Sunday,Rain,Festival,75
15,Tuesday,Cloudy,NoEvent,65
8,Thursday,Rain,Sports,47
5,Saturday,Clear,Sports,78
0,Saturday,Clear,NoEvent,77
18,Wednesday,Clear,Festival,78
8,Wednesday,Rain,Sports,44
13,Monday,Cloudy,Concert,60
8,Friday,Clear,Sports,58
22,Sunday,Rain,Sports,74
6,Wednesday,Cloudy,NoEvent,65
9,Thursday,Rain,Festival,60
0,Friday,Cloudy,Concert,58
7,Saturday,Cloudy,Sports,70
8,Tuesday,Cloudy,Festival,55
10,Sunday,Cloudy,Sports,86
15,Tuesday,Cloudy,Festival,56
13,Tuesday,Rain,NoEvent,46
22,Wednesday,Cloudy,Sports,69
21,Tuesday,Rain,NoEvent,64
9,Wednesday,Rain,Concert,53
13,Friday,Rain,Concert,47
17,Friday,Cloudy,Concert,86
20,Thursday,Rain,Festival,74
19,Monday,Rain,Sports,75
23,Sunday,Cloudy,Festival,75
6,Saturday,Rain,Sports,65
22,Sunday,Rain,Sports,61
5,Sunday,Clear,Sports,88
1,Saturday,Rain,Festival,77
17,Wednesday,Rain,Festival,66
12,Thursday,Clear,NoEvent,59
3,Thursday,Clear,NoEvent,66
13,Thursday,Cloudy,NoEvent,61
9,Saturday,Rain,Festival,62
5,Monday,Rain,Concert,40
6,Sunday,Rain,NoEvent,76
23,Sunday,Clear,Festival,71
9,Tuesday,Cloudy,Festival,62
10,Thursday,Cloudy,Sports,60
1,Sunday,Rain,Concert,61
12,Wednesday,Rain,Concert,53
6,Sunday,Cloudy,NoEvent,86
8,Thursday,Cloudy,NoEvent,59
16,Wednesday,Cloudy,Sports,66
6,Monday,Cloudy,Concert,51
2,Wednesday,Clear,Festival,69
20,Tuesday,Rain,Sports,65
12,Friday,Cloudy,Festival,58
5,Saturday,Cloudy,NoEvent,83
9,Wednesday,Rain,Concert,59
16,Monday,Cloudy,NoEvent,58
1,Tuesday,Cloudy,Festival,61
11,Friday,Clear,Sports,67
19,Thursday,Clear,NoEvent,86
9,Saturday,Rain,Festival,68
20,Tuesday,Clear,Concert,83
3,Monday,Clear,Concert,53
21,Wednesday,Clear,NoEvent,80
2,Sunday,Cloudy,NoEvent,70
11,Saturday,Rain,Festival,74
0,Sunday,Rain,Festival,79
10,Wednesday,Cloudy,Festival,67
23,Tuesday,Rain,Festival,55
7,Wednesday,Rain,NoEvent,44
6,Sunday,Clear,Sports,84
1,Tuesday,Cloudy,Festival,67
7,Tuesday,Rain,Festival,41
20,Monday,Cloudy,Festival,87
18,Sunday,Rain,Sports,98
2,Friday,Clear,Sports,65
18,Wednesday,Cloudy,Festival,90
13,Wednesday,Cloudy,Sports,60
19,Monday,Rain,Festival,69
0,Friday,Cloudy,Festival,50
13,Tuesday,Clear,Festival,67
0,Thursday,Clear,Festival,57
6,Tuesday,Cloudy,Festival,64
2,Sunday,Cloudy,Festival,84
4,Thursday,Cloudy,NoEvent,52
14,Friday,Cloudy,NoEvent,59
13,Thursday,Clear,Festival,52
20,Friday,Cloudy,NoEvent,90
16,Tuesday,Cloudy,NoEvent,67
1,Wednesday,Cloudy,Festival,55
14,Monday,Cloudy,Sports,53
12,Monday,Clear,NoEvent,68
15,Monday,Cloudy,NoEvent,51
16,Sunday,Cloudy,Concert,88
21,Monday,Rain,NoEvent,72
11,Friday,Clear,NoEvent,62
10,Saturday,Clear,NoEvent,79
3,Thursday,Clear,Festival,52
17,Monday,Clear,NoEvent,85
20,Tuesday,Rain,Concert,78
10,Thursday,Rain,Festival,44
11,Thursday,Rain,Festival,52
1,Wednesday,Clear,NoEvent,53
15,Friday,Cloudy,NoEvent,60
19,Tuesday,Cloudy,Sports,79
22,Wednesday,Clear,Sports,50
23,Saturday,Clear,Concert,71
7,Friday,Rain,Concert,40
1,Saturday,Clear,Sports,77
23,Saturday,Clear,Sports,74
9,Wednesday,Clear,NoEvent,57
12,Monday,Cloudy,Sports,50
11,Saturday,Rain,Festival,63
12,Saturday,Cloudy,NoEvent,84
3,Tuesday,Rain,Concert,55
11,Saturday,Rain,Concert,73
13,Sunday,Rain,Festival,66
16,Sunday,Clear,Sports,82
12,Wednesday,Clear,Festival,68
15,Friday,Cloudy,Concert,55
16,Wednesday,Clear,Concert,70
8,Friday,Rain,Sports,53
21,Friday,Cloudy,Sports,78
5,Friday,Rain,Concert,55
20,Friday,Rain,Concert,63
14,Sunday,Rain,Festival,65
3,Monday,Clear,Sports,50
16,Sunday,Rain,Sports,67
9,Monday,Rain,Festival,52
16,Saturday,Cloudy,Concert,79
13,Wednesday,Cloudy,Concert,65
22,Friday,Clear,Festival,70
14,Wednesday,Cloudy,NoEvent,67
16,Sunday,Cloudy,Sports,88
1,Saturday,Cloudy,NoEvent,74
8,Sunday,Clear,Concert,87
4,Saturday,Cloudy,NoEvent,87
2,Wednesday,Rain,Festival,57
17,Thursday,Clear,Concert,90
16,Wednesday,Rain,Sports,60
5,Sunday,Clear,NoEvent,85
22,Friday,Clear,Concert,50
21,Sunday,Clear,NoEvent,100
1,Thursday,Clear,NoEvent,59
14,Sunday,Clear,Concert,73
15,Wednesday,Clear,Concert,56
6,Tuesday,Clear,NoEvent,53
5,Friday,Clear,Concert,50
2,Wednesday,Rain,Festival,59
7,Tuesday,Clear,NoEvent,54
8,Wednesday,Cloudy,Concert,66
7,Wednesday,Clear,NoEvent,63
1,Friday,Clear,Festival,69
0,Saturday,Rain,Sports,69
10,Wednesday,Cloudy,Concert,67
16,Thursday,Cloudy,NoEvent,64
12,Tuesday,Rain,NoEvent,45
18,Wednesday,Cloudy,Festival,71
11,Monday,Cloudy,NoEvent,59
11,Wednesday,Clear,Sports,61
8,Sunday,Cloudy,NoEvent,78
3,Saturday,Cloudy,Concert,80
5,Thursday,Clear,NoEvent,60
1,Wednesday,Clear,Sports,58
22,Thursday,Rain,NoEvent,53
23,Thursday,Cloudy,NoEvent,67
15,Saturday,Clear,Concert,75
20,Sunday,Rain,Festival,99
14,Wednesday,Cloudy,Sports,54
7,Wednesday,Rain,Sports,51
23,Monday,Cloudy,Festival,62
18,Monday,Rain,NoEvent,66
14,Thursday,Cloudy,Festival,51
20,Saturday,Cloudy,Festival,93
20,Wednesday,Rain,Festival,80
12,Saturday,Clear,Concert,81
14,Friday,Clear,Sports,62
17,Friday,Rain,Sports,65
7,Friday,Rain,Concert,44
0,Wednesday,Cloudy,Concert,68
21,Wednesday,Cloudy,NoEvent,85
16,Tuesday,Rain,Concert,42
23,Thursday,Rain,Sports,53
7,Wednesday,Clear,Festival,50
5,Thursday,Clear,Sports,58
14,Wednesday,Clear,Sports,66
4,Monday,Rain,Concert,41
12,Monday,Cloudy,Concert,65
18,Friday,Clear,Festival,73
3,Friday,Cloudy,Festival,52
1,Monday,Cloudy,Sports,66
6,Sunday,Clear,Concert,78
5,Tuesday,Cloudy,Sports,69
16,Monday,Clear,NoEvent,70
6,Thursday,Rain,Concert,56
17,Sunday,Rain,Concert,87
8,Tuesday,Clear,NoEvent,55
15,Wednesday,Clear,NoEvent,65
0,Saturday,Cloudy,Festival,76
1,Tuesday,Clear,NoEvent,68
16,Friday,Rain,Concert,53
20,Tuesday,Clear,Sports,81
20,Tuesday,Rain,Concert,69
9,Tuesday,Cloudy,Concert,62
8,Sunday,Rain,Concert,61
9,Thursday,Clear,Concert,57
15,Saturday,Rain,Festival,63
1,Saturday,Clear,Festival,79
15,Sunday,Cloudy,NoEvent,72
13,Friday,Rain,Sports,57
18,Friday,Clear,Concert,84
23,Wednesday,Clear,Concert,54
21,Thursday,Rain,Festival,67
19,Thursday,Clear,Festival,70
9,Tuesday,Clear,Sports,68
16,Monday,Rain,NoEvent,50
23,Friday,Clear,Festival,68
11,Friday,Cloudy,Concert,69
10,Thursday,Clear,Concert,57
19,Tuesday,Clear,Sports,89
12,Tuesday,Rain,Concert,40
23,Wednesday,Cloudy,Sports,53
22,Thursday,Cloudy,Festival,50
10,Sunday,Cloudy,Sports,90
1,Saturday,Rain,Sports,65
0,Thursday,Rain,NoEvent,58
9,Tuesday,Clear,Festival,68
14,Friday,Clear,NoEvent,64
9,Thursday,Clear,Festival,67
17,Wednesday,Rain,NoEvent,75
6,Monday,Cloudy,Concert,52
19,Sunday,Cloudy,NoEvent,100
9,Monday,Clear,Concert,63
4,Tuesday,Clear,Sports,51
18,Wednesday,Cloudy,Concert,75
1,Saturday,Clear,Concert,82
16,Saturday,Cloudy,NoEvent,81
18,Thursday,Rain,NoEvent,61
10,Wednesday,Cloudy,Concert,63
15,Monday,Clear,NoEvent,65
14,Tuesday,Rain,Concert,54
7,Saturday,Rain,Sports,76
13,Saturday,Rain,Sports,63
17,Saturday,Rain,Festival,99
14,Friday,Cloudy,NoEvent,65
15,Saturday,Clear,NoEvent,70
23,Wednesday,Cloudy,NoEvent,55
9,Friday,Clear,Sports,59
13,Sunday,Clear,Sports,75
19,Wednesday,Rain,Festival,61
12,Monday,Rain,Festival,40
3,Saturday,Clear,NoEvent,77
1,Tuesday,Rain,Concert,60
19,Friday,Clear,Sports,74
2,Sunday,Rain,NoEvent,64
12,Wednesday,Rain,NoEvent,42
5,Wednesday,Cloudy,Concert,54
16,Saturday,Cloudy,Concert,78
7,Tuesday,Rain,NoEvent,57
1,Saturday,Clear,Concert,78
17,Friday,Rain,NoEvent,74
12,Sunday,Clear,NoEvent,75
3,Tuesday,Clear,Concert,62
8,Sunday,Rain,Sports,75
19,Tuesday,Clear,Concert,70
0,Wednesday,Rain,Concert,45
8,Friday,Rain,NoEvent,43
15,Sunday,Cloudy,Sports,77
13,Saturday,Rain,NoEvent,64
16,Thursday,Rain,Concert,44
1,Friday,Clear,Concert,56
23,Friday,Rain,Concert,60
13,Tuesday,Cloudy,NoEvent,67
1,Sunday,Clear,Concert,84
9,Thursday,Rain,Concert,48
17,Saturday,Cloudy,Concert,96
6,Thursday,Clear,Festival,55
20,Friday,Rain,NoEvent,65
6,Tuesday,Clear,Sports,55
13,Monday,Clear,Concert,64
3,Monday,Rain,Concert,51
8,Friday,Clear,Sports,52
9,Monday,Rain,Festival,40
18,Sunday,Clear,Festival,97
18,Wednesday,Rain,Festival,71
16,Wednesday,Rain,NoEvent,42
5,Saturday,Rain,Festival,61
22,Thursday,Cloudy,NoEvent,63
5,Tuesday,Rain,Concert,47
1,Thursday,Cloudy,Sports,67
4,Sunday,Rain,Concert,66
4,Tuesday,Clear,Festival,64
2,Wednesday,Clear,Concert,64
6,Friday,Rain,Festival,50
7,Wednesday,Rain,NoEvent,45
1,Thursday,Cloudy,Sports,58
9,Tuesday,Clear,Sports,59
0,Thursday,Cloudy,Festival,69
17,Sunday,Rain,NoEvent,100
0,Wednesday,Rain,Sports,41
8,Monday,Clear,Sports,65
15,Sunday,Rain,NoEvent,66
11,Tuesday,Rain,Concert,54
15,Monday,Cloudy,Sports,53
18,Monday,Clear,Festival,82
20,Wednesday,Cloudy,Festival,90
11,Wednesday,Rain,NoEvent,43
18,Friday,Cloudy,Concert,80
3,Sunday,Rain,Concert,71
15,Friday,Cloudy,NoEvent,52
3,Thursday,Clear,Concert,50
19,Monday,Rain,Festival,76
6,Wednesday,Cloudy,Festival,57
23,Friday,Clear,NoEvent,59
18,Wednesday,Clear,Festival,79
17,Sunday,Rain,NoEvent,91
19,Monday,Rain,Concert,66
23,Monday,Rain,Sports,56
9,Friday,Clear,Festival,65
15,Tuesday,Clear,Sports,62
7,Tuesday,Clear,NoEvent,68
17,Monday,Cloudy,NoEvent,86
14,Monday,Rain,NoEvent,40
4,Tuesday,Cloudy,NoEvent,60
20,Wednesday,Rain,NoEvent,65
14,Saturday,Rain,Sports,71
3,Sunday,Cloudy,Sports,83
7,Sunday,Clear,NoEvent,73
5,Sunday,Clear,NoEvent,87
10,Wednesday,Clear,Sports,69
0,Tuesday,Rain,NoEvent,49
22,Monday,Rain,NoEvent,43
22,Saturday,Clear,Concert,82
9,Wednesday,Clear,Festival,68
2,Thursday,Clear,Festival,62
18,Friday,Clear,NoEvent,87
21,Sunday,Cloudy,NoEvent,100
5,Wednesday,Cloudy,Festival,64
0,Thursday,Cloudy,Sports,54
20,Saturday,Rain,Sports,96
19,Thursday,Clear,Festival,89
16,Thursday,Cloudy,Concert,51
16,Wednesday,Cloudy,Concert,52
1,Sunday,Clear,Concert,71
18,Friday,Rain,Concert,75
11,Tuesday,Rain,Sports,55
15,Tuesday,Clear,Concert,51
22,Tuesday,Cloudy,Festival,64
22,Sunday,Clear,Concert,79
8,Monday,Clear,Sports,69
20,Friday,Rain,Sports,65
14,Monday,Clear,Sports,58
11,Sunday,Clear,Concert,70
6,Wednesday,Cloudy,Festival,68
19,Tuesday,Clear,Concert,76
10,Tuesday,Rain,NoEvent,50
1,Friday,Clear,NoEvent,66
4,Saturday,Rain,Festival,76
4,Monday,Cloudy,Concert,55
21,Tuesday,Clear,Festival,74
21,Sunday,Clear,Concert,91
2,Thursday,Rain,Sports,60
6,Wednesday,Cloudy,Sports,62
20,Sunday,Clear,Sports,94
9,Wednesday,Clear,Festival,50
23,Friday,Rain,Sports,43
10,Sunday,Cloudy,NoEvent,83
3,Sunday,Rain,Festival,70
20,Saturday,Cloudy,Festival,100
19,Tuesday,Cloudy,NoEvent,89
10,Saturday,Rain,Festival,60
1,Monday,Cloudy,NoEvent,67
20,Saturday,Rain,Concert,97
7,Thursday,Cloudy,Festival,66
4,Friday,Clear,Sports,63
10,Sunday,Cloudy,Concert,75
22,Saturday,Cloudy,Festival,81
4,Tuesday,Clear,Sports,67
20,Wednesday,Cloudy,Festival,77
17,Wednesday,Rain,NoEvent,77
13,Tuesday,Cloudy,Festival,64
5,Monday,Rain,Concert,60
14,Monday,Clear,Concert,58
4,Tuesday,Clear,Festival,60
19,Wednesday,Cloudy,NoEvent,82
4,Saturday,Rain,Concert,62
0,Wednesday,Clear,NoEvent,59
4,Wednesday,Clear,Festival,61
13,Monday,Rain,Sports,49
0,Saturday,Rain,Sports,80
2,Thursday,Cloudy,NoEvent,60
23,Sunday,Cloudy,Concert,80
14,Sunday,Rain,Festival,63
9,Saturday,Clear,Sports,88
6,Friday,Cloudy,Festival,59
6,Thursday,Cloudy,Festival,60
13,Thursday,Clear,Concert,69
4,Friday,Cloudy,Festival,55
4,Friday,Cloudy,Sports,56
18,Friday,Rain,Sports,74
21,Friday,Cloudy,Sports,85
23,Monday,Cloudy,NoEvent,56
8,Sunday,Cloudy,Festival,83
11,Tuesday,Cloudy,Sports,55
1,Sunday,Cloudy,Concert,89
23,Sunday,Cloudy,Sports,73
17,Tuesday,Cloudy,Sports,88
3,Monday,Clear,NoEvent,62
8,Sunday,Rain,Concert,61
10,Saturday,Cloudy,Festival,85
15,Friday,Rain,Festival,46
17,Sunday,Clear,Sports,99
11,Monday,Rain,Festival,59
15,Thursday,Cloudy,Sports,53
1,Wednesday,Rain,Festival,47
8,Wednesday,Cloudy,Festival,66
18,Saturday,Cloudy,Festival,100
9,Sunday,Rain,Sports,72
4,Wednesday,Cloudy,Concert,67
11,Friday,Clear,Sports,67
23,Friday,Rain,Sports,50
9,Tuesday,Cloudy,Concert,51
9,Tuesday,Rain,NoEvent,46
13,Friday,Rain,NoEvent,47
19,Wednesday,Rain,Concert,73
11,Friday,Clear,Sports,59
14,Sunday,Clear,Festival,89
1,Monday,Clear,Sports,55
14,Saturday,Clear,NoEvent,87
13,Monday,Rain,Festival,40
11,Monday,Clear,Concert,55
16,Monday,Rain,Sports,50
16,Tuesday,Clear,Concert,64
4,Thursday,Rain,NoEvent,47
14,Sunday,Clear,Festival,72
22,Thursday,Rain,Sports,53
4,Thursday,Clear,NoEvent,55
7,Sunday,Cloudy,Festival,76
7,Sunday,Clear,Sports,73
17,Tuesday,Rain,Sports,67
5,Sunday,Cloudy,Concert,70
21,Sunday,Rain,Festival,83
3,Tuesday,Clear,NoEvent,64
9,Wednesday,Rain,Sports,42
0,Friday,Cloudy,Sports,62
10,Thursday,Cloudy,Festival,65
21,Tuesday,Rain,Festival,72
15,Saturday,Rain,NoEvent,66
1,Saturday,Clear,Festival,78
8,Sunday,Cloudy,Concert,79
18,Friday,Clear,NoEvent,85
7,Friday,Cloudy,Sports,56
23,Tuesday,Rain,Concert,53
10,Sunday,Rain,NoEvent,63
10,Wednesday,Cloudy,Festival,51
20,Sunday,Clear,Festival,100
12,Thursday,Rain,Festival,51
5,Friday,Clear,NoEvent,66
19,Friday,Clear,Festival,86
21,Saturday,Cloudy,Sports,92
12,Monday,Clear,Concert,54
14,Friday,Cloudy,Concert,69
8,Thursday,Clear,Concert,67
16,Thursday,Cloudy,Concert,62
22,Monday,Clear,NoEvent,57
2,Tuesday,Clear,Festival,65
23,Tuesday,Rain,Concert,60
22,Tuesday,Clear,Festival,66
17,Wednesday,Cloudy,NoEvent,74
11,Thursday,Rain,NoEvent,47
19,Saturday,Rain,NoEvent,99
7,Thursday,Rain,Concert,59
14,Tuesday,Cloudy,Festival,58
16,Wednesday,Clear,Sports,59
4,Monday,Clear,Sports,53
3,Thursday,Rain,Sports,51
6,Sunday,Cloudy,Festival,83
12,Wednesday,Rain,NoEvent,55
10,Tuesday,Clear,Festival,56
19,Friday,Clear,Festival,85
14,Sunday,Rain,Sports,62
10,Tuesday,Cloudy,Festival,68
22,Friday,Rain,Concert,58
17,Thursday,Clear,NoEvent,74
7,Monday,Rain,NoEvent,48
21,Thursday,Cloudy,Concert,82
20,Thursday,Rain,Concert,70
18,Friday,Cloudy,Sports,82
8,Wednesday,Rain,Sports,51
3,Friday,Rain,Concert,47
4,Saturday,Cloudy,Concert,88
4,Thursday,Cloudy,Festival,56
5,Sunday,Rain,Festival,63
19,Sunday,Rain,Concert,94
20,Saturday,Cloudy,Festival,98
13,Tuesday,Clear,Concert,69
23,Sunday,Clear,Festival,84
8,Thursday,Clear,Sports,61
13,Wednesday,Clear,Festival,57
9,Monday,Rain,NoEvent,41
15,Tuesday,Cloudy,Concert,59
12,Saturday,Cloudy,Concert,71
2,Thursday,Clear,Sports,66
20,Thursday,Rain,Sports,73
10,Sunday,Rain,Festival,66
18,Wednesday,Cloudy,Concert,71
1,Tuesday,Clear,NoEvent,60
21,Wednesday,Cloudy,Sports,85
22,Sunday,Cloudy,Concert,83
19,Friday,Cloudy,Sports,75
11,Thursday,Clear,Concert,62
6,Monday,Clear,Concert,68
12,Wednesday,Cloudy,Sports,60
0,Saturday,Rain,Festival,71
13,Saturday,Clear,Sports,86
21,Saturday,Clear,Concert,100
20,Saturday,Rain,Concert,90
3,Thursday,Clear,NoEvent,59
15,Monday,Clear,Sports,58
12,Sunday,Cloudy,NoEvent,83
10,Tuesday,Cloudy,NoEvent,63
6,Monday,Clear,Concert,70
2,Wednesday,Cloudy,Concert,66
12,Sunday,Rain,Sports,79
8,Tuesday,Clear,Festival,61
12,Friday,Cloudy,Festival,62
21,Saturday,Rain,Festival,97
2,Saturday,Rain,Sports,70
15,Friday,Rain,NoEvent,54
18,Thursday,Cloudy,Concert,71
2,Saturday,Clear,Festival,72
17,Thursday,Clear,Concert,80
8,Wednesday,Clear,Concert,52
0,Monday,Clear,Festival,53
5,Tuesday,Cloudy,Concert,67
11,Friday,Cloudy,NoEvent,67
8,Tuesday,Clear,Concert,66
22,Sunday,Rain,NoEvent,80
23,Wednesday,Clear,NoEvent,55
23,Wednesday,Clear,Sports,54
0,Friday,Cloudy,Sports,60
11,Thursday,Clear,NoEvent,50
9,Monday,Cloudy,Festival,65
22,Friday,Rain,Festival,47
0,Wednesday,Clear,Concert,68
23,Tuesday,Clear,Festival,52
18,Wednesday,Cloudy,Concert,74
6,Thursday,Rain,Concert,57
14,Sunday,Rain,NoEvent,80
6,Monday,Rain,Festival,42
19,Monday,Cloudy,Concert,79
6,Saturday,Rain,Concert,80
9,Sunday,Rain,NoEvent,71
7,Saturday,Clear,Sports,77
0,Wednesday,Clear,Festival,53
16,Saturday,Rain,Festival,72
0,Sunday,Rain,Concert,60
0,Monday,Cloudy,Sports,56
17,Thursday,Cloudy,NoEvent,82
0,Wednesday,Clear,Sports,66
12,Saturday,Rain,NoEvent,73
14,Friday,Clear,Festival,58
5,Saturday,Clear,Festival,80
1,Tuesday,Cloudy,Concert,58
10,Friday,Cloudy,Sports,58
16,Tuesday,Cloudy,Festival,67
7,Thursday,Cloudy,Sports,60
2,Sunday,Clear,Festival,73
2,Monday,Clear,Festival,51
9,Sunday,Rain,Concert,79
16,Friday,Clear,Sports,52
22,Saturday,Clear,Festival,87
16,Saturday,Clear,Concert,87
1,Tuesday,Cloudy,Festival,58
18,Thursday,Rain,Sports,79
12,Sunday,Cloudy,Festival,76
13,Sunday,Rain,Sports,65
19,Sunday,Cloudy,Sports,100
4,Friday,Rain,Festival,58
9,Monday,Rain,Sports,43
22,Saturday,Rain,NoEvent,60
23,Thursday,Clear,Festival,54
17,Thursday,Clear,Concert,75
15,Tuesday,Rain,Sports,44
8,Wednesday,Clear,Concert,59
4,Sunday,Rain,Sports,61
15,Saturday,Clear,NoEvent,85
21,Saturday,Cloudy,NoEvent,95
12,Saturday,Clear,NoEvent,89
23,Monday,Clear,Festival,54
14,Friday,Clear,Concert,63
7,Sunday,Rain,NoEvent,64
22,Saturday,Cloudy,NoEvent,71
11,Sunday,Cloudy,NoEvent,70
21,Saturday,Cloudy,NoEvent,91
7,Tuesday,Rain,Concert,54
13,Tuesday,Clear,NoEvent,52
9,Saturday,Rain,Festival,60
0,Monday,Rain,Sports,57
11,Wednesday,Clear,NoEvent,64
5,Friday,Clear,Concert,65
22,Tuesday,Cloudy,Sports,61
11,Friday,Rain,Sports,59
12,Thursday,Cloudy,Concert,64
16,Sunday,Cloudy,Festival,89
1,Thursday,Clear,Concert,68
5,Sunday,Cloudy,Sports,72
17,Saturday,Clear,Concert,100
17,Sunday,Rain,Concert,86
7,Thursday,Cloudy,Festival,56
13,Friday,Clear,Festival,54
13,Friday,Cloudy,Sports,66
7,Sunday,Clear,NoEvent,80
10,Saturday,Rain,NoEvent,78
17,Wednesday,Clear,NoEvent,73
16,Tuesday,Rain,NoEvent,46
12,Wednesday,Cloudy,Sports,60
21,Wednesday,Rain,Festival,78
9,Wednesday,Clear,Sports,56
10,Wednesday,Rain,Concert,47
13,Sunday,Clear,Festival,71
11,Friday,Rain,Concert,55
7,Monday,Clear,NoEvent,66
7,Wednesday,Rain,Sports,60
0,Sunday,Rain,Concert,80
13,Wednesday,Clear,Concert,54
10,Tuesday,Rain,Concert,49
18,Monday,Clear,NoEvent,81
5,Monday,Clear,NoEvent,54
14,Sunday,Cloudy,Concert,83
0,Saturday,Rain,Festival,70
9,Saturday,Rain,Festival,74
11,Sunday,Rain,NoEvent,73
2,Friday,Clear,NoEvent,69
16,Monday,Rain,Concert,46
12,Friday,Cloudy,Festival,69
15,Wednesday,Clear,Sports,50
6,Friday,Clear,Sports,51
5,Monday,Rain,Sports,55
14,Sunday,Clear,Sports,71
13,Thursday,Clear,Sports,57
2,Thursday,Rain,NoEvent,56
18,Saturday,Rain,Sports,98
2,Monday,Clear,Sports,63
22,Sunday,Cloudy,Concert,75
9,Thursday,Rain,Concert,40
3,Sunday,Cloudy,Sports,70
23,Sunday,Cloudy,Concert,88
8,Thursday,Clear,Concert,70
7,Monday,Clear,Festival,60
19,Friday,Cloudy,Concert,71
15,Wednesday,Rain,NoEvent,49
11,Saturday,Rain,Sports,78
17,Sunday,Cloudy,Sports,100
15,Sunday,Rain,Concert,61
11,Monday,Clear,Sports,55
15,Friday,Rain,Concert,58
8,Wednesday,Cloudy,NoEvent,69
8,Thursday,Clear,Sports,57
20,Saturday,Cloudy,Festival,100
22,Tuesday,Rain,NoEvent,58
3,Sunday,Cloudy,Festival,82
5,Sunday,Clear,Sports,87
11,Friday,Rain,Festival,55
2,Friday,Cloudy,NoEvent,67
7,Tuesday,Clear,Concert,69
15,Thursday,Cloudy,Concert,68
3,Friday,Clear,Concert,65
5,Monday,Rain,Sports,51
14,Saturday,Rain,Festival,63
9,Thursday,Cloudy,NoEvent,50
16,Saturday,Rain,Concert,68
20,Saturday,Clear,Concert,100
19,Saturday,Clear,Sports,100
6,Sunday,Clear,Festival,81
12,Wednesday,Rain,Sports,47
12,Thursday,Cloudy,Sports,60
4,Sunday,Rain,Festival,68
23,Wednesday,Clear,Concert,66
17,Tuesday,Cloudy,Sports,71
22,Thursday,Cloudy,Sports,67
14,Friday,Clear,Festival,59
8,Saturday,Cloudy,Festival,73
0,Sunday,Clear,Concert,72
19,Saturday,Cloudy,NoEvent,100
6,Tuesday,Cloudy,Sports,60
1,Tuesday,Clear,Concert,56
17,Thursday,Cloudy,Concert,86
11,Monday,Rain,Sports,58
5,Monday,Clear,Sports,68
1,Friday,Rain,Concert,42
19,Sunday,Rain,Sports,93
20,Wednesday,Clear,NoEvent,85
14,Thursday,Rain,Festival,40
19,Sunday,Cloudy,NoEvent,100
2,Saturday,Cloudy,Concert,70
17,Thursday,Clear,NoEvent,81
0,Wednesday,Rain,NoEvent,51
8,Wednesday,Rain,Sports,50
17,Wednesday,Clear,Sports,85
18,Thursday,Cloudy,NoEvent,79
4,Monday,Cloudy,Festival,63
7,Wednesday,Rain,Sports,57
11,Tuesday,Clear,NoEvent,55
0,Tuesday,Rain,Sports,56
7,Tuesday,Cloudy,Concert,60
5,Tuesday,Cloudy,NoEvent,56
8,Thursday,Rain,Sports,44
18,Monday,Cloudy,NoEvent,70
21,Friday,Cloudy,Sports,88
9,Saturday,Clear,Sports,77
15,Monday,Rain,Sports,58
20,Tuesday,Rain,Festival,74
10,Wednesday,Clear,NoEvent,69
7,Monday,Cloudy,NoEvent,51
19,Wednesday,Rain,Concert,65
2,Sunday,Cloudy,Concert,88
16,Tuesday,Cloudy,Concert,53
2,Saturday,Clear,NoEvent,77
8,Friday,Clear,Concert,70
2,Monday,Cloudy,Festival,67
9,Wednesday,Clear,Festival,56
8,Saturday,Rain,Festival,80
12,Wednesday,Rain,NoEvent,48
12,Thursday,Clear,Festival,58
19,Sunday,Cloudy,Festival,93
8,Wednesday,Rain,NoEvent,47
19,Monday,Clear,NoEvent,75
10,Saturday,Cloudy,Concert,76
19,Tuesday,Rain,NoEvent,76
5,Friday,Rain,Sports,41
21,Wednesday,Cloudy,NoEvent,86
10,Tuesday,Clear,NoEvent,59
3,Saturday,Cloudy,Festival,81
14,Thursday,Rain,Festival,40
15,Saturday,Clear,NoEvent,81
12,Thursday,Cloudy,Festival,61
0,Saturday,Clear,NoEvent,72
5,Friday,Clear,Sports,58
3,Monday,Rain,Concert,55
14,Saturday,Rain,NoEvent,67
12,Friday,Cloudy,Concert,50
5,Tuesday,Rain,Concert,41
2,Tuesday,Clear,Sports,63
19,Monday,Clear,Festival,84
13,Wednesday,Clear,Festival,57
22,Tuesday,Rain,Sports,53
23,Tuesday,Clear,NoEvent,50
19,Monday,Cloudy,Concert,76
20,Friday,Clear,Concert,90
8,Thursday,Cloudy,Festival,62
18,Thursday,Clear,NoEvent,84
13,Tuesday,Clear,NoEvent,70
5,Saturday,Rain,Concert,71
9,Saturday,Clear,Concert,75
8,Saturday,Cloudy,Festival,77
2,Wednesday,Clear,Festival,61
6,Thursday,Cloudy,Festival,65
1,Friday,Cloudy,NoEvent,51
20,Wednesday,Rain,Festival,72
16,Tuesday,Clear,Festival,66
1,Wednesday,Rain,Sports,58
14,Thursday,Clear,Sports,55
13,Sunday,Cloudy,Festival,75
21,Sunday,Clear,Sports,100
11,Wednesday,Rain,Concert,57
3,Thursday,Rain,Sports,58
12,Tuesday,Clear,Festival,66
15,Monday,Clear,Sports,50
14,Sunday,Cloudy,NoEvent,86
7,Wednesday,Rain,Festival,57
16,Tuesday,Cloudy,Sports,57
5,Friday,Clear,Festival,61
13,Saturday,Clear,NoEvent,72
0,Saturday,Clear,Concert,88
9,Wednesday,Rain,Festival,50
12,Tuesday,Cloudy,Concert,51
5,Saturday,Clear,Concert,88
15,Thursday,Cloudy,Concert,60
4,Thursday,Cloudy,NoEvent,68
1,Saturday,Clear,Festival,74
14,Sunday,Clear,Concert,84
6,Monday,Rain,Sports,49
1,Tuesday,Rain,Sports,60
0,Friday,Cloudy,Sports,51
13,Thursday,Cloudy,NoEvent,65
11,Saturday,Rain,Sports,66
13,Saturday,Cloudy,Festival,89
8,Friday,Cloudy,Festival,68
15,Wednesday,Cloudy,Concert,67
11,Saturday,Rain,Festival,65
15,Monday,Rain,Festival,47
7,Tuesday,Rain,Sports,53
15,Saturday,Cloudy,Festival,72
14,Wednesday,Rain,Concert,52
9,Tuesday,Cloudy,Sports,50
13,Saturday,Rain,NoEvent,60
1,Friday,Cloudy,Festival,57
4,Saturday,Rain,Sports,78
11,Monday,Rain,Sports,57
10,Thursday,Rain,NoEvent,52
6,Sunday,Rain,Festival,68
4,Wednesday,Clear,NoEvent,67
8,Sunday,Clear,NoEvent,86
0,Friday,Cloudy,Concert,64
0,Sunday,Rain,Concert,63
2,Thursday,Rain,Sports,59
6,Tuesday,Rain,Concert,51
3,Sunday,Clear,Concert,81
15,Monday,Rain,Sports,56
1,Thursday,Cloudy,NoEvent,50
9,Saturday,Clear,Sports,84
4,Friday,Cloudy,NoEvent,57
14,Sunday,Cloudy,Festival,80
22,Thursday,Clear,Festival,59
1,Friday,Clear,Sports,63
21,Friday,Cloudy,Festival,81
0,Wednesday,Clear,Sports,57
15,Saturday,Cloudy,NoEvent,79
10,Wednesday,Clear,Festival,69
21,Sunday,Clear,Concert,100
15,Wednesday,Rain,Festival,60
16,Sunday,Cloudy,Festival,70
1,Thursday,Rain,Concert,59
20,Monday,Cloudy,NoEvent,87
4,Saturday,Clear,Festival,73
6,Wednesday,Rain,Concert,41
10,Monday,Rain,Sports,53
10,Saturday,Cloudy,Festival,79
21,Friday,Rain,Festival,66
12,Wednesday,Rain,Sports,58
11,Sunday,Clear,Sports,76
3,Friday,Cloudy,Sports,50
10,Friday,Clear,Sports,64
15,Thursday,Clear,Concert,51
4,Tuesday,Clear,Concert,57
4,Thursday,Rain,Festival,40
23,Thursday,Cloudy,NoEvent,70
8,Thursday,Clear,Sports,65
23,Tuesday,Clear,Concert,57
2,Tuesday,Cloudy,NoEvent,67
19,Wednesday,Clear,Sports,90
6,Friday,Cloudy,Concert,70
3,Tuesday,Cloudy,Concert,70
11,Friday,Rain,Festival,59
3,Tuesday,Rain,Concert,40
3,Saturday,Clear,Festival,79
21,Friday,Rain,Festival,61
5,Thursday,Rain,Sports,49
21,Sunday,Clear,NoEvent,100
14,Tuesday,Rain,Sports,50
20,Saturday,Cloudy,Concert,93
4,Friday,Cloudy,Concert,64
6,Thursday,Clear,Concert,50
1,Monday,Cloudy,Sports,53
11,Saturday,Cloudy,Festival,89
13,Monday,Rain,Concert,58
20,Saturday,Clear,NoEvent,100
4,Monday,Clear,NoEvent,59
19,Sunday,Cloudy,Concert,93
15,Friday,Cloudy,Festival,62
9,Wednesday,Cloudy,Sports,52
16,Monday,Rain,Sports,48
18,Saturday,Clear,Concert,92
18,Saturday,Cloudy,NoEvent,97
12,Friday,Rain,Concert,57
19,Saturday,Rain,Concert,80
5,Monday,Cloudy,Festival,68
20,Thursday,Clear,Sports,82
13,Tuesday,Rain,Festival,46
3,Sunday,Rain,Festival,75
15,Friday,Clear,Concert,70
1,Thursday,Rain,NoEvent,56
9,Monday,Rain,Festival,55
18,Saturday,Clear,Sports,92
15,Wednesday,Rain,Concert,46
18,Wednesday,Cloudy,Concert,85
20,Thursday,Cloudy,Concert,79
14,Monday,Cloudy,Sports,62
10,Wednesday,Cloudy,Sports,50
4,Monday,Rain,Festival,49
21,Thursday,Clear,Concert,88
18,Monday,Rain,Festival,66
18,Tuesday,Cloudy,Concert,73
21,Thursday,Clear,Festival,80
1,Sunday,Rain,NoEvent,79
6,Wednesday,Rain,Concert,57
5,Tuesday,Clear,Festival,58
16,Tuesday,Cloudy,Sports,63
9,Tuesday,Cloudy,Sports,64
15,Thursday,Rain,Festival,48
20,Monday,Clear,Sports,86
1,Wednesday,Cloudy,Festival,67
9,Saturday,Cloudy,Festival,83
3,Friday,Cloudy,Festival,57
2,Friday,Cloudy,Festival,58
8,Sunday,Clear,Concert,72
17,Wednesday,Clear,Sports,71
0,Monday,Clear,NoEvent,58
2,Thursday,Rain,NoEvent,41
18,Wednesday,Cloudy,Sports,81
15,Tuesday,Clear,NoEvent,52
11,Monday,Rain,NoEvent,55
17,Friday,Clear,Concert,89
6,Tuesday,Clear,Concert,56
21,Sunday,Rain,Festival,97
16,Wednesday,Rain,Sports,55
12,Friday,Cloudy,NoEvent,70
0,Friday,Rain,NoEvent,51
18,Tuesday,Clear,Concert,73
21,Friday,Rain,Concert,79
13,Monday,Rain,Sports,47
12,Thursday,Clear,NoEvent,59
12,Thursday,Rain,Festival,50
7,Saturday,Rain,Concert,76
5,Thursday,Cloudy,Festival,66
2,Thursday,Rain,NoEvent,48
17,Saturday,Cloudy,NoEvent,93
20,Monday,Cloudy,Festival,84
9,Saturday,Clear,Festival,73
11,Monday,Clear,Festival,67
8,Monday,Cloudy,Festival,70
17,Monday,Clear,Festival,82
12,Thursday,Rain,Festival,42
9,Tuesday,Cloudy,Festival,59
8,Saturday,Clear,Concert,79
22,Tuesday,Cloudy,Festival,56
22,Wednesday,Cloudy,NoEvent,67
2,Tuesday,Rain,Festival,57
19,Wednesday,Rain,Festival,61
16,Wednesday,Cloudy,NoEvent,56
22,Friday,Clear,NoEvent,54
21,Sunday,Rain,Festival,93
2,Tuesday,Rain,NoEvent,43
8,Thursday,Clear,Sports,66
13,Monday,Cloudy,Sports,53
10,Thursday,Rain,Concert,53
3,Monday,Rain,NoEvent,46
19,Sunday,Clear,NoEvent,100
8,Saturday,Clear,Sports,74
22,Tuesday,Clear,Concert,52
6,Thursday,Clear,Concert,52
5,Sunday,Cloudy,NoEvent,79
8,Wednesday,Rain,Concert,53
2,Thursday,Clear,NoEvent,60
19,Friday,Cloudy,NoEvent,78
13,Tuesday,Clear,Concert,67
23,Tuesday,Rain,NoEvent,43
13,Wednesday,Rain,Concert,42
9,Wednesday,Cloudy,Sports,52
20,Sunday,Cloudy,Concert,100
1,Wednesday,Cloudy,Sports,50
3,Friday,Cloudy,Festival,69
23,Saturday,Rain,Concert,62
16,Tuesday,Rain,NoEvent,41
3,Saturday,Clear,Concert,73
13,Friday,Cloudy,Festival,65
15,Tuesday,Clear,Sports,62
17,Friday,Clear,Sports,75
22,Thursday,Clear,Concert,55
3,Sunday,Clear,Sports,83
9,Friday,Cloudy,NoEvent,68
19,Sunday,Cloudy,Festival,95
13,Thursday,Cloudy,Concert,58
19,Wednesday,Cloudy,Sports,75
9,Monday,Cloudy,Festival,55
2,Wednesday,Clear,Sports,55
11,Saturday,Cloudy,Concert,77
2,Wednesday,Clear,Festival,66
5,Sunday,Rain,Concert,66
9,Wednesday,Rain,Festival,59
21,Saturday,Cloudy,NoEvent,96
15,Thursday,Rain,Sports,54
13,Wednesday,Rain,Festival,47
12,Tuesday,Clear,Festival,62
6,Wednesday,Cloudy,Concert,60
18,Sunday,Clear,Concert,99
16,Thursday,Clear,Festival,58
6,Saturday,Rain,Concert,70
15,Tuesday,Rain,Festival,55
1,Saturday,Rain,NoEvent,76
10,Tuesday,Clear,Concert,70
15,Tuesday,Cloudy,Concert,68
11,Wednesday,Rain,NoEvent,60
7,Sunday,Cloudy,Festival,87
4,Saturday,Rain,Sports,70
0,Thursday,Cloudy,Festival,63
5,Tuesday,Cloudy,Festival,64
21,Sunday,Clear,Sports,100
8,Sunday,Cloudy,Sports,82
10,Thursday,Clear,Festival,51
3,Tuesday,Clear,Sports,56
0,Saturday,Clear,NoEvent,79
11,Tuesday,Cloudy,NoEvent,59
2,Tuesday,Clear,Concert,69
10,Saturday,Rain,Festival,68
20,Sunday,Rain,Concert,89
6,Thursday,Rain,Festival,42
21,Wednesday,Clear,Sports,86
10,Sunday,Clear,NoEvent,84
22,Saturday,Rain,NoEvent,73
7,Monday,Rain,Sports,59
18,Thursday,Cloudy,Concert,89
15,Thursday,Cloudy,Sports,61
4,Monday,Rain,Festival,56
16,Wednesday,Rain,Festival,48
2,Thursday,Clear,Concert,65
20,Thursday,Clear,Sports,79
8,Friday,Cloudy,Concert,63
8,Wednesday,Clear,Festival,53
1,Saturday,Clear,Sports,78
16,Saturday,Cloudy,Sports,86
7,Tuesday,Cloudy,NoEvent,64
11,Tuesday,Rain,NoEvent,49
4,Monday,Cloudy,Concert,65
14,Monday,Cloudy,NoEvent,62
6,Monday,Clear,Festival,53
20,Friday,Rain,Sports,68
10,Sunday,Rain,NoEvent,79
21,Tuesday,Clear,NoEvent,76
20,Saturday,Rain,Festival,84
9,Thursday,Cloudy,NoEvent,50
9,Monday,Cloudy,Sports,65
16,Friday,Rain,Concert,53
22,Sunday,Cloudy,Concert,76
11,Saturday,Clear,Concert,79
6,Sunday,Cloudy,NoEvent,89
22,Friday,Clear,Festival,69
5,Monday,Rain,Concert,54
1,Monday,Clear,NoEvent,52
13,Tuesday,Cloudy,Sports,65
0,Wednesday,Cloudy,Sports,55
5,Tuesday,Cloudy,Festival,51
9,Monday,Cloudy,Concert,62
19,Thursday,Rain,Festival,68
1,Friday,Clear,NoEvent,52
12,Monday,Rain,Sports,45
19,Sunday,Clear,Concert,97
16,Friday,Rain,Concert,47
5,Monday,Clear,Sports,50
19,Tuesday,Rain,Festival,60
12,Monday,Rain,NoEvent,40
16,Wednesday,Clear,NoEvent,52
0,Saturday,Clear,Concert,89
1,Saturday,Rain,Concert,62
18,Sunday,Rain,Sports,81
7,Saturday,Clear,Sports,79
10,Monday,Rain,Concert,43
6,Friday,Cloudy,Sports,53
22,Wednesday,Cloudy,NoEvent,52
12,Friday,Clear,Sports,57
6,Saturday,Cloudy,NoEvent,88
0,Thursday,Rain,Concert,49
9,Sunday,Cloudy,Sports,88
23,Saturday,Clear,NoEvent,73
21,Wednesday,Clear,NoEvent,90
11,Thursday,Rain,Sports,57
14,Monday,Clear,Festival,63
3,Thursday,Rain,Sports,52
18,Thursday,Cloudy,Sports,82
3,Friday,Rain,Sports,40
12,Thursday,Cloudy,NoEvent,62
11,Friday,Clear,Festival,60
18,Wednesday,Cloudy,Sports,76
1,Friday,Clear,Sports,68
14,Monday,Rain,NoEvent,47
16,Saturday,Rain,Concert,66
7,Wednesday,Clear,NoEvent,64
21,Sunday,Cloudy,Concert,100
2,Saturday,Rain,Festival,74
20,Sunday,Clear,Sports,100
13,Wednesday,Rain,Concert,49
6,Tuesday,Clear,Concert,66
7,Tuesday,Rain,NoEvent,40
13,Tuesday,Cloudy,NoEvent,61
3,Saturday,Rain,NoEvent,72
17,Saturday,Cloudy,NoEvent,100
2,Sunday,Rain,Concert,63
23,Wednesday,Clear,Concert,65
13,Saturday,Cloudy,Sports,80
0,Thursday,Clear,NoEvent,54
9,Sunday,Rain,Festival,61
11,Thursday,Cloudy,Festival,53
22,Friday,Rain,NoEvent,58
22,Saturday,Cloudy,Sports,70
3,Thursday,Clear,NoEvent,50
7,Friday,Rain,Festival,49
5,Sunday,Clear,Concert,74
13,Tuesday,Rain,Festival,58
3,Monday,Clear,Sports,65
16,Friday,Rain,Festival,59
14,Monday,Clear,Concert,52
2,Wednesday,Cloudy,Festival,61
2,Saturday,Rain,Sports,66
7,Tuesday,Rain,Festival,44
7,Monday,Rain,Concert,46
13,Wednesday,Clear,NoEvent,68
15,Saturday,Clear,NoEvent,81
22,Tuesday,Rain,NoEvent,50
18,Thursday,Cloudy,Concert,82
9,Monday,Clear,Concert,57
5,Sunday,Clear,Festival,77
2,Friday,Rain,Sports,55
0,Monday,Cloudy,Sports,55
20,Friday,Cloudy,Festival,82
12,Friday,Rain,Sports,54
0,Friday,Clear,NoEvent,58
23,Thursday,Rain,Sports,59
1,Monday,Rain,Festival,51
17,Sunday,Rain,NoEvent,82
9,Sunday,Rain,Festival,66
2,Tuesday,Cloudy,NoEvent,66
6,Sunday,Clear,NoEvent,77
19,Thursday,Clear,NoEvent,89
14,Thursday,Clear,Sports,62
18,Wednesday,Clear,Festival,70
8,Sunday,Cloudy,NoEvent,86
12,Saturday,Rain,Concert,63
12,Tuesday,Clear,Festival,68
18,Saturday,Clear,NoEvent,100
3,Monday,Rain,Sports,49
5,Tuesday,Clear,Festival,50
5,Tuesday,Rain,Festival,48
6,Monday,Rain,NoEvent,40
15,Friday,Clear,Concert,57
2,Sunday,Rain,Festival,63
6,Sunday,Rain,Concert,67
15,Wednesday,Rain,Concert,50
11,Friday,Clear,NoEvent,58
18,Sunday,Clear,NoEvent,100
17,Monday,Rain,Concert,63
8,Friday,Rain,NoEvent,42
7,Friday,Cloudy,Concert,61
21,Thursday,Rain,Concert,78
20,Friday,Cloudy,Concert,80
20,Tuesday,Rain,Festival,73
8,Sunday,Cloudy,Concert,76
19,Sunday,Cloudy,Festival,97
9,Sunday,Cloudy,Sports,85
7,Thursday,Rain,NoEvent,49
2,Monday,Rain,Concert,42
12,Tuesday,Cloudy,Sports,64
21,Tuesday,Rain,Sports,73
15,Saturday,Clear,Sports,81
16,Wednesday,Cloudy,Festival,65
17,Saturday,Clear,NoEvent,93
14,Monday,Rain,Festival,52
18,Friday,Rain,Sports,70
4,Thursday,Clear,NoEvent,53
0,Wednesday,Cloudy,Festival,61
1,Friday,Cloudy,NoEvent,57
8,Monday,Rain,Festival,41
12,Saturday,Rain,Concert,72
20,Monday,Clear,Sports,82
8,Wednesday,Clear,Concert,55
6,Sunday,Clear,NoEvent,75
9,Wednesday,Clear,NoEvent,56
1,Friday,Clear,Concert,57
11,Thursday,Cloudy,NoEvent,70
8,Saturday,Cloudy,Concert,73
6,Thursday,Clear,Sports,61
9,Sunday,Clear,Sports,79
6,Friday,Clear,Concert,69
13,Wednesday,Cloudy,Festival,69
0,Wednesday,Rain,NoEvent,58
6,Sunday,Cloudy,NoEvent,74
3,Tuesday,Clear,Concert,60
8,Thursday,Clear,NoEvent,61
18,Sunday,Cloudy,Concert,90
4,Saturday,Cloudy,NoEvent,70
4,Sunday,Clear,NoEvent,84
22,Wednesday,Cloudy,Sports,54
7,Friday,Rain,Festival,46
5,Wednesday,Clear,Concert,51
15,Friday,Cloudy,NoEvent,58
6,Tuesday,Cloudy,Sports,53
20,Wednesday,Cloudy,NoEvent,83
13,Friday,Rain,Sports,56
19,Wednesday,Cloudy,NoEvent,70
23,Monday,Rain,Concert,45
23,Wednesday,Cloudy,Festival,66
12,Friday,Rain,NoEvent,59
6,Saturday,Clear,NoEvent,72
11,Monday,Cloudy,Sports,60
9,Saturday,Clear,Concert,89
3,Friday,Rain,NoEvent,51
7,Thursday,Rain,NoEvent,46
2,Thursday,Rain,Concert,42
7,Sunday,Rain,Festival,66
2,Wednesday,Clear,Sports,56
7,Sunday,Cloudy,Concert,70
6,Monday,Cloudy,Concert,52
3,Friday,Cloudy,Concert,68
15,Friday,Cloudy,Concert,50
10,Friday,Cloudy,Sports,70
0,Wednesday,Clear,NoEvent,53
5,Monday,Cloudy,Concert,54
8,Friday,Rain,Festival,44
18,Friday,Cloudy,Concert,73
14,Friday,Cloudy,Concert,69
22,Saturday,Cloudy,Sports,76
15,Thursday,Clear,Concert,56
23,Sunday,Clear,Festival,75
19,Saturday,Rain,NoEvent,85
12,Wednesday,Rain,Sports,54
22,Wednesday,Cloudy,Concert,60
22,Friday,Rain,Festival,50
12,Wednesday,Clear,Sports,65
23,Saturday,Cloudy,Sports,89
18,Friday,Clear,NoEvent,90
2,Friday,Clear,NoEvent,61
10,Friday,Clear,Festival,65
10,Saturday,Rain,Sports,67
0,Sunday,Rain,NoEvent,77
2,Monday,Clear,NoEvent,67
8,Sunday,Clear,Festival,81
22,Monday,Clear,Festival,65
6,Friday,Cloudy,Sports,53
22,Monday,Clear,Festival,51
18,Tuesday,Cloudy,NoEvent,88
4,Thursday,Clear,NoEvent,56
17,Monday,Cloudy,Concert,83
23,Tuesday,Clear,Concert,50
21,Wednesday,Clear,Concert,73
11,Wednesday,Rain,Concert,49
22,Saturday,Rain,Concert,64
5,Saturday,Rain,Festival,60
20,Sunday,Cloudy,Concert,97
0,Thursday,Cloudy,Festival,64
15,Tuesday,Rain,Concert,41
5,Saturday,Rain,Concert,77
6,Thursday,Clear,Sports,64
3,Friday,Rain,Sports,40
21,Monday,Rain,NoEvent,73
16,Sunday,Rain,Concert,65
6,Monday,Clear,Sports,52
14,Sunday,Clear,NoEvent,88
19,Wednesday,Rain,Festival,78
20,Friday,Rain,Concert,75
17,Tuesday,Rain,NoEvent,80
4,Friday,Clear,NoEvent,56
12,Friday,Clear,NoEvent,59
15,Wednesday,Clear,Festival,70
19,Tuesday,Rain,Sports,61
15,Friday,Rain,Concert,57
15,Friday,Cloudy,Festival,53
9,Friday,Rain,Concert,53
11,Friday,Cloudy,Festival,70
14,Thursday,Cloudy,Sports,64
16,Friday,Cloudy,Concert,50
10,Sunday,Cloudy,Festival,85
1,Tuesday,Clear,NoEvent,62
8,Wednesday,Cloudy,Sports,55
8,Wednesday,Rain,Festival,42
23,Wednesday,Clear,Sports,66
0,Tuesday,Rain,Concert,54
6,Saturday,Rain,NoEvent,70
2,Wednesday,Clear,Concert,50
13,Saturday,Rain,Sports,68
6,Friday,Rain,NoEvent,59
18,Saturday,Clear,Sports,100
22,Friday,Cloudy,Sports,55
8,Monday,Rain,NoEvent,58
11,Thursday,Clear,Festival,63
20,Saturday,Cloudy,Festival,100
22,Wednesday,Clear,Concert,66
9,Tuesday,Cloudy,Concert,67
1,Wednesday,Clear,Festival,56
2,Thursday,Clear,Concert,50
1,Thursday,Rain,NoEvent,53
4,Sunday,Clear,Sports,81
20,Sunday,Cloudy,NoEvent,100
18,Tuesday,Cloudy,NoEvent,84
7,Sunday,Clear,Festival,81
0,Friday,Clear,NoEvent,52
19,Wednesday,Clear,Sports,76
14,Friday,Clear,Festival,62
11,Sunday,Rain,Festival,70
9,Wednesday,Clear,Concert,60
9,Friday,Clear,Sports,62
6,Thursday,Rain,NoEvent,45
8,Thursday,Rain,NoEvent,54
3,Saturday,Cloudy,Sports,88
8,Monday,Clear,Sports,54
5,Wednesday,Clear,NoEvent,52
18,Sunday,Clear,Concert,100
23,Saturday,Rain,Sports,76
7,Sunday,Clear,NoEvent,70
0,Saturday,Rain,Concert,68
6,Tuesday,Cloudy,Sports,54
6,Saturday,Clear,Festival,83
7,Saturday,Rain,Festival,61
20,Friday,Rain,Concert,69
17,Saturday,Cloudy,Festival,100
18,Friday,Clear,Concert,85
21,Friday,Cloudy,NoEvent,79
23,Saturday,Clear,Sports,74
18,Thursday,Clear,Festival,87
22,Tuesday,Rain,Sports,53
20,Sunday,Rain,Festival,94
19,Tuesday,Cloudy,Sports,78
2,Thursday,Cloudy,Sports,69
15,Monday,Rain,Festival,41
5,Tuesday,Cloudy,Sports,69
16,Sunday,Rain,Sports,62
18,Thursday,Cloudy,Concert,86
13,Tuesday,Rain,Sports,53
20,Tuesday,Rain,Concert,72
12,Wednesday,Rain,Festival,55
18,Sunday,Rain,Concert,90
20,Saturday,Cloudy,Concert,100
13,Monday,Clear,NoEvent,52
12,Thursday,Cloudy,Festival,55
2,Tuesday,Clear,Concert,51
21,Friday,Clear,Festival,80
12,Saturday,Clear,Sports,71
18,Thursday,Cloudy,Sports,90
1,Tuesday,Cloudy,Festival,65
10,Sunday,Clear,Concert,83
17,Sunday,Rain,Sports,87
1,Wednesday,Cloudy,Sports,70
6,Sunday,Clear,Festival,82
1,Thursday,Rain,Concert,44
23,Saturday,Cloudy,Sports,79
16,Thursday,Cloudy,Sports,56
7,Sunday,Rain,Festival,75
6,Friday,Cloudy,Sports,65
2,Saturday,Cloudy,Concert,85
2,Sunday,Cloudy,Festival,85
11,Monday,Cloudy,Sports,55
21,Monday,Cloudy,NoEvent,89
7,Sunday,Rain,Festival,62
9,Thursday,Rain,NoEvent,45
17,Thursday,Clear,NoEvent,76
1,Tuesday,Clear,Concert,60
18,Friday,Cloudy,Festival,83
3,Thursday,Rain,Concert,45
18,Monday,Clear,Concert,82
11,Saturday,Rain,Concert,62
17,Sunday,Rain,Festival,80
19,Friday,Clear,Concert,79
22,Friday,Cloudy,NoEvent,56
1,Monday,Rain,Sports,42
0,Wednesday,Cloudy,NoEvent,68
8,Monday,Clear,Sports,56
7,Friday,Rain,Festival,51
13,Tuesday,Rain,Sports,52
21,Saturday,Cloudy,NoEvent,91
21,Sunday,Rain,Concert,98
8,Thursday,Cloudy,NoEvent,67
8,Wednesday,Clear,Sports,52
3,Wednesday,Cloudy,NoEvent,70
8,Monday,Rain,Festival,60
11,Tuesday,Clear,Concert,54
13,Sunday,Clear,NoEvent,90
18,Saturday,Rain,Concert,91
13,Tuesday,Rain,Concert,56
13,Wednesday,Cloudy,Sports,53
18,Friday,Cloudy,NoEvent,75
1,Friday,Rain,Sports,46
14,Saturday,Cloudy,Sports,83
5,Friday,Cloudy,Concert,54
13,Monday,Clear,NoEvent,56
17,Thursday,Rain,NoEvent,60
12,Saturday,Clear,Festival,78
16,Wednesday,Rain,Concert,58
1,Monday,Cloudy,Festival,60
18,Friday,Clear,Festival,84
0,Sunday,Rain,Concert,69
8,Tuesday,Clear,Festival,57
22,Saturday,Rain,Sports,73
11,Wednesday,Rain,Sports,51
0,Saturday,Clear,NoEvent,78
23,Friday,Cloudy,Concert,50
6,Friday,Clear,Festival,51
3,Friday,Cloudy,Concert,65
22,Thursday,Cloudy,NoEvent,57
16,Wednesday,Clear,Sports,52
9,Wednesday,Rain,Concert,48
9,Saturday,Rain,Sports,77
4,Thursday,Rain,NoEvent,40
2,Thursday,Rain,Festival,49
17,Saturday,Cloudy,NoEvent,100
11,Sunday,Cloudy,NoEvent,77
2,Tuesday,Rain,NoEvent,57
3,Saturday,Cloudy,Concert,76
7,Friday,Cloudy,Concert,61
10,Tuesday,Cloudy,Sports,64
3,Tuesday,Cloudy,NoEvent,66
3,Thursday,Clear,NoEvent,67
7,Monday,Rain,Festival,50
7,Sunday,Cloudy,NoEvent,71
16,Saturday,Clear,Concert,90
18,Saturday,Clear,Concert,100
14,Wednesday,Clear,Festival,62
7,Saturday,Clear,Festival,89
1,Monday,Cloudy,Concert,69
17,Wednesday,Cloudy,Festival,75
5,Monday,Rain,Festival,54
16,Friday,Clear,Sports,51
7,Monday,Cloudy,Festival,53
9,Thursday,Clear,Sports,57
9,Sunday,Clear,Sports,82
8,Thursday,Cloudy,Festival,66
19,Wednesday,Clear,NoEvent,83
19,Saturday,Cloudy,Concert,95
9,Monday,Clear,Festival,60
11,Saturday,Cloudy,NoEvent,84
11,Tuesday,Clear,Festival,63
9,Thursday,Rain,Sports,56
6,Saturday,Cloudy,Festival,83
8,Sunday,Clear,NoEvent,89
4,Tuesday,Clear,Concert,68
2,Saturday,Clear,Sports,90
6,Wednesday,Clear,Festival,65
20,Saturday,Clear,Sports,100
1,Saturday,Clear,Festival,73
7,Saturday,Cloudy,Concert,70
20,Thursday,Rain,NoEvent,64
16,Saturday,Rain,Festival,60
4,Wednesday,Clear,Concert,50
4,Thursday,Clear,NoEvent,55
13,Thursday,Rain,Festival,52
14,Wednesday,Cloudy,NoEvent,50
3,Saturday,Rain,Sports,62
23,Friday,Rain,Concert,57
22,Friday,Cloudy,Festival,63
1,Sunday,Cloudy,Sports,76
11,Wednesday,Clear,NoEvent,50
11,Sunday,Clear,NoEvent,83
22,Wednesday,Clear,Festival,56
5,Wednesday,Rain,Sports,47
3,Thursday,Rain,Concert,60
21,Wednesday,Clear,NoEvent,74
12,Wednesday,Cloudy,NoEvent,55
14,Monday,Cloudy,NoEvent,62
6,Friday,Clear,Festival,50
17,Monday,Clear,Festival,89
22,Sunday,Rain,Sports,74
23,Monday,Clear,Concert,60
12,Thursday,Cloudy,Festival,60
6,Thursday,Clear,Sports,56
19,Wednesday,Clear,Festival,73
19,Monday,Cloudy,NoEvent,75
7,Thursday,Rain,NoEvent,57
9,Thursday,Clear,Festival,67
13,Thursday,Clear,Concert,70
0,Saturday,Cloudy,Festival,86
17,Tuesday,Cloudy,NoEvent,77
16,Saturday,Cloudy,NoEvent,83
0,Wednesday,Clear,Concert,67
12,Friday,Rain,NoEvent,43
6,Friday,Cloudy,NoEvent,68
20,Sunday,Clear,Concert,100
2,Friday,Rain,Sports,59
17,Thursday,Clear,Festival,76
9,Saturday,Cloudy,Festival,80
7,Tuesday,Rain,Concert,54
15,Friday,Cloudy,Festival,51
20,Thursday,Rain,Concert,62
16,Tuesday,Rain,Sports,45
2,Friday,Cloudy,Concert,55
3,Monday,Clear,Sports,69
2,Friday,Rain,Festival,50
17,Monday,Cloudy,Sports,81
19,Tuesday,Clear,Sports,84
7,Saturday,Clear,Sports,71
9,Thursday,Rain,Sports,42
23,Tuesday,Clear,Sports,59
16,Thursday,Cloudy,Concert,68
1,Friday,Clear,Concert,64
8,Thursday,Clear,Sports,70
8,Tuesday,Rain,Concert,43
22,Thursday,Cloudy,NoEvent,66
5,Friday,Clear,NoEvent,52
21,Friday,Cloudy,Festival,83
0,Sunday,Rain,Concert,63
23,Wednesday,Rain,Festival,44
13,Saturday,Rain,Concert,63
0,Thursday,Rain,Concert,56
16,Thursday,Rain,Concert,54
20,Sunday,Clear,Concert,100
19,Sunday,Cloudy,NoEvent,100
4,Saturday,Clear,NoEvent,82
17,Wednesday,Cloudy,Sports,77
3,Friday,Cloudy,Concert,68
9,Wednesday,Clear,Festival,56
10,Saturday,Cloudy,NoEvent,86
7,Tuesday,Clear,NoEvent,52
1,Wednesday,Clear,Concert,70
1,Friday,Clear,Concert,54
20,Monday,Rain,Festival,60
1,Thursday,Rain,Festival,52
19,Sunday,Clear,NoEvent,93
23,Saturday,Rain,NoEvent,62
19,Friday,Rain,Sports,65
17,Saturday,Cloudy,Concert,97
22,Wednesday,Clear,NoEvent,61
14,Thursday,Cloudy,NoEvent,65
15,Thursday,Clear,Concert,67
22,Friday,Cloudy,Concert,64
18,Wednesday,Clear,NoEvent,82
13,Thursday,Cloudy,NoEvent,52
7,Monday,Cloudy,NoEvent,53
20,Sunday,Rain,Sports,97
18,Friday,Clear,NoEvent,75
13,Sunday,Rain,Sports,79
1,Sunday,Rain,Sports,75
9,Friday,Cloudy,Concert,51
2,Friday,Rain,Festival,60
0,Monday,Clear,Sports,56
23,Saturday,Cloudy,Sports,89
3,Tuesday,Clear,Festival,68
0,Tuesday,Cloudy,Concert,55
9,Thursday,Cloudy,Festival,68
13,Sunday,Rain,NoEvent,60
11,Saturday,Rain,Sports,67
17,Wednesday,Cloudy,Sports,72
0,Thursday,Clear,Concert,61
13,Wednesday,Clear,Sports,57
19,Sunday,Cloudy,Festival,96
7,Tuesday,Rain,NoEvent,55
3,Tuesday,Cloudy,Festival,58
4,Tuesday,Clear,Concert,52
6,Saturday,Cloudy,Festival,70
14,Monday,Rain,Sports,49
23,Friday,Clear,NoEvent,53
5,Thursday,Cloudy,NoEvent,61
16,Wednesday,Clear,Festival,57
14,Tuesday,Cloudy,Festival,69
13,Saturday,Rain,NoEvent,61
8,Tuesday,Cloudy,Concert,61
20,Saturday,Clear,NoEvent,100
16,Wednesday,Cloudy,Concert,58
9,Sunday,Rain,NoEvent,64
14,Tuesday,Cloudy,NoEvent,55
22,Friday,Cloudy,Sports,52
3,Friday,Rain,NoEvent,45
14,Sunday,Cloudy,Festival,84
15,Friday,Rain,NoEvent,46
3,Friday,Cloudy,Sports,66
19,Friday,Rain,Concert,61
23,Wednesday,Clear,Sports,59
15,Tuesday,Clear,Sports,58
0,Thursday,Cloudy,Sports,63
4,Tuesday,Rain,NoEvent,58
21,Sunday,Rain,Sports,93
22,Wednesday,Cloudy,Festival,54
1,Monday,Rain,Festival,45
7,Thursday,Rain,Sports,53
22,Friday,Clear,Festival,69
22,Sunday,Clear,Concert,81
11,Saturday,Cloudy,NoEvent,73
0,Wednesday,Cloudy,Concert,62
9,Sunday,Clear,Sports,87
17,Monday,Clear,NoEvent,70
14,Wednesday,Rain,Concert,60
5,Saturday,Clear,NoEvent,86
7,Sunday,Clear,Festival,83
7,Saturday,Clear,Concert,71
22,Thursday,Rain,Concert,58
4,Saturday,Cloudy,Festival,70
21,Friday,Rain,Festival,65
11,Monday,Cloudy,Sports,61
16,Saturday,Clear,Festival,73
21,Thursday,Clear,Concert,89
21,Monday,Rain,Festival,78
2,Wednesday,Rain,NoEvent,46
5,Friday,Rain,Sports,57
19,Sunday,Clear,Sports,100
13,Wednesday,Clear,NoEvent,70
23,Sunday,Rain,NoEvent,80
7,Monday,Rain,Festival,40
20,Thursday,Rain,NoEvent,74
8,Monday,Clear,NoEvent,66
0,Sunday,Rain,Concert,73
18,Wednesday,Rain,Festival,76
18,Sunday,Clear,Concert,96
18,Tuesday,Cloudy,Concert,81
21,Friday,Rain,NoEvent,74
5,Tuesday,Rain,Festival,52
7,Thursday,Rain,NoEvent,52
8,Tuesday,Clear,Sports,54
2,Friday,Rain,Sports,59
9,Friday,Cloudy,NoEvent,51
18,Thursday,Rain,NoEvent,61
17,Friday,Cloudy,Concert,90
17,Thursday,Cloudy,Festival,73
10,Friday,Clear,Festival,54
21,Saturday,Cloudy,Sports,100
15,Thursday,Cloudy,Concert,62
9,Monday,Clear,Concert,56
6,Friday,Clear,Festival,55
8,Wednesday,Cloudy,Sports,64
0,Sunday,Cloudy,NoEvent,86
11,Saturday,Cloudy,Concert,70
2,Wednesday,Rain,Concert,59
16,Wednesday,Clear,NoEvent,64
10,Saturday,Clear,NoEvent,86
17,Saturday,Rain,Festival,80
13,Monday,Cloudy,Festival,56
12,Monday,Cloudy,Festival,67
18,Thursday,Cloudy,NoEvent,87
18,Friday,Cloudy,Festival,72
20,Tuesday,Clear,Concert,70
8,Sunday,Clear,Concert,80
23,Thursday,Rain,Concert,56
16,Wednesday,Clear,Sports,60
19,Saturday,Cloudy,Sports,95
23,Saturday,Rain,NoEvent,68
9,Saturday,Clear,Festival,71
14,Tuesday,Cloudy,Concert,67
